-0.157838, -0.015784, -0.000676, 0.013370, -0.014046, -0.056183, -0.001124, -0.000022
0.546851, 0.040480, 0.001733, 0.013370, -0.011637, -0.046550, -0.002055, -0.000064
1.582860, 0.194718, 0.008335, 0.013370, -0.005035, -0.020142, -0.002457, -0.000113
-0.312772, 0.143969, 0.006162, 0.013370, -0.007208, -0.028831, -0.003034, -0.000173
0.116573, 0.141229, 0.006045, 0.013370, -0.007325, -0.029300, -0.003620, -0.000246
-0.011622, 0.125944, 0.005391, 0.013370, -0.007979, -0.031917, -0.004258, -0.000331
0.219922, 0.135342, 0.005793, 0.013370, -0.007577, -0.030308, -0.004865, -0.000428
0.069590, 0.128767, 0.005512, 0.013370, -0.007858, -0.031434, -0.005493, -0.000538
-0.128728, 0.103017, 0.004410, 0.013370, -0.008961, -0.035842, -0.006210, -0.000662
0.081008, 0.100816, 0.004315, 0.013370, -0.009055, -0.036219, -0.006935, -0.000801
0.278301, 0.118565, 0.005075, 0.013370, -0.008295, -0.033180, -0.007598, -0.000953
0.197251, 0.126433, 0.005412, 0.013370, -0.007958, -0.031833, -0.008235, -0.001118
0.275679, 0.141358, 0.006051, 0.013370, -0.007319, -0.029278, -0.008820, -0.001294
0.322077, 0.159430, 0.006824, 0.013370, -0.006546, -0.026184, -0.009344, -0.001481
0.196455, 0.163132, 0.006983, 0.013370, -0.006387, -0.025550, -0.009855, -0.001678
0.034718, 0.150291, 0.006433, 0.013370, -0.006937, -0.027748, -0.010410, -0.001886
-0.069198, 0.128342, 0.005494, 0.013370, -0.007877, -0.031506, -0.011040, -0.002107
0.150261, 0.130534, 0.005587, 0.013370, -0.007783, -0.031131, -0.011663, -0.002340
0.080488, 0.125529, 0.005373, 0.013370, -0.007997, -0.031988, -0.012302, -0.002586
0.252049, 0.138181, 0.005915, 0.013370, -0.007455, -0.029822, -0.012899, -0.002844
0.276177, 0.151981, 0.006505, 0.013370, -0.006865, -0.027459, -0.013448, -0.003113
0.022978, 0.139081, 0.005953, 0.013370, -0.007417, -0.029668, -0.014041, -0.003394
0.322465, 0.157419, 0.006738, 0.013370, -0.006632, -0.026528, -0.014572, -0.003686
0.377391, 0.179416, 0.007680, 0.013370, -0.005690, -0.022762, -0.015027, -0.003986
0.148493, 0.176324, 0.007547, 0.013370, -0.005823, -0.023291, -0.015493, -0.004296
0.676229, 0.226314, 0.009687, 0.013370, -0.003683, -0.014732, -0.015788, -0.004612
0.345984, 0.238281, 0.010199, 0.013370, -0.003171, -0.012683, -0.016041, -0.004933
0.170998, 0.231553, 0.009911, 0.013370, -0.003459, -0.013835, -0.016318, -0.005259
-0.011425, 0.207255, 0.008871, 0.013370, -0.004499, -0.017995, -0.016678, -0.005592
0.161234, 0.202653, 0.008674, 0.013370, -0.004696, -0.018783, -0.017054, -0.005934
0.219878, 0.204376, 0.008748, 0.013370, -0.004622, -0.018488, -0.017423, -0.006282
0.092097, 0.193148, 0.008268, 0.013370, -0.005103, -0.020410, -0.017832, -0.006639
0.308098, 0.204643, 0.008760, 0.013370, -0.004611, -0.018442, -0.018200, -0.007003
0.067473, 0.190926, 0.008172, 0.013370, -0.005198, -0.020791, -0.018616, -0.007375
0.483399, 0.220173, 0.009424, 0.013370, -0.003946, -0.015783, -0.018932, -0.007754
0.768088, 0.274964, 0.011770, 0.013370, -0.001600, -0.006402, -0.019060, -0.008135
0.829647, 0.330433, 0.014144, 0.013370, 0.000774, 0.003095, -0.018998, -0.008515
1.076173, 0.405007, 0.017336, 0.013370, 0.003966, 0.015864, -0.018681, -0.008888
0.995848, 0.464091, 0.019865, 0.013370, 0.006495, 0.025980, -0.018161, -0.009252
0.639124, 0.481594, 0.020614, 0.013370, 0.007244, 0.028977, -0.017582, -0.009603
0.561494, 0.489584, 0.020956, 0.013370, 0.007586, 0.030345, -0.016975, -0.009943
0.400958, 0.480721, 0.020577, 0.013370, 0.007207, 0.028828, -0.016398, -0.010271
0.641383, 0.496788, 0.021264, 0.013370, 0.007895, 0.031579, -0.015767, -0.010586
1.447520, 0.591861, 0.025334, 0.013369, 0.011964, 0.047857, -0.014809, -0.010882
2.376227, 0.770297, 0.032971, 0.013369, 0.019602, 0.078408, -0.013241, -0.011147
4.281964, 1.121464, 0.048000, 0.013368, 0.034633, 0.138531, -0.010471, -0.011356
5.190321, 1.528350, 0.065412, 0.013365, 0.052047, 0.208186, -0.006307, -0.011483
6.800467, 2.055562, 0.087968, 0.013362, 0.074606, 0.298425, -0.000338, -0.011489
8.236673, 2.673673, 0.114403, 0.013356, 0.101047, 0.404189, 0.007745, -0.011334
8.819977, 3.288303, 0.140676, 0.013348, 0.127328, 0.509311, 0.017932, -0.010976
10.698922, 4.029365, 0.172332, 0.013337, 0.158994, 0.635978, 0.030651, -0.010363
12.805831, 4.907012, 0.209784, 0.013321, 0.196463, 0.785851, 0.046368, -0.009435
14.530052, 5.869316, 0.250792, 0.013300, 0.237492, 0.949968, 0.065368, -0.008128
15.261280, 6.808512, 0.290748, 0.013276, 0.277472, 1.109886, 0.087565, -0.006377
16.672497, 7.794910, 0.332627, 0.013247, 0.319380, 1.277520, 0.113116, -0.004114
19.132479, 8.928667, 0.380639, 0.013208, 0.367431, 1.469725, 0.142510, -0.001264
20.702957, 10.106096, 0.430344, 0.013163, 0.417181, 1.668724, 0.175885, 0.002253
21.164473, 11.211934, 0.476861, 0.013115, 0.463746, 1.854983, 0.212984, 0.006513
22.526773, 12.343418, 0.524273, 0.013061, 0.511212, 2.044846, 0.253881, 0.011591
23.197014, 13.428778, 0.569560, 0.013005, 0.556555, 2.226221, 0.298406, 0.017559
24.448837, 14.530784, 0.615333, 0.012943, 0.602390, 2.409560, 0.346597, 0.024491
25.941067, 15.671812, 0.662486, 0.012873, 0.649613, 2.598451, 0.398566, 0.032462
27.272333, 16.831863, 0.710156, 0.012797, 0.697359, 2.789434, 0.454355, 0.041549
28.474751, 17.996153, 0.757708, 0.012716, 0.744991, 2.979966, 0.513954, 0.051828
28.388752, 19.035412, 0.799889, 0.012639, 0.787250, 3.148999, 0.576934, 0.063367
28.053904, 19.937262, 0.836280, 0.012569, 0.823712, 3.294846, 0.642831, 0.076224
27.533075, 20.696842, 0.866771, 0.012507, 0.854263, 3.417053, 0.711172, 0.090447
28.479996, 21.475157, 0.897855, 0.012442, 0.885413, 3.541651, 0.782005, 0.106087
32.744698, 22.602112, 0.942568, 0.012343, 0.930224, 3.720898, 0.856423, 0.123216
34.606628, 23.802563, 0.989795, 0.012233, 0.977562, 3.910249, 0.934628, 0.141908
35.302158, 24.952522, 1.034629, 0.012122, 1.022507, 4.090028, 1.016428, 0.162237
35.767540, 26.034023, 1.076414, 0.012014, 1.064400, 4.257602, 1.101580, 0.184268
39.384174, 27.369038, 1.127463, 0.011874, 1.115590, 4.462358, 1.190828, 0.208085
39.715904, 28.603724, 1.174132, 0.011738, 1.162393, 4.649573, 1.283819, 0.233761
41.064648, 29.849815, 1.220679, 0.011596, 1.209082, 4.836329, 1.380546, 0.261372
43.124390, 31.177273, 1.269629, 0.011439, 1.258190, 5.032760, 1.481201, 0.290996
43.386150, 32.398159, 1.314049, 0.011289, 1.302760, 5.211038, 1.585422, 0.322705
42.078968, 33.366241, 1.348847, 0.011166, 1.337681, 5.350724, 1.692436, 0.356553
39.197071, 33.949326, 1.369622, 0.011091, 1.358531, 5.434123, 1.801118, 0.392576
38.290092, 34.383404, 1.384995, 0.011034, 1.373961, 5.495845, 1.911035, 0.430796
37.787426, 34.723804, 1.396996, 0.010989, 1.386007, 5.544026, 2.021916, 0.471235
36.810081, 34.932434, 1.404326, 0.010961, 1.393365, 5.573460, 2.133385, 0.513902
36.715790, 35.110771, 1.410578, 0.010937, 1.399640, 5.598561, 2.245356, 0.558810
36.803112, 35.280006, 1.416497, 0.010915, 1.405583, 5.622331, 2.357803, 0.605966
36.636971, 35.415703, 1.421235, 0.010896, 1.410339, 5.641355, 2.470630, 0.655378
37.010036, 35.575134, 1.426791, 0.010875, 1.415916, 5.663665, 2.583903, 0.707056
37.099625, 35.727585, 1.432094, 0.010854, 1.421239, 5.684958, 2.697603, 0.761008
35.699844, 35.724812, 1.431997, 0.010854, 1.421143, 5.684571, 2.811294, 0.817234
35.654259, 35.717758, 1.431752, 0.010855, 1.420897, 5.683587, 2.924966, 0.875733
38.076241, 35.953606, 1.439936, 0.010823, 1.429113, 5.716453, 3.039295, 0.936519
37.114754, 36.069721, 1.443957, 0.010807, 1.433149, 5.732598, 3.153947, 0.999598
38.365047, 36.299255, 1.451887, 0.010776, 1.441111, 5.764444, 3.269236, 1.064983
38.803413, 36.549671, 1.460511, 0.010741, 1.449771, 5.799082, 3.385217, 1.132687
38.163345, 36.711037, 1.466054, 0.010718, 1.455336, 5.821344, 3.501644, 1.202720
37.593513, 36.799286, 1.469081, 0.010706, 1.458375, 5.833499, 3.618314, 1.275086
36.793575, 36.798714, 1.469061, 0.010706, 1.458355, 5.833421, 3.734982, 1.349786
37.321270, 36.850967, 1.470852, 0.010699, 1.460153, 5.840611, 3.851795, 1.426822
37.442249, 36.910095, 1.472876, 0.010691, 1.462186, 5.848742, 3.968770, 1.506197
38.394054, 37.058491, 1.477950, 0.010670, 1.467280, 5.869122, 4.086152, 1.587920
39.574398, 37.310081, 1.486530, 0.010634, 1.475896, 5.903583, 4.204224, 1.672005
38.538246, 37.432899, 1.490708, 0.010617, 1.480091, 5.920364, 4.322631, 1.758458
37.767303, 37.466339, 1.491844, 0.010612, 1.481232, 5.924928, 4.441129, 1.847280
37.585411, 37.478245, 1.492249, 0.010610, 1.481638, 5.926553, 4.559660, 1.938473
37.867546, 37.517174, 1.493571, 0.010605, 1.482966, 5.931863, 4.678298, 2.032039
38.275635, 37.593021, 1.496144, 0.010594, 1.485550, 5.942201, 4.797142, 2.127982
39.086006, 37.742321, 1.501203, 0.010573, 1.490630, 5.962521, 4.916392, 2.226310
37.992439, 37.767334, 1.502049, 0.010569, 1.491480, 5.965921, 5.035710, 2.327024
38.301105, 37.820709, 1.503855, 0.010562, 1.493293, 5.973173, 5.155174, 2.430128
38.189655, 37.857605, 1.505102, 0.010556, 1.494546, 5.978183, 5.274737, 2.535622
37.894943, 37.861340, 1.505228, 0.010556, 1.494673, 5.978690, 5.394311, 2.643509
38.720749, 37.947281, 1.508131, 0.010543, 1.497587, 5.990350, 5.514118, 2.753791
38.274113, 37.979965, 1.509234, 0.010539, 1.498695, 5.994781, 5.634013, 2.866471
37.693741, 37.951344, 1.508268, 0.010543, 1.497725, 5.990901, 5.753831, 2.981548
38.450638, 38.001274, 1.509953, 0.010536, 1.499417, 5.997668, 5.873785, 3.099024
38.890835, 38.090229, 1.512951, 0.010523, 1.502429, 6.009714, 5.993979, 3.218903
38.738037, 38.155010, 1.515133, 0.010514, 1.504619, 6.018477, 6.114348, 3.341190
38.581295, 38.197639, 1.516567, 0.010507, 1.506060, 6.024240, 6.234833, 3.465887
37.712013, 38.149078, 1.514933, 0.010514, 1.504419, 6.017675, 6.355187, 3.592991
38.332218, 38.167393, 1.515550, 0.010512, 1.505038, 6.020151, 6.475590, 3.722502
38.384415, 38.189095, 1.516280, 0.010509, 1.505771, 6.023084, 6.596051, 3.854424
38.356750, 38.205860, 1.516844, 0.010506, 1.506337, 6.025350, 6.716558, 3.988755
37.806644, 38.165939, 1.515501, 0.010512, 1.504989, 6.019954, 6.836957, 4.125494
38.106731, 38.160019, 1.515301, 0.010513, 1.504789, 6.019154, 6.957340, 4.264641
37.691578, 38.113174, 1.513724, 0.010520, 1.503205, 6.012818, 7.077597, 4.406193
37.315258, 38.033382, 1.511036, 0.010531, 1.500504, 6.002018, 7.197637, 4.550146
37.632336, 37.993279, 1.509683, 0.010537, 1.499146, 5.996585, 7.317569, 4.696497
37.881302, 37.982082, 1.509305, 0.010538, 1.498767, 5.995068, 7.437470, 4.845246
37.903339, 37.974209, 1.509040, 0.010540, 1.498500, 5.994000, 7.557350, 4.996393
37.778030, 37.954590, 1.508378, 0.010542, 1.497835, 5.991341, 7.677177, 5.149937
38.090508, 37.968182, 1.508836, 0.010540, 1.498296, 5.993183, 7.797040, 5.305878
38.287094, 38.000072, 1.509912, 0.010536, 1.499376, 5.997506, 7.916991, 5.464218
38.732265, 38.073292, 1.512381, 0.010525, 1.501855, 6.007421, 8.037139, 5.624960
39.099762, 38.175938, 1.515837, 0.010511, 1.505327, 6.021306, 8.157565, 5.788112
38.764194, 38.234764, 1.517816, 0.010502, 1.507314, 6.029254, 8.278151, 5.953675
37.185982, 38.129887, 1.514287, 0.010517, 1.503770, 6.015079, 8.398452, 6.121644
37.565639, 38.073463, 1.512386, 0.010525, 1.501861, 6.007444, 8.518600, 6.292016
37.865376, 38.052654, 1.511685, 0.010528, 1.501157, 6.004627, 8.638693, 6.464790
37.691151, 38.016502, 1.510466, 0.010533, 1.499933, 5.999732, 8.758687, 6.639964
38.034161, 38.018269, 1.510526, 0.010533, 1.499993, 5.999971, 8.878687, 6.817537
37.654652, 37.981907, 1.509299, 0.010538, 1.498761, 5.995044, 8.998588, 6.997509
37.089340, 37.892651, 1.506286, 0.010551, 1.495735, 5.982940, 9.118246, 7.179874
37.181076, 37.821495, 1.503881, 0.010561, 1.493320, 5.973280, 9.237712, 7.364628
37.834629, 37.822807, 1.503926, 0.010561, 1.493365, 5.973458, 9.357182, 7.551772
38.484268, 37.888954, 1.506161, 0.010552, 1.495610, 5.982438, 9.476830, 7.741309
38.470684, 37.947128, 1.508126, 0.010543, 1.497582, 5.990329, 9.596637, 7.933241
39.180973, 38.070511, 1.512287, 0.010526, 1.501761, 6.007045, 9.716778, 8.127577
39.135326, 38.176994, 1.515873, 0.010510, 1.505362, 6.021449, 9.837207, 8.324321
39.890892, 38.348385, 1.521633, 0.010486, 1.511147, 6.044589, 9.958098, 8.523482
38.769646, 38.390511, 1.523047, 0.010480, 1.512567, 6.050268, 10.079103, 8.725064
38.145050, 38.365963, 1.522223, 0.010483, 1.511740, 6.046959, 10.200043, 8.929065
38.588551, 38.388222, 1.522970, 0.010480, 1.512490, 6.049960, 10.321042, 9.135486
38.228291, 38.372231, 1.522433, 0.010482, 1.511951, 6.047804, 10.441998, 9.344326
38.758308, 38.410839, 1.523728, 0.010477, 1.513252, 6.053008, 10.563059, 9.555587
38.754829, 38.445236, 1.524882, 0.010472, 1.514410, 6.057642, 10.684212, 9.769271
38.474548, 38.448166, 1.524980, 0.010471, 1.514509, 6.058036, 10.805372, 9.985378
38.027199, 38.406071, 1.523569, 0.010477, 1.513091, 6.052365, 10.926419, 10.203907
38.412109, 38.406673, 1.523589, 0.010477, 1.513112, 6.052446, 11.047468, 10.424856
38.705299, 38.436535, 1.524590, 0.010473, 1.514117, 6.056469, 11.168597, 10.648228
39.262020, 38.519085, 1.527356, 0.010461, 1.516896, 6.067582, 11.289948, 10.874026
39.415127, 38.608688, 1.530355, 0.010448, 1.519907, 6.079630, 11.411541, 11.102257
38.814262, 38.629246, 1.531043, 0.010445, 1.520598, 6.082392, 11.533189, 11.332920
38.256931, 38.592014, 1.529798, 0.010450, 1.519347, 6.077389, 11.654737, 11.566015
37.505676, 38.483379, 1.526160, 0.010466, 1.515694, 6.062777, 11.775992, 11.801535
37.701553, 38.405197, 1.523539, 0.010477, 1.513062, 6.052248, 11.897038, 12.039475
38.518345, 38.416512, 1.523919, 0.010476, 1.513443, 6.053772, 12.018113, 12.279838
38.661655, 38.441025, 1.524741, 0.010472, 1.514269, 6.057074, 12.139255, 12.522623
38.538586, 38.450783, 1.525068, 0.010471, 1.514597, 6.058388, 12.260423, 12.767832
38.587284, 38.464432, 1.525525, 0.010469, 1.515056, 6.060226, 12.381627, 13.015465
38.640816, 38.482071, 1.526116, 0.010466, 1.515650, 6.062601, 12.502879, 13.265522
38.620369, 38.495899, 1.526580, 0.010464, 1.516116, 6.064462, 12.624168, 13.518005
38.259834, 38.472294, 1.525789, 0.010468, 1.515321, 6.061285, 12.745394, 13.772913
38.989628, 38.524029, 1.527522, 0.010460, 1.517062, 6.068247, 12.866758, 14.030248
39.488613, 38.620487, 1.530750, 0.010446, 1.520304, 6.081215, 12.988382, 14.290015
39.114395, 38.669876, 1.532401, 0.010439, 1.521962, 6.087849, 13.110139, 14.552218
39.071487, 38.710037, 1.533743, 0.010433, 1.523310, 6.093239, 13.232003, 14.816858
39.246181, 38.763653, 1.535533, 0.010425, 1.525108, 6.100431, 13.354012, 15.083939
38.419628, 38.729252, 1.534385, 0.010430, 1.523954, 6.095818, 13.475928, 15.353457
37.909714, 38.647297, 1.531646, 0.010442, 1.521204, 6.084817, 13.597625, 15.625410
38.213432, 38.603912, 1.530196, 0.010449, 1.519747, 6.078989, 13.719205, 15.899795
37.859100, 38.529430, 1.527703, 0.010459, 1.517244, 6.068974, 13.840585, 16.176607
39.008846, 38.577374, 1.529308, 0.010452, 1.518855, 6.075421, 13.962093, 16.455849
38.937607, 38.613396, 1.530513, 0.010447, 1.520066, 6.080263, 14.083698, 16.737522
38.835518, 38.635609, 1.531256, 0.010444, 1.520812, 6.083247, 14.205363, 17.021629
39.461845, 38.718231, 1.534017, 0.010432, 1.523585, 6.094339, 14.327250, 17.308174
38.804836, 38.726891, 1.534306, 0.010431, 1.523875, 6.095500, 14.449161, 17.597157
38.878109, 38.742012, 1.534811, 0.010428, 1.524382, 6.097529, 14.571111, 17.888578
39.592587, 38.827068, 1.537649, 0.010416, 1.527233, 6.108931, 14.693290, 18.182444
39.159275, 38.860291, 1.538756, 0.010411, 1.528345, 6.113381, 14.815557, 18.478754
38.550709, 38.829330, 1.537724, 0.010416, 1.527308, 6.109234, 14.937742, 18.777510
38.866734, 38.833069, 1.537849, 0.010415, 1.527434, 6.109735, 15.059937, 19.078709
38.724281, 38.822189, 1.537486, 0.010417, 1.527069, 6.108277, 15.182102, 19.382351
38.712540, 38.811226, 1.537120, 0.010418, 1.526702, 6.106808, 15.304238, 19.688437
39.321835, 38.862286, 1.538823, 0.010411, 1.528412, 6.113648, 15.426511, 19.996967
39.757198, 38.951778, 1.541804, 0.010398, 1.531406, 6.125624, 15.549024, 20.307947
39.549450, 39.011547, 1.543792, 0.010389, 1.533404, 6.133614, 15.671696, 20.621382
39.178146, 39.028206, 1.544346, 0.010386, 1.533960, 6.135839, 15.794413, 20.937269
39.252548, 39.050640, 1.545092, 0.010383, 1.534709, 6.138836, 15.917190, 21.255613
39.972240, 39.142799, 1.548154, 0.010370, 1.537784, 6.151136, 16.040213, 21.576418
39.314911, 39.160011, 1.548725, 0.010367, 1.538358, 6.153432, 16.163280, 21.899683
39.538029, 39.197815, 1.549979, 0.010361, 1.539618, 6.158472, 16.286449, 22.225412
39.252686, 39.203300, 1.550161, 0.010361, 1.539801, 6.159203, 16.409634, 22.553604
39.236389, 39.206608, 1.550271, 0.010360, 1.539911, 6.159643, 16.532827, 22.884260
39.524891, 39.238438, 1.551327, 0.010355, 1.540971, 6.163884, 16.656105, 23.217382
39.440025, 39.258598, 1.551995, 0.010353, 1.541642, 6.166569, 16.779436, 23.552971
39.435482, 39.276287, 1.552581, 0.010350, 1.542231, 6.168924, 16.902815, 23.891027
39.078999, 39.256557, 1.551927, 0.010353, 1.541574, 6.166297, 17.026140, 24.231550
39.448681, 39.275768, 1.552564, 0.010350, 1.542214, 6.168855, 17.149517, 24.574541
39.108494, 39.259041, 1.552009, 0.010352, 1.541657, 6.166628, 17.272850, 24.919998
38.936192, 39.226757, 1.550939, 0.010357, 1.540582, 6.162328, 17.396097, 25.267920
39.281658, 39.232246, 1.551121, 0.010356, 1.540765, 6.163059, 17.519358, 25.618307
39.615803, 39.270603, 1.552393, 0.010351, 1.542042, 6.168168, 17.642721, 25.971161
39.316555, 39.275200, 1.552545, 0.010350, 1.542195, 6.168779, 17.766096, 26.326483
39.525379, 39.300217, 1.553374, 0.010346, 1.543027, 6.172110, 17.889538, 26.684273
39.635010, 39.333694, 1.554482, 0.010341, 1.544141, 6.176564, 18.013069, 27.044535
39.187092, 39.319035, 1.553997, 0.010344, 1.543653, 6.174614, 18.136562, 27.407267
39.462444, 39.333374, 1.554472, 0.010341, 1.544130, 6.176522, 18.260094, 27.772469
39.717991, 39.371838, 1.555745, 0.010336, 1.545409, 6.181636, 18.383726, 28.140142
39.300442, 39.364697, 1.555509, 0.010337, 1.545172, 6.180687, 18.507339, 28.510290
39.612209, 39.389446, 1.556327, 0.010333, 1.545994, 6.183977, 18.631020, 28.882910
39.300468, 39.380547, 1.556033, 0.010334, 1.545699, 6.182794, 18.754675, 29.258003
39.100288, 39.352520, 1.555106, 0.010339, 1.544767, 6.179068, 18.878256, 29.635569
39.655048, 39.382774, 1.556107, 0.010334, 1.545773, 6.183091, 19.001917, 30.015608
39.371456, 39.381641, 1.556069, 0.010334, 1.545735, 6.182940, 19.125576, 30.398119
39.163177, 39.359795, 1.555346, 0.010338, 1.545009, 6.180035, 19.249176, 30.783102
39.348293, 39.358643, 1.555308, 0.010338, 1.544971, 6.179882, 19.372774, 31.170557
39.417110, 39.364491, 1.555502, 0.010337, 1.545165, 6.180660, 19.496387, 31.560484
38.936203, 39.321663, 1.554084, 0.010343, 1.543741, 6.174963, 19.619886, 31.952881
38.999031, 39.289398, 1.553015, 0.010348, 1.542667, 6.170670, 19.743299, 32.347748
38.990040, 39.259460, 1.552023, 0.010352, 1.541671, 6.166684, 19.866632, 32.745079
39.043072, 39.237823, 1.551306, 0.010356, 1.540951, 6.163802, 19.989908, 33.144878
39.281704, 39.242210, 1.551452, 0.010355, 1.541097, 6.164387, 20.113195, 33.547142
39.374527, 39.255444, 1.551890, 0.010353, 1.541537, 6.166149, 20.236519, 33.951874
40.630589, 39.392960, 1.556444, 0.010333, 1.546111, 6.184444, 20.360209, 34.359077
40.271656, 39.480831, 1.559349, 0.010320, 1.549029, 6.196116, 20.484131, 34.768761
39.481216, 39.480869, 1.559350, 0.010320, 1.549030, 6.196121, 20.608053, 35.180923
39.363079, 39.469090, 1.558961, 0.010321, 1.548639, 6.194557, 20.731945, 35.595562
39.447678, 39.466949, 1.558890, 0.010322, 1.548568, 6.194273, 20.855831, 36.012680
39.290237, 39.449280, 1.558306, 0.010324, 1.547982, 6.191927, 20.979670, 36.432274
38.942661, 39.398617, 1.556631, 0.010332, 1.546299, 6.185196, 21.103373, 36.854340
39.180527, 39.376808, 1.555909, 0.010335, 1.545574, 6.182297, 21.227018, 37.278881
39.178795, 39.357006, 1.555254, 0.010338, 1.544916, 6.179665, 21.350611, 37.705894
39.755272, 39.396832, 1.556572, 0.010332, 1.546240, 6.184958, 21.474310, 38.135380
39.013577, 39.358505, 1.555304, 0.010338, 1.544966, 6.179864, 21.597908, 38.567337
39.627506, 39.385406, 1.556194, 0.010334, 1.545860, 6.183440, 21.721577, 39.001770
39.452545, 39.392120, 1.556416, 0.010333, 1.546083, 6.184332, 21.845263, 39.438675
40.097393, 39.462646, 1.558748, 0.010322, 1.548425, 6.193702, 21.969137, 39.878059
39.597786, 39.476162, 1.559194, 0.010320, 1.548874, 6.195496, 22.093046, 40.319920
39.520737, 39.480621, 1.559342, 0.010320, 1.549022, 6.196088, 22.216969, 40.764259
39.775894, 39.510147, 1.560317, 0.010315, 1.550002, 6.200006, 22.340969, 41.211079
39.818001, 39.540932, 1.561333, 0.010311, 1.551023, 6.204091, 22.465052, 41.660381
39.495609, 39.536400, 1.561184, 0.010311, 1.550872, 6.203490, 22.589121, 42.112164
40.138016, 39.596561, 1.563169, 0.010302, 1.552866, 6.211466, 22.713350, 42.566429
39.721718, 39.609077, 1.563582, 0.010301, 1.553281, 6.213125, 22.837612, 43.023182
39.624840, 39.610653, 1.563634, 0.010300, 1.553333, 6.213334, 22.961880, 43.482418
39.460789, 39.595665, 1.563139, 0.010303, 1.552837, 6.211347, 23.086107, 43.944141
38.450886, 39.481186, 1.559360, 0.010320, 1.549041, 6.196163, 23.210030, 44.408340
39.230034, 39.456070, 1.558530, 0.010323, 1.548207, 6.192829, 23.333887, 44.875019
39.988338, 39.509296, 1.560289, 0.010315, 1.549973, 6.199894, 23.457886, 45.344177
39.803986, 39.538765, 1.561262, 0.010311, 1.550951, 6.203804, 23.581963, 45.815815
40.460560, 39.630943, 1.564303, 0.010297, 1.554005, 6.216022, 23.706284, 46.289940
40.327915, 39.700642, 1.566599, 0.010287, 1.556312, 6.225249, 23.830788, 46.766556
40.219067, 39.752483, 1.568306, 0.010279, 1.558027, 6.232107, 23.955429, 47.245663
40.452904, 39.822525, 1.570610, 0.010269, 1.560341, 6.241364, 24.080256, 47.727268
40.124336, 39.852707, 1.571602, 0.010264, 1.561337, 6.245349, 24.205162, 48.211372
40.316265, 39.899063, 1.573124, 0.010257, 1.562867, 6.251469, 24.330191, 48.697975
39.272484, 39.836407, 1.571066, 0.010267, 1.560799, 6.243197, 24.455055, 49.187077
39.334499, 39.786217, 1.569416, 0.010274, 1.559142, 6.236566, 24.579786, 49.678673
39.495518, 39.757149, 1.568459, 0.010279, 1.558181, 6.232724, 24.704441, 50.172760
40.092533, 39.790688, 1.569563, 0.010273, 1.559289, 6.237157, 24.829184, 50.669342
40.237698, 39.835388, 1.571033, 0.010267, 1.560766, 6.243063, 24.954044, 51.168423
40.064316, 39.858280, 1.571785, 0.010263, 1.561521, 6.246086, 25.078966, 51.670002
40.084614, 39.880913, 1.572528, 0.010260, 1.562268, 6.249074, 25.203947, 52.174080
40.406387, 39.933460, 1.574254, 0.010252, 1.564002, 6.256006, 25.329067, 52.680660
41.152363, 40.055351, 1.578251, 0.010234, 1.568017, 6.272068, 25.454508, 53.189751
40.271469, 40.076962, 1.578959, 0.010231, 1.568728, 6.274912, 25.580006, 53.701351
39.995247, 40.068790, 1.578691, 0.010232, 1.568459, 6.273837, 25.705482, 54.215462
39.598339, 40.021744, 1.577150, 0.010239, 1.566911, 6.267642, 25.830835, 54.732079
39.906292, 40.010201, 1.576771, 0.010241, 1.566530, 6.266121, 25.956158, 55.251202
39.379314, 39.947113, 1.574702, 0.010250, 1.564452, 6.257807, 26.081314, 55.772827
40.021240, 39.954525, 1.574945, 0.010249, 1.564696, 6.258784, 26.206490, 56.296955
40.216274, 39.980701, 1.575804, 0.010245, 1.565559, 6.262235, 26.331734, 56.823589
40.307602, 40.013390, 1.576876, 0.010240, 1.566635, 6.266541, 26.457064, 57.352730
39.723862, 39.984436, 1.575926, 0.010245, 1.565682, 6.262727, 26.582317, 57.884377
39.401611, 39.926155, 1.574014, 0.010253, 1.563761, 6.255043, 26.707418, 58.418526
39.981724, 39.931713, 1.574196, 0.010252, 1.563944, 6.255776, 26.832535, 58.955177
40.919262, 40.030468, 1.577435, 0.010238, 1.567198, 6.268791, 26.957911, 59.494335
40.446774, 40.072098, 1.578799, 0.010231, 1.568568, 6.274272, 27.083397, 60.036003
40.229843, 40.087872, 1.579316, 0.010229, 1.569087, 6.276348, 27.208923, 60.580181
39.877010, 40.066784, 1.578625, 0.010232, 1.568393, 6.273573, 27.334394, 61.126869
39.608391, 40.020943, 1.577123, 0.010239, 1.566884, 6.267537, 27.459745, 61.676064
39.954487, 40.014297, 1.576905, 0.010240, 1.566665, 6.266661, 27.585079, 62.227764
40.374256, 40.050293, 1.578085, 0.010235, 1.567850, 6.271402, 27.710506, 62.781975
40.528526, 40.098118, 1.579652, 0.010227, 1.569424, 6.277697, 27.836060, 63.338696
40.030960, 40.091400, 1.579432, 0.010228, 1.569203, 6.276813, 27.961596, 63.897926
39.234203, 40.005680, 1.576623, 0.010241, 1.566382, 6.265526, 28.086906, 64.459663
39.783890, 39.983501, 1.575896, 0.010245, 1.565651, 6.262604, 28.212158, 65.023903
40.187008, 40.003853, 1.576563, 0.010242, 1.566321, 6.265285, 28.337463, 65.590652
40.639542, 40.067421, 1.578646, 0.010232, 1.568414, 6.273657, 28.462936, 66.159912
40.650284, 40.125706, 1.580555, 0.010223, 1.570331, 6.281326, 28.588562, 66.731682
40.716366, 40.184772, 1.582487, 0.010214, 1.572273, 6.289091, 28.714344, 67.305969
40.333435, 40.199638, 1.582973, 0.010212, 1.572761, 6.291044, 28.840164, 67.882774
40.494278, 40.229103, 1.583936, 0.010208, 1.573728, 6.294914, 28.966063, 68.462097
40.094494, 40.215641, 1.583496, 0.010210, 1.573287, 6.293146, 29.091925, 69.043938
40.534943, 40.247570, 1.584540, 0.010205, 1.574335, 6.297339, 29.217871, 69.628296
41.041927, 40.327007, 1.587133, 0.010193, 1.576940, 6.307762, 29.344027, 70.215179
41.345844, 40.428890, 1.590456, 0.010178, 1.580278, 6.321112, 29.470449, 70.804588
40.685543, 40.454556, 1.591292, 0.010174, 1.581118, 6.324472, 29.596939, 71.396530
40.532818, 40.462383, 1.591547, 0.010172, 1.581374, 6.325497, 29.723450, 71.990997
40.460022, 40.462147, 1.591539, 0.010173, 1.581366, 6.325466, 29.849958, 72.587997
40.363037, 40.452236, 1.591216, 0.010174, 1.581042, 6.324168, 29.976442, 73.187523
40.525196, 40.459534, 1.591454, 0.010173, 1.581281, 6.325123, 30.102945, 73.789581
39.949726, 40.408554, 1.589793, 0.010181, 1.579612, 6.318449, 30.229315, 74.394165
40.274761, 40.395176, 1.589357, 0.010183, 1.579174, 6.316697, 30.355648, 75.001282
40.289440, 40.384602, 1.589012, 0.010184, 1.578828, 6.315311, 30.481955, 75.610924
41.014606, 40.447601, 1.591065, 0.010175, 1.580890, 6.323562, 30.608425, 76.223091
40.023521, 40.405193, 1.589683, 0.010181, 1.579502, 6.318008, 30.734785, 76.837784
39.920300, 40.356705, 1.588102, 0.010188, 1.577914, 6.311656, 30.861019, 77.455002
40.112030, 40.332237, 1.587304, 0.010192, 1.577112, 6.308448, 30.987188, 78.074745
40.223476, 40.321362, 1.586949, 0.010194, 1.576755, 6.307022, 31.113329, 78.697014
40.585354, 40.347759, 1.587811, 0.010190, 1.577621, 6.310483, 31.239538, 79.321808
40.427055, 40.355690, 1.588069, 0.010189, 1.577881, 6.311522, 31.365768, 79.949120
41.069878, 40.427109, 1.590398, 0.010178, 1.580220, 6.320879, 31.492186, 80.578964
40.983791, 40.482777, 1.592211, 0.010169, 1.582041, 6.328165, 31.618750, 81.211342
40.298092, 40.464310, 1.591609, 0.010172, 1.581437, 6.325749, 31.745264, 81.846245
40.528309, 40.470711, 1.591818, 0.010171, 1.581647, 6.326587, 31.871796, 82.483681
40.812511, 40.504890, 1.592931, 0.010166, 1.582765, 6.331058, 31.998417, 83.123650
40.450737, 40.499474, 1.592754, 0.010167, 1.582587, 6.330349, 32.125023, 83.766151
39.811714, 40.430698, 1.590515, 0.010177, 1.580337, 6.321349, 32.251450, 84.411179
40.589405, 40.446568, 1.591032, 0.010175, 1.580857, 6.323427, 32.377918, 85.058739
40.804924, 40.482403, 1.592198, 0.010169, 1.582029, 6.328116, 32.504482, 85.708832
40.807941, 40.514957, 1.593258, 0.010165, 1.583094, 6.332375, 32.631130, 86.361458
40.652878, 40.528751, 1.593707, 0.010162, 1.583544, 6.334178, 32.757812, 87.016617
40.722252, 40.548103, 1.594337, 0.010159, 1.584177, 6.336708, 32.884548, 87.674309
40.704933, 40.563786, 1.594846, 0.010157, 1.584689, 6.338758, 33.011322, 88.334534
40.950424, 40.602451, 1.596103, 0.010151, 1.585952, 6.343809, 33.138199, 88.997299
41.049706, 40.647179, 1.597557, 0.010144, 1.587412, 6.349648, 33.265190, 89.662605
41.069878, 40.689449, 1.598929, 0.010138, 1.588791, 6.355164, 33.392292, 90.330452
40.801170, 40.700623, 1.599292, 0.010136, 1.589155, 6.356621, 33.519424, 91.000839
40.943386, 40.724899, 1.600079, 0.010133, 1.589947, 6.359786, 33.646622, 91.673775
40.694885, 40.721897, 1.599982, 0.010133, 1.589849, 6.359395, 33.773811, 92.349251
40.696022, 40.719311, 1.599898, 0.010133, 1.589764, 6.359057, 33.900993, 93.027267
41.076492, 40.755028, 1.601056, 0.010128, 1.590928, 6.363713, 34.028267, 93.707832
41.301289, 40.809654, 1.602827, 0.010120, 1.592707, 6.370829, 34.155682, 94.390945
41.314125, 40.860100, 1.604460, 0.010112, 1.594348, 6.377394, 34.283230, 95.076607
40.704613, 40.844551, 1.603957, 0.010114, 1.593843, 6.375371, 34.410736, 95.764824
40.861473, 40.846245, 1.604012, 0.010114, 1.593898, 6.375592, 34.538246, 96.455589
40.308434, 40.792465, 1.602270, 0.010122, 1.592148, 6.368590, 34.665619, 97.148903
41.023403, 40.815559, 1.603018, 0.010119, 1.592899, 6.371597, 34.793053, 97.844765
40.847137, 40.818718, 1.603120, 0.010118, 1.593002, 6.372008, 34.920494, 98.543175
40.358013, 40.772648, 1.601628, 0.010125, 1.591502, 6.366009, 35.047813, 99.244133
40.715725, 40.766956, 1.601443, 0.010126, 1.591317, 6.365267, 35.175117, 99.947632
41.204277, 40.810688, 1.602860, 0.010120, 1.592741, 6.370963, 35.302536, 100.653679
41.202072, 40.849827, 1.604128, 0.010114, 1.594014, 6.376057, 35.430058, 101.362282
42.020023, 40.966846, 1.607913, 0.010096, 1.597818, 6.391271, 35.557884, 102.073441
41.338882, 41.004051, 1.609116, 0.010090, 1.599026, 6.396102, 35.685806, 102.787155
40.787922, 40.982437, 1.608417, 0.010093, 1.598324, 6.393296, 35.813671, 103.503426
40.405270, 40.924721, 1.606552, 0.010102, 1.596449, 6.385798, 35.941387, 104.222252
40.155922, 40.847839, 1.604064, 0.010114, 1.593950, 6.375799, 36.068905, 104.943626
41.108696, 40.873924, 1.604908, 0.010110, 1.594798, 6.379192, 36.196487, 105.667557
41.020588, 40.888592, 1.605383, 0.010108, 1.595275, 6.381100, 36.324108, 106.394035
40.853577, 40.885090, 1.605269, 0.010108, 1.595161, 6.380645, 36.451721, 107.123070
40.660732, 40.862656, 1.604543, 0.010112, 1.594432, 6.377727, 36.579277, 107.854652
40.468159, 40.823204, 1.603266, 0.010118, 1.593148, 6.372592, 36.706730, 108.588783
40.921707, 40.833054, 1.603585, 0.010116, 1.593469, 6.373875, 36.834206, 109.325470
41.130219, 40.862770, 1.604547, 0.010112, 1.594435, 6.377742, 36.961761, 110.064705
40.868557, 40.863350, 1.604566, 0.010112, 1.594454, 6.377817, 37.089317, 110.806488
40.976273, 40.874641, 1.604931, 0.010110, 1.594821, 6.379286, 37.216904, 111.550827
41.270943, 40.914272, 1.606214, 0.010104, 1.596110, 6.384439, 37.344593, 112.297722
40.065536, 40.829399, 1.603466, 0.010117, 1.593350, 6.373399, 37.472061, 113.047165
40.364037, 40.782864, 1.601959, 0.010124, 1.591835, 6.367340, 37.599407, 113.799156
40.744808, 40.779057, 1.601835, 0.010124, 1.591711, 6.366844, 37.726746, 114.553688
41.080994, 40.809250, 1.602814, 0.010120, 1.592694, 6.370776, 37.854160, 115.310768
41.128124, 40.841137, 1.603847, 0.010115, 1.593732, 6.374927, 37.981659, 116.070404
40.695671, 40.826591, 1.603375, 0.010117, 1.593258, 6.373033, 38.109119, 116.832588
41.292427, 40.873177, 1.604884, 0.010110, 1.594774, 6.379095, 38.236702, 117.597321
40.727959, 40.858654, 1.604414, 0.010112, 1.594301, 6.377206, 38.364246, 118.364609
40.384861, 40.811275, 1.602879, 0.010119, 1.592760, 6.371040, 38.491669, 119.134445
40.506187, 40.780766, 1.601891, 0.010124, 1.591767, 6.367066, 38.619011, 119.906822
40.985420, 40.801231, 1.602554, 0.010121, 1.592433, 6.369732, 38.746407, 120.681747
41.157036, 40.836811, 1.603706, 0.010116, 1.593591, 6.374364, 38.873894, 121.459229
40.717663, 40.824898, 1.603321, 0.010117, 1.593203, 6.372813, 39.001350, 122.239258
41.025444, 40.844952, 1.603970, 0.010114, 1.593856, 6.375423, 39.128860, 123.021835
40.504707, 40.810928, 1.602868, 0.010120, 1.592749, 6.370994, 39.256279, 123.806961
40.914322, 40.821266, 1.603203, 0.010118, 1.593085, 6.372341, 39.383724, 124.594635
40.836388, 40.822777, 1.603252, 0.010118, 1.593134, 6.372537, 39.511173, 125.384857
40.818340, 40.822334, 1.603238, 0.010118, 1.593120, 6.372479, 39.638622, 126.177628
41.444077, 40.884510, 1.605251, 0.010108, 1.595142, 6.380569, 39.766235, 126.972954
41.172047, 40.913265, 1.606181, 0.010104, 1.596077, 6.384308, 39.893921, 127.770836
40.704826, 40.892422, 1.605507, 0.010107, 1.595400, 6.381598, 40.021553, 128.571274
40.576302, 40.860809, 1.604483, 0.010112, 1.594372, 6.377486, 40.149101, 129.374252
40.787407, 40.853470, 1.604246, 0.010113, 1.594133, 6.376532, 40.276630, 130.179779
40.518383, 40.819962, 1.603161, 0.010118, 1.593043, 6.372170, 40.404076, 130.987854
41.020580, 40.840023, 1.603811, 0.010115, 1.593696, 6.374782, 40.531570, 131.798492
40.780346, 40.834057, 1.603617, 0.010116, 1.593501, 6.374005, 40.659050, 132.611679
40.574841, 40.808136, 1.602778, 0.010120, 1.592658, 6.370631, 40.786461, 133.427414
40.325558, 40.759880, 1.601214, 0.010127, 1.591086, 6.364346, 40.913750, 134.245682
40.754936, 40.759384, 1.601198, 0.010127, 1.591070, 6.364281, 41.041035, 135.066498
40.433880, 40.726833, 1.600142, 0.010132, 1.590010, 6.360038, 41.168236, 135.889862
40.957890, 40.749939, 1.600891, 0.010129, 1.590762, 6.363050, 41.295498, 136.715775
41.195026, 40.794449, 1.602334, 0.010122, 1.592212, 6.368848, 41.422874, 137.544235
41.746346, 40.889637, 1.605417, 0.010107, 1.595309, 6.381236, 41.550499, 138.375244
41.582245, 40.958897, 1.607656, 0.010097, 1.597560, 6.390238, 41.678303, 139.208817
40.967510, 40.959759, 1.607684, 0.010097, 1.597588, 6.390350, 41.806110, 140.044937
41.113400, 40.975124, 1.608181, 0.010094, 1.598087, 6.392346, 41.933956, 140.883621
40.347782, 40.912392, 1.606153, 0.010104, 1.596049, 6.384195, 42.061642, 141.724854
40.195194, 40.840672, 1.603832, 0.010115, 1.593717, 6.374866, 42.189140, 142.568634
40.520016, 40.808605, 1.602793, 0.010120, 1.592673, 6.370692, 42.316555, 143.414963
40.471924, 40.774937, 1.601702, 0.010125, 1.591577, 6.366307, 42.443882, 144.263840
40.960686, 40.793510, 1.602304, 0.010122, 1.592182, 6.368726, 42.571255, 145.115265
41.409046, 40.855064, 1.604298, 0.010113, 1.594185, 6.376739, 42.698788, 145.969238
40.898952, 40.859451, 1.604439, 0.010112, 1.594327, 6.377310, 42.826332, 146.825760
41.369038, 40.910408, 1.606089, 0.010104, 1.595984, 6.383937, 42.954010, 147.684845
40.864029, 40.905769, 1.605939, 0.010105, 1.595834, 6.383334, 43.081676, 148.546478
40.967525, 40.911945, 1.606138, 0.010104, 1.596034, 6.384137, 43.209358, 149.410660
41.161903, 40.936943, 1.606947, 0.010100, 1.596846, 6.387386, 43.337105, 150.277405
40.447811, 40.888031, 1.605365, 0.010108, 1.595257, 6.381027, 43.464725, 151.146698
40.723831, 40.871613, 1.604833, 0.010110, 1.594723, 6.378892, 43.592304, 152.018539
41.361576, 40.920609, 1.606418, 0.010103, 1.596316, 6.385263, 43.720009, 152.892944
41.618095, 40.990356, 1.608673, 0.010092, 1.598581, 6.394324, 43.847897, 153.769897
41.083271, 40.999649, 1.608973, 0.010091, 1.598883, 6.395531, 43.975807, 154.649414
41.119659, 41.011650, 1.609361, 0.010089, 1.599272, 6.397089, 44.103748, 155.531494
40.471092, 40.957596, 1.607615, 0.010097, 1.597517, 6.390069, 44.231548, 156.416122
40.921688, 40.954006, 1.607498, 0.010098, 1.597401, 6.389603, 44.359341, 157.303314
40.927742, 40.951378, 1.607413, 0.010098, 1.597315, 6.389261, 44.487125, 158.193054
40.405922, 40.896832, 1.605649, 0.010106, 1.595543, 6.382172, 44.614769, 159.085342
41.168655, 40.924015, 1.606529, 0.010102, 1.596426, 6.385705, 44.742481, 159.980194
40.476784, 40.879292, 1.605082, 0.010109, 1.594973, 6.379891, 44.870079, 160.877594
40.807079, 40.872070, 1.604848, 0.010110, 1.594738, 6.378952, 44.997658, 161.777542
41.156143, 40.900478, 1.605767, 0.010106, 1.595662, 6.382646, 45.125309, 162.680054
41.279068, 40.938339, 1.606992, 0.010100, 1.596892, 6.387568, 45.253059, 163.585114
41.230484, 40.967552, 1.607936, 0.010096, 1.597841, 6.391363, 45.380886, 164.492737
40.603859, 40.931183, 1.606761, 0.010101, 1.596659, 6.386637, 45.508617, 165.402908
41.136570, 40.951721, 1.607425, 0.010098, 1.597327, 6.389307, 45.636402, 166.315643
41.541229, 41.010674, 1.609330, 0.010089, 1.599241, 6.396962, 45.764343, 167.230927
40.991123, 41.008720, 1.609267, 0.010089, 1.599177, 6.396709, 45.892277, 168.148773
41.649715, 41.072819, 1.611336, 0.010079, 1.601256, 6.405025, 46.020378, 169.069183
41.181309, 41.083668, 1.611686, 0.010078, 1.601608, 6.406432, 46.148506, 169.992157
40.814156, 41.056717, 1.610816, 0.010082, 1.600734, 6.402937, 46.276566, 170.917694
40.990601, 41.050106, 1.610603, 0.010083, 1.600520, 6.402080, 46.404606, 171.845779
41.537708, 41.098866, 1.612176, 0.010075, 1.602101, 6.408403, 46.532772, 172.776428
41.394943, 41.128471, 1.613131, 0.010071, 1.603060, 6.412240, 46.661018, 173.709656
41.475670, 41.163193, 1.614250, 0.010066, 1.604185, 6.416739, 46.789352, 174.645447
42.043053, 41.251179, 1.617084, 0.010052, 1.607031, 6.428126, 46.917915, 175.583801
41.528790, 41.278938, 1.617977, 0.010048, 1.607929, 6.431715, 47.046551, 176.524734
41.296028, 41.280647, 1.618032, 0.010048, 1.607984, 6.431936, 47.175190, 177.468231
41.204193, 41.273003, 1.617786, 0.010049, 1.607737, 6.430948, 47.303810, 178.414307
41.121548, 41.257858, 1.617298, 0.010051, 1.607247, 6.428990, 47.432388, 179.362961
41.143555, 41.246429, 1.616931, 0.010053, 1.606878, 6.427512, 47.560940, 180.314178
41.131809, 41.234966, 1.616562, 0.010055, 1.606507, 6.426029, 47.689461, 181.267975
41.314407, 41.242912, 1.616817, 0.010053, 1.606764, 6.427056, 47.818001, 182.224335
40.818817, 41.200504, 1.615452, 0.010060, 1.605392, 6.421569, 47.946434, 183.183258
41.265179, 41.206970, 1.615660, 0.010059, 1.605602, 6.422406, 48.074883, 184.144760
41.098675, 41.196140, 1.615312, 0.010061, 1.605251, 6.421004, 48.203304, 185.108826
40.892265, 41.165752, 1.614333, 0.010065, 1.604267, 6.417070, 48.331646, 186.075455
40.989857, 41.148163, 1.613766, 0.010068, 1.603698, 6.414791, 48.459942, 187.044647
41.507336, 41.184082, 1.614923, 0.010062, 1.604861, 6.419443, 48.588329, 188.016418
41.583866, 41.224060, 1.616211, 0.010056, 1.606154, 6.424618, 48.716820, 188.990753
41.160618, 41.217716, 1.616006, 0.010057, 1.605949, 6.423797, 48.845295, 189.967667
41.664875, 41.262432, 1.617446, 0.010050, 1.607395, 6.429582, 48.973888, 190.947144
41.228138, 41.259003, 1.617335, 0.010051, 1.607284, 6.429138, 49.102470, 191.929199
41.619183, 41.295021, 1.618494, 0.010045, 1.608449, 6.433795, 49.231148, 192.913818
41.852345, 41.350754, 1.620286, 0.010037, 1.610249, 6.440995, 49.359966, 193.901016
41.691441, 41.384823, 1.621380, 0.010031, 1.611349, 6.445394, 49.488873, 194.890793
41.082630, 41.354603, 1.620409, 0.010036, 1.610373, 6.441493, 49.617702, 195.883148
41.215534, 41.340694, 1.619962, 0.010038, 1.609924, 6.439696, 49.746498, 196.878082
41.225891, 41.329216, 1.619593, 0.010040, 1.609553, 6.438213, 49.875263, 197.875595
40.925945, 41.288887, 1.618297, 0.010046, 1.608250, 6.433002, 50.003922, 198.875671
40.220837, 41.182083, 1.614859, 0.010063, 1.604796, 6.419184, 50.132305, 199.878311
41.335598, 41.197433, 1.615353, 0.010060, 1.605293, 6.421172, 50.260727, 200.883530
41.782120, 41.255901, 1.617236, 0.010051, 1.607184, 6.428737, 50.389301, 201.891312
41.011021, 41.231415, 1.616447, 0.010055, 1.606392, 6.425570, 50.517811, 202.901672
41.093639, 41.217636, 1.616004, 0.010057, 1.605947, 6.423787, 50.646286, 203.914597
41.112373, 41.207111, 1.615665, 0.010059, 1.605606, 6.422424, 50.774734, 204.930084
41.593807, 41.245781, 1.616910, 0.010053, 1.606857, 6.427428, 50.903282, 205.948151
41.345158, 41.255718, 1.617230, 0.010051, 1.607178, 6.428713, 51.031857, 206.968781
41.002636, 41.230412, 1.616415, 0.010055, 1.606360, 6.425439, 51.160366, 207.991989
41.584484, 41.265820, 1.617555, 0.010050, 1.607505, 6.430019, 51.288967, 209.017761
41.435390, 41.282776, 1.618100, 0.010047, 1.608053, 6.432212, 51.417610, 210.046112
40.639282, 41.218426, 1.616029, 0.010057, 1.605972, 6.423889, 51.546089, 211.077026
41.244507, 41.221035, 1.616113, 0.010057, 1.606057, 6.424226, 51.674572, 212.110519
41.799904, 41.278923, 1.617976, 0.010048, 1.607928, 6.431714, 51.803207, 213.146576
41.462910, 41.297321, 1.618568, 0.010045, 1.608523, 6.434092, 51.931889, 214.185211
41.192707, 41.286861, 1.618232, 0.010047, 1.608185, 6.432740, 52.060543, 215.226425
40.790611, 41.237236, 1.616635, 0.010054, 1.606581, 6.426322, 52.189068, 216.270203
41.355850, 41.249096, 1.617017, 0.010052, 1.606964, 6.427856, 52.317623, 217.316559
41.136787, 41.237865, 1.616655, 0.010054, 1.606601, 6.426404, 52.446152, 218.365479
42.133595, 41.327438, 1.619536, 0.010040, 1.609496, 6.437984, 52.574913, 219.416977
41.376060, 41.332302, 1.619693, 0.010040, 1.609653, 6.438612, 52.703686, 220.471054
40.867786, 41.285851, 1.618199, 0.010047, 1.608152, 6.432609, 52.832336, 221.527695
40.397091, 41.196976, 1.615338, 0.010060, 1.605278, 6.421112, 52.960758, 222.586914
41.025665, 41.179844, 1.614787, 0.010063, 1.604724, 6.418894, 53.089134, 223.648697
40.758148, 41.137672, 1.613428, 0.010070, 1.603358, 6.413433, 53.217403, 224.713043
41.146877, 41.138592, 1.613457, 0.010069, 1.603388, 6.413551, 53.345673, 225.779953
41.302143, 41.154945, 1.613984, 0.010067, 1.603917, 6.415670, 53.473988, 226.849426
41.874664, 41.226917, 1.616303, 0.010056, 1.606247, 6.424987, 53.602486, 227.921478
41.381939, 41.242420, 1.616802, 0.010053, 1.606748, 6.426993, 53.731026, 228.996094
41.172108, 41.235390, 1.616575, 0.010054, 1.606521, 6.426084, 53.859547, 230.073288
41.133228, 41.225174, 1.616246, 0.010056, 1.606190, 6.424762, 53.988041, 231.153046
41.549419, 41.257599, 1.617290, 0.010051, 1.607239, 6.428956, 54.116619, 232.235382
41.396137, 41.271454, 1.617736, 0.010049, 1.607687, 6.430748, 54.245235, 233.320282
41.853233, 41.329632, 1.619607, 0.010040, 1.609567, 6.438267, 54.374001, 234.407761
41.716064, 41.368275, 1.620848, 0.010034, 1.610814, 6.443257, 54.502865, 235.497818
41.587734, 41.390221, 1.621553, 0.010031, 1.611523, 6.446091, 54.631786, 236.590454
41.667198, 41.417919, 1.622443, 0.010026, 1.612416, 6.449665, 54.760780, 237.685669
41.028893, 41.379017, 1.621194, 0.010032, 1.611161, 6.444644, 54.889671, 238.783463
40.492626, 41.290379, 1.618345, 0.010046, 1.608299, 6.433195, 55.018333, 239.883835
40.996986, 41.261040, 1.617401, 0.010051, 1.607350, 6.429401, 55.146923, 240.986771
41.667999, 41.301735, 1.618710, 0.010044, 1.608666, 6.434662, 55.275616, 242.092285
42.028366, 41.374397, 1.621045, 0.010033, 1.611012, 6.444048, 55.404495, 243.200378
41.688541, 41.405811, 1.622054, 0.010028, 1.612026, 6.448103, 55.533459, 244.311050
41.309105, 41.396141, 1.621743, 0.010030, 1.611714, 6.446855, 55.662395, 245.424301
41.284885, 41.385017, 1.621386, 0.010031, 1.611355, 6.445419, 55.791306, 246.540131
40.797230, 41.326241, 1.619498, 0.010041, 1.609457, 6.437829, 55.920063, 247.658539
41.264996, 41.320114, 1.619301, 0.010041, 1.609259, 6.437037, 56.048805, 248.779510
41.318016, 41.319904, 1.619294, 0.010041, 1.609253, 6.437010, 56.177544, 249.903061
41.810040, 41.368919, 1.620869, 0.010034, 1.610835, 6.443341, 56.306412, 251.029190
41.591850, 41.391212, 1.621585, 0.010030, 1.611555, 6.446218, 56.435337, 252.157898
41.764351, 41.428528, 1.622783, 0.010025, 1.612758, 6.451033, 56.564358, 253.289185
42.079659, 41.493641, 1.624872, 0.010015, 1.614857, 6.459429, 56.693546, 254.423050
41.691090, 41.513386, 1.625505, 0.010012, 1.615493, 6.461972, 56.822784, 255.559509
41.099442, 41.471992, 1.624178, 0.010018, 1.614160, 6.456638, 56.951916, 256.698547
40.946793, 41.419472, 1.622492, 0.010026, 1.612466, 6.449865, 57.080914, 257.840179
41.008244, 41.378349, 1.621172, 0.010032, 1.611140, 6.444558, 57.209805, 258.984375
40.751583, 41.315674, 1.619158, 0.010042, 1.609116, 6.436463, 57.338535, 260.131134
41.655628, 41.349670, 1.620251, 0.010037, 1.610214, 6.440855, 57.467354, 261.280487
41.910061, 41.405708, 1.622051, 0.010028, 1.612022, 6.448090, 57.596317, 262.432404
41.892319, 41.454369, 1.623612, 0.010021, 1.613592, 6.454366, 57.725403, 263.586914
41.943501, 41.503281, 1.625181, 0.010013, 1.615168, 6.460670, 57.854618, 264.744019
42.424683, 41.595421, 1.628132, 0.009999, 1.618134, 6.472534, 57.984070, 265.903687
41.702202, 41.606098, 1.628474, 0.009997, 1.618477, 6.473908, 58.113548, 267.065948
41.362202, 41.581707, 1.627693, 0.010001, 1.617692, 6.470769, 58.242962, 268.230804
40.960129, 41.519550, 1.625702, 0.010011, 1.615692, 6.462767, 58.372219, 269.398254
40.810818, 41.448677, 1.623430, 0.010022, 1.613408, 6.453632, 58.501293, 270.568268
41.565399, 41.460350, 1.623804, 0.010020, 1.613784, 6.455138, 58.630398, 271.740875
41.394848, 41.453800, 1.623594, 0.010021, 1.613573, 6.454293, 58.759483, 272.916077
40.573837, 41.365803, 1.620769, 0.010034, 1.610735, 6.442938, 58.888344, 274.093842
40.844666, 41.313690, 1.619094, 0.010042, 1.609052, 6.436207, 59.017067, 275.274170
41.723785, 41.354698, 1.620412, 0.010036, 1.610376, 6.441505, 59.145897, 276.457092
41.987156, 41.417946, 1.622443, 0.010026, 1.612417, 6.449668, 59.274891, 277.642578
41.756966, 41.451847, 1.623531, 0.010021, 1.613510, 6.454041, 59.403973, 278.830658
41.491848, 41.455849, 1.623660, 0.010021, 1.613639, 6.454557, 59.533062, 280.021332
41.802338, 41.490498, 1.624771, 0.010015, 1.614756, 6.459023, 59.662243, 281.214569
41.836411, 41.525089, 1.625880, 0.010010, 1.615870, 6.463480, 59.791512, 282.410400
41.246677, 41.497250, 1.624987, 0.010014, 1.614973, 6.459894, 59.920708, 283.608826
41.314419, 41.478966, 1.624401, 0.010017, 1.614384, 6.457537, 60.049858, 284.809814
41.888767, 41.519947, 1.625715, 0.010011, 1.615704, 6.462818, 60.179115, 286.013397
41.574566, 41.525410, 1.625890, 0.010010, 1.615880, 6.463521, 60.308384, 287.219574
41.956100, 41.568478, 1.627270, 0.010003, 1.617267, 6.469067, 60.437767, 288.428314
42.150524, 41.626682, 1.629133, 0.009994, 1.619139, 6.476556, 60.567299, 289.639648
41.759579, 41.639973, 1.629558, 0.009992, 1.619566, 6.478264, 60.696865, 290.853577
40.901546, 41.566132, 1.627195, 0.010003, 1.617191, 6.468765, 60.826241, 292.070099
40.826622, 41.492180, 1.624825, 0.010015, 1.614810, 6.459240, 60.955425, 293.289215
41.418213, 41.484783, 1.624588, 0.010016, 1.614572, 6.458287, 61.084591, 294.510895
41.744236, 41.510727, 1.625419, 0.010012, 1.615407, 6.461630, 61.213825, 295.735168
41.044662, 41.464119, 1.623925, 0.010019, 1.613906, 6.455624, 61.342937, 296.962036
41.247269, 41.442432, 1.623229, 0.010023, 1.613207, 6.452826, 61.471992, 298.191467
42.122337, 41.510422, 1.625410, 0.010012, 1.615398, 6.461591, 61.601223, 299.423492
42.143547, 41.573734, 1.627438, 0.010002, 1.617436, 6.469744, 61.730618, 300.658112
41.067799, 41.523140, 1.625817, 0.010010, 1.615807, 6.463229, 61.859882, 301.895294
41.449371, 41.515762, 1.625581, 0.010011, 1.615570, 6.462279, 61.989128, 303.135071
41.985291, 41.562714, 1.627085, 0.010004, 1.617081, 6.468325, 62.118496, 304.377441
41.064178, 41.512859, 1.625488, 0.010012, 1.615476, 6.461905, 62.247734, 305.622406
41.619370, 41.523510, 1.625829, 0.010010, 1.615819, 6.463277, 62.376999, 306.869934
41.893509, 41.560509, 1.627015, 0.010004, 1.617010, 6.468041, 62.506359, 308.120056
41.663765, 41.570835, 1.627345, 0.010003, 1.617343, 6.469370, 62.635746, 309.372772
41.649658, 41.578716, 1.627598, 0.010002, 1.617596, 6.470385, 62.765152, 310.628082
41.558559, 41.576702, 1.627533, 0.010002, 1.617531, 6.470126, 62.894554, 311.885986
42.091137, 41.628147, 1.629180, 0.009994, 1.619186, 6.476744, 63.024090, 313.146454
42.124130, 41.677746, 1.630766, 0.009986, 1.620780, 6.483120, 63.153751, 314.409515
42.272724, 41.737244, 1.632667, 0.009977, 1.622691, 6.490762, 63.283566, 315.675201
41.498856, 41.713406, 1.631906, 0.009981, 1.621925, 6.487700, 63.413319, 316.943481
41.978035, 41.739868, 1.632751, 0.009977, 1.622775, 6.491099, 63.543140, 318.214355
41.491119, 41.714993, 1.631957, 0.009980, 1.621976, 6.487905, 63.672897, 319.487823
42.444702, 41.787964, 1.634287, 0.009969, 1.624318, 6.497271, 63.802841, 320.763885
41.549664, 41.764133, 1.633526, 0.009973, 1.623553, 6.494214, 63.932724, 322.042542
41.282646, 41.715984, 1.631988, 0.009980, 1.622008, 6.488032, 64.062485, 323.323792
41.225956, 41.666981, 1.630422, 0.009988, 1.620434, 6.481736, 64.192116, 324.607635
41.330967, 41.633381, 1.629347, 0.009993, 1.619354, 6.477417, 64.321663, 325.894073
41.628422, 41.632885, 1.629331, 0.009993, 1.619338, 6.477353, 64.451210, 327.183105
42.128380, 41.682434, 1.630916, 0.009985, 1.620931, 6.483722, 64.580887, 328.474731
41.578903, 41.672081, 1.630585, 0.009987, 1.620598, 6.482392, 64.710533, 329.768951
41.905663, 41.695438, 1.631332, 0.009983, 1.621348, 6.485393, 64.840240, 331.065765
42.175915, 41.743484, 1.632867, 0.009976, 1.622891, 6.491563, 64.970070, 332.365173
41.967087, 41.765846, 1.633581, 0.009972, 1.623608, 6.494433, 65.099960, 333.667175
41.350266, 41.724289, 1.632254, 0.009979, 1.622275, 6.489099, 65.229744, 334.971771
41.445457, 41.696407, 1.631363, 0.009983, 1.621379, 6.485518, 65.359451, 336.278961
41.647690, 41.691536, 1.631207, 0.009984, 1.621223, 6.484891, 65.489151, 337.588745
42.289265, 41.751308, 1.633117, 0.009975, 1.623142, 6.492568, 65.619003, 338.901123
41.983456, 41.774525, 1.633858, 0.009971, 1.623887, 6.495547, 65.748917, 340.216095
41.604950, 41.757568, 1.633317, 0.009974, 1.623343, 6.493371, 65.878784, 341.533661
41.770260, 41.758839, 1.633357, 0.009974, 1.623384, 6.493534, 66.008652, 342.853821
42.086189, 41.791573, 1.634402, 0.009968, 1.624433, 6.497734, 66.138603, 344.176605
41.640568, 41.776474, 1.633920, 0.009971, 1.623949, 6.495797, 66.268517, 345.501984
41.651676, 41.763992, 1.633522, 0.009973, 1.623549, 6.494195, 66.398399, 346.829956
41.459373, 41.733532, 1.632549, 0.009977, 1.622571, 6.490285, 66.528206, 348.160522
41.863815, 41.746559, 1.632965, 0.009975, 1.622989, 6.491958, 66.658043, 349.493683
42.044533, 41.776356, 1.633916, 0.009971, 1.623945, 6.495782, 66.787956, 350.829437
41.961662, 41.794888, 1.634508, 0.009968, 1.624540, 6.498159, 66.917923, 352.167786
41.968815, 41.812279, 1.635063, 0.009965, 1.625097, 6.500390, 67.047928, 353.508759
41.636536, 41.794704, 1.634502, 0.009968, 1.624534, 6.498136, 67.177887, 354.852325
