0.255316, 0.025532, 0.001093, 0.001093, 0.000000, 0.000000, 0.000000, 0.000000
0.611839, 0.084162, 0.003603, 0.003603, 0.000000, 0.000000, 0.000000, 0.000000
0.436487, 0.119395, 0.005111, 0.005111, 0.000000, 0.000000, 0.000000, 0.000000
0.539319, 0.161387, 0.006908, 0.006908, 0.000000, 0.000000, 0.000000, 0.000000
0.279376, 0.173186, 0.007413, 0.007413, 0.000000, 0.000000, 0.000000, 0.000000
0.046160, 0.160483, 0.006869, 0.006869, 0.000000, 0.000000, 0.000000, 0.000000
-0.069198, 0.137515, 0.005886, 0.005886, 0.000000, 0.000000, 0.000000, 0.000000
0.603702, 0.184134, 0.007882, 0.007882, 0.000000, 0.000000, 0.000000, 0.000000
0.323245, 0.198045, 0.008477, 0.008477, 0.000000, 0.000000, 0.000000, 0.000000
0.322077, 0.210448, 0.009008, 0.009008, 0.000000, 0.000000, 0.000000, 0.000000
0.137675, 0.203171, 0.008697, 0.008697, 0.000000, 0.000000, 0.000000, 0.000000
0.069365, 0.189790, 0.008124, 0.008124, 0.000000, 0.000000, 0.000000, 0.000000
0.346473, 0.205459, 0.008794, 0.008794, 0.000000, 0.000000, 0.000000, 0.000000
0.161137, 0.201026, 0.008605, 0.008605, 0.000000, 0.000000, 0.000000, 0.000000
0.057491, 0.186673, 0.007990, 0.007990, 0.000000, 0.000000, 0.000000, 0.000000
0.092543, 0.177260, 0.007587, 0.007587, 0.000000, 0.000000, 0.000000, 0.000000
0.381657, 0.197700, 0.008462, 0.008462, 0.000000, 0.000000, 0.000000, 0.000000
0.521910, 0.230121, 0.009850, 0.009850, 0.000000, 0.000000, 0.000000, 0.000000
0.267084, 0.233817, 0.010008, 0.010008, 0.000000, 0.000000, 0.000000, 0.000000
0.345359, 0.244971, 0.010486, 0.010486, 0.000000, 0.000000, 0.000000, 0.000000
0.264776, 0.246952, 0.010571, 0.010571, 0.000000, 0.000000, 0.000000, 0.000000
0.138173, 0.236074, 0.010105, 0.010105, 0.000000, 0.000000, 0.000000, 0.000000
-0.207509, 0.191716, 0.008206, 0.008206, 0.000000, 0.000000, 0.000000, 0.000000
0.150291, 0.187573, 0.008029, 0.008029, 0.000000, 0.000000, 0.000000, 0.000000
0.309270, 0.199743, 0.008550, 0.008550, 0.000000, 0.000000, 0.000000, 0.000000
0.297400, 0.209509, 0.008968, 0.008968, 0.000000, 0.000000, 0.000000, 0.000000
0.334519, 0.222010, 0.009503, 0.009503, 0.000000, 0.000000, 0.000000, 0.000000
0.393619, 0.239171, 0.010237, 0.010237, 0.000000, 0.000000, 0.000000, 0.000000
0.219922, 0.237246, 0.010155, 0.010155, 0.000000, 0.000000, 0.000000, 0.000000
0.540401, 0.267561, 0.011453, 0.011453, 0.000000, 0.000000, 0.000000, 0.000000
-0.011556, 0.239649, 0.010258, 0.010258, 0.000000, 0.000000, 0.000000, 0.000000
0.242142, 0.239899, 0.010269, 0.010269, 0.000000, 0.000000, 0.000000, 0.000000
0.322854, 0.248194, 0.010624, 0.010624, 0.000000, 0.000000, 0.000000, 0.000000
0.313279, 0.254703, 0.010902, 0.010902, 0.000000, 0.000000, 0.000000, 0.000000
0.355513, 0.264784, 0.011334, 0.011334, 0.000000, 0.000000, 0.000000, 0.000000
0.403728, 0.278678, 0.011929, 0.011929, 0.000000, 0.000000, 0.000000, 0.000000
0.126837, 0.263494, 0.011279, 0.011279, 0.000000, 0.000000, 0.000000, 0.000000
0.241607, 0.261305, 0.011185, 0.011185, 0.000000, 0.000000, 0.000000, 0.000000
0.172716, 0.252446, 0.010806, 0.010806, 0.000000, 0.000000, 0.000000, 0.000000
0.368752, 0.264077, 0.011304, 0.011304, 0.000000, 0.000000, 0.000000, 0.000000
0.335126, 0.271182, 0.011608, 0.011608, 0.000000, 0.000000, 0.000000, 0.000000
0.185347, 0.262598, 0.011240, 0.011240, 0.000000, 0.000000, 0.000000, 0.000000
0.034384, 0.239777, 0.010263, 0.010263, 0.000000, 0.000000, 0.000000, 0.000000
0.242191, 0.240018, 0.010274, 0.010274, 0.000000, 0.000000, 0.000000, 0.000000
0.310761, 0.247093, 0.010577, 0.010577, 0.000000, 0.000000, 0.000000, 0.000000
0.507846, 0.273168, 0.011693, 0.011693, 0.000000, 0.000000, 0.000000, 0.000000
0.290661, 0.274917, 0.011768, 0.011768, 0.000000, 0.000000, 0.000000, 0.000000
0.081106, 0.255536, 0.010938, 0.010938, 0.000000, 0.000000, 0.000000, 0.000000
0.161656, 0.246148, 0.010536, 0.010536, 0.000000, 0.000000, 0.000000, 0.000000
0.231310, 0.244664, 0.010473, 0.010473, 0.000000, 0.000000, 0.000000, 0.000000
-0.127504, 0.207447, 0.008880, 0.008880, 0.000000, 0.000000, 0.000000, 0.000000
0.034606, 0.190163, 0.008140, 0.008140, 0.000000, 0.000000, 0.000000, 0.000000
0.126379, 0.183785, 0.007867, 0.007867, 0.000000, 0.000000, 0.000000, 0.000000
0.137840, 0.179190, 0.007670, 0.007670, 0.000000, 0.000000, 0.000000, 0.000000
0.300277, 0.191299, 0.008188, 0.008188, 0.000000, 0.000000, 0.000000, 0.000000
0.195469, 0.191716, 0.008206, 0.008206, 0.000000, 0.000000, 0.000000, 0.000000
0.276399, 0.200184, 0.008569, 0.008569, 0.000000, 0.000000, 0.000000, 0.000000
0.370841, 0.217250, 0.009299, 0.009299, 0.000000, 0.000000, 0.000000, 0.000000
-0.528480, 0.142677, 0.006107, 0.006107, 0.000000, 0.000000, 0.000000, 0.000000
0.404705, 0.168880, 0.007229, 0.007229, 0.000000, 0.000000, 0.000000, 0.000000
0.000000, 0.151992, 0.006506, 0.006506, 0.000000, 0.000000, 0.000000, 0.000000
0.345915, 0.171384, 0.007336, 0.007336, 0.000000, 0.000000, 0.000000, 0.000000
0.368308, 0.191077, 0.008179, 0.008179, 0.000000, 0.000000, 0.000000, 0.000000
0.369645, 0.208933, 0.008943, 0.008943, 0.000000, 0.000000, 0.000000, 0.000000
0.391720, 0.227212, 0.009726, 0.009726, 0.000000, 0.000000, 0.000000, 0.000000
0.518134, 0.256304, 0.010971, 0.010971, 0.000000, 0.000000, 0.000000, 0.000000
0.367126, 0.267386, 0.011445, 0.011445, 0.000000, 0.000000, 0.000000, 0.000000
0.239252, 0.264573, 0.011325, 0.011325, 0.000000, 0.000000, 0.000000, 0.000000
-0.044571, 0.233659, 0.010002, 0.010002, 0.000000, 0.000000, 0.000000, 0.000000
-0.064053, 0.203887, 0.008727, 0.008727, 0.000000, 0.000000, 0.000000, 0.000000
0.443474, 0.227846, 0.009753, 0.009753, 0.000000, 0.000000, 0.000000, 0.000000
1.267493, 0.331811, 0.014203, 0.014203, 0.000000, 0.000000, 0.000000, 0.000000
1.231055, 0.421735, 0.018052, 0.018052, 0.000000, 0.000000, 0.000000, 0.000000
2.181534, 0.597715, 0.025584, 0.025584, 0.000000, 0.000000, 0.000000, 0.000000
3.242166, 0.862160, 0.036903, 0.036903, 0.000000, 0.000000, 0.000000, 0.000000
4.451500, 1.221094, 0.052264, 0.052264, 0.000000, 0.000000, 0.000000, 0.000000
5.504546, 1.649439, 0.070593, 0.070593, 0.000000, 0.000000, 0.000000, 0.000000
7.636986, 2.248194, 0.096207, 0.096207, 0.000000, 0.000000, 0.000000, 0.000000
9.326466, 2.956021, 0.126474, 0.126474, 0.000000, 0.000000, 0.000000, 0.000000
11.521400, 3.812559, 0.163073, 0.163073, 0.000000, 0.000000, 0.000000, 0.000000
14.379013, 4.869205, 0.208172, 0.208172, 0.000000, 0.000000, 0.000000, 0.000000
16.934099, 6.075694, 0.259578, 0.259578, 0.000000, 0.000000, 0.000000, 0.000000
18.847807, 7.352905, 0.313872, 0.313872, 0.000000, 0.000000, 0.000000, 0.000000
19.979008, 8.615516, 0.367392, 0.367392, 0.000000, 0.000000, 0.000000, 0.000000
21.680124, 9.921976, 0.422583, 0.422583, 0.000000, 0.000000, 0.000000, 0.000000
23.296705, 11.259449, 0.478856, 0.478856, 0.000000, 0.000000, 0.000000, 0.000000
24.430094, 12.576513, 0.534015, 0.534015, 0.000000, 0.000000, 0.000000, 0.000000
26.771929, 13.996055, 0.593150, 0.593150, 0.000000, 0.000000, 0.000000, 0.000000
29.092924, 15.505741, 0.655639, 0.655639, 0.000000, 0.000000, 0.000000, 0.000000
30.799732, 17.035141, 0.718480, 0.718480, 0.000000, 0.000000, 0.000000, 0.000000
31.339123, 18.465540, 0.776791, 0.776791, 0.000000, 0.000000, 0.000000, 0.000000
30.469734, 19.665958, 0.825354, 0.825354, 0.000000, 0.000000, 0.000000, 0.000000
30.787600, 20.778122, 0.870024, 0.870024, 0.000000, 0.000000, 0.000000, 0.000000
33.546978, 22.055008, 0.920905, 0.920905, 0.000000, 0.000000, 0.000000, 0.000000
35.666409, 23.416147, 0.974639, 0.974639, 0.000000, 0.000000, 0.000000, 0.000000
36.781174, 24.752649, 1.026866, 1.026866, 0.000000, 0.000000, 0.000000, 0.000000
37.612041, 26.038589, 1.076590, 1.076590, 0.000000, 0.000000, 0.000000, 0.000000
38.957119, 27.330442, 1.125996, 1.125996, 0.000000, 0.000000, 0.000000, 0.000000
40.890053, 28.686403, 1.177238, 1.177238, 0.000000, 0.000000, 0.000000, 0.000000
42.273670, 30.045130, 1.227923, 1.227923, 0.000000, 0.000000, 0.000000, 0.000000
43.132931, 31.353910, 1.276092, 1.276092, 0.000000, 0.000000, 0.000000, 0.000000
43.378902, 32.556408, 1.319763, 1.319763, 0.000000, 0.000000, 0.000000, 0.000000
43.765827, 33.677349, 1.359949, 1.359949, 0.000000, 0.000000, 0.000000, 0.000000
45.271244, 34.836739, 1.400966, 1.400966, 0.000000, 0.000000, 0.000000, 0.000000
46.045780, 35.957642, 1.440076, 1.440076, 0.000000, 0.000000, 0.000000, 0.000000
46.796242, 37.041500, 1.477370, 1.477370, 0.000000, 0.000000, 0.000000, 0.000000
47.764870, 38.113838, 1.513747, 1.513747, 0.000000, 0.000000, 0.000000, 0.000000
48.582844, 39.160740, 1.548749, 1.548749, 0.000000, 0.000000, 0.000000, 0.000000
48.525719, 40.097237, 1.579623, 1.579623, 0.000000, 0.000000, 0.000000, 0.000000
50.466587, 41.134171, 1.613315, 1.613315, 0.000000, 0.000000, 0.000000, 0.000000
51.409317, 42.161686, 1.646179, 1.646179, 0.000000, 0.000000, 0.000000, 0.000000
53.034992, 43.249016, 1.680381, 1.680381, 0.000000, 0.000000, 0.000000, 0.000000
53.625568, 44.286671, 1.712455, 1.712455, 0.000000, 0.000000, 0.000000, 0.000000
52.808575, 45.138863, 1.738377, 1.738377, 0.000000, 0.000000, 0.000000, 0.000000
51.338219, 45.758797, 1.756993, 1.756993, 0.000000, 0.000000, 0.000000, 0.000000
52.301659, 46.413082, 1.776418, 1.776418, 0.000000, 0.000000, 0.000000, 0.000000
53.079357, 47.079708, 1.795970, 1.795970, 0.000000, 0.000000, 0.000000, 0.000000
53.715252, 47.743263, 1.815191, 1.815191, 0.000000, 0.000000, 0.000000, 0.000000
54.495995, 48.418537, 1.834502, 1.834502, 0.000000, 0.000000, 0.000000, 0.000000
53.882969, 48.964981, 1.849941, 1.849941, 0.000000, 0.000000, 0.000000, 0.000000
53.240749, 49.392559, 1.861906, 1.861906, 0.000000, 0.000000, 0.000000, 0.000000
53.572823, 49.810585, 1.873502, 1.873502, 0.000000, 0.000000, 0.000000, 0.000000
54.200909, 50.249619, 1.885574, 1.885574, 0.000000, 0.000000, 0.000000, 0.000000
54.261150, 50.650772, 1.896508, 1.896508, 0.000000, 0.000000, 0.000000, 0.000000
53.746616, 50.960358, 1.904882, 1.904882, 0.000000, 0.000000, 0.000000, 0.000000
53.327789, 51.197102, 1.911249, 1.911249, 0.000000, 0.000000, 0.000000, 0.000000
53.109871, 51.388378, 1.916369, 1.916369, 0.000000, 0.000000, 0.000000, 0.000000
53.137596, 51.563301, 1.921032, 1.921032, 0.000000, 0.000000, 0.000000, 0.000000
53.869114, 51.793884, 1.927152, 1.927152, 0.000000, 0.000000, 0.000000, 0.000000
53.667980, 51.981293, 1.932103, 1.932103, 0.000000, 0.000000, 0.000000, 0.000000
52.757076, 52.058872, 1.934147, 1.934147, 0.000000, 0.000000, 0.000000, 0.000000
52.653187, 52.118305, 1.935710, 1.935710, 0.000000, 0.000000, 0.000000, 0.000000
53.263107, 52.232784, 1.938715, 1.938715, 0.000000, 0.000000, 0.000000, 0.000000
53.697018, 52.379208, 1.942547, 1.942547, 0.000000, 0.000000, 0.000000, 0.000000
52.806145, 52.421902, 1.943662, 1.943662, 0.000000, 0.000000, 0.000000, 0.000000
52.200371, 52.399750, 1.943084, 1.943084, 0.000000, 0.000000, 0.000000, 0.000000
53.261044, 52.485878, 1.945331, 1.945331, 0.000000, 0.000000, 0.000000, 0.000000
53.425148, 52.579803, 1.947777, 1.947777, 0.000000, 0.000000, 0.000000, 0.000000
53.509510, 52.672775, 1.950192, 1.950192, 0.000000, 0.000000, 0.000000, 0.000000
53.205433, 52.726040, 1.951574, 1.951574, 0.000000, 0.000000, 0.000000, 0.000000
53.375084, 52.790943, 1.953255, 1.953255, 0.000000, 0.000000, 0.000000, 0.000000
53.851089, 52.896957, 1.955996, 1.955996, 0.000000, 0.000000, 0.000000, 0.000000
53.801376, 52.987400, 1.958329, 1.958329, 0.000000, 0.000000, 0.000000, 0.000000
53.215393, 53.010201, 1.958916, 1.958916, 0.000000, 0.000000, 0.000000, 0.000000
53.625183, 53.071697, 1.960499, 1.960499, 0.000000, 0.000000, 0.000000, 0.000000
53.650230, 53.129551, 1.961986, 1.961986, 0.000000, 0.000000, 0.000000, 0.000000
53.939053, 53.210503, 1.964063, 1.964063, 0.000000, 0.000000, 0.000000, 0.000000
53.386745, 53.228127, 1.964515, 1.964515, 0.000000, 0.000000, 0.000000, 0.000000
53.668839, 53.272198, 1.965643, 1.965643, 0.000000, 0.000000, 0.000000, 0.000000
54.083466, 53.353325, 1.967718, 1.967718, 0.000000, 0.000000, 0.000000, 0.000000
54.867298, 53.504723, 1.971579, 1.971579, 0.000000, 0.000000, 0.000000, 0.000000
54.097237, 53.563972, 1.973086, 1.973086, 0.000000, 0.000000, 0.000000, 0.000000
53.766422, 53.584217, 1.973601, 1.973601, 0.000000, 0.000000, 0.000000, 0.000000
53.462708, 53.572067, 1.973292, 1.973292, 0.000000, 0.000000, 0.000000, 0.000000
53.575539, 53.572414, 1.973301, 1.973301, 0.000000, 0.000000, 0.000000, 0.000000
54.047813, 53.619953, 1.974509, 1.974509, 0.000000, 0.000000, 0.000000, 0.000000
54.036427, 53.661602, 1.975566, 1.975566, 0.000000, 0.000000, 0.000000, 0.000000
53.919399, 53.687382, 1.976219, 1.976219, 0.000000, 0.000000, 0.000000, 0.000000
53.782581, 53.696903, 1.976461, 1.976461, 0.000000, 0.000000, 0.000000, 0.000000
53.938053, 53.721020, 1.977072, 1.977072, 0.000000, 0.000000, 0.000000, 0.000000
53.792160, 53.728134, 1.977252, 1.977252, 0.000000, 0.000000, 0.000000, 0.000000
54.037651, 53.759087, 1.978035, 1.978035, 0.000000, 0.000000, 0.000000, 0.000000
53.621407, 53.745319, 1.977687, 1.977687, 0.000000, 0.000000, 0.000000, 0.000000
54.372463, 53.808033, 1.979273, 1.979273, 0.000000, 0.000000, 0.000000, 0.000000
54.017059, 53.828938, 1.979801, 1.979801, 0.000000, 0.000000, 0.000000, 0.000000
53.756935, 53.821739, 1.979620, 1.979620, 0.000000, 0.000000, 0.000000, 0.000000
53.607502, 53.800316, 1.979078, 1.979078, 0.000000, 0.000000, 0.000000, 0.000000
53.693256, 53.789612, 1.978808, 1.978808, 0.000000, 0.000000, 0.000000, 0.000000
53.936008, 53.804253, 1.979178, 1.979178, 0.000000, 0.000000, 0.000000, 0.000000
54.154816, 53.839310, 1.980063, 1.980063, 0.000000, 0.000000, 0.000000, 0.000000
53.886623, 53.844040, 1.980183, 1.980183, 0.000000, 0.000000, 0.000000, 0.000000
53.760117, 53.835648, 1.979971, 1.979971, 0.000000, 0.000000, 0.000000, 0.000000
53.758907, 53.827972, 1.979777, 1.979777, 0.000000, 0.000000, 0.000000, 0.000000
53.808868, 53.826061, 1.979729, 1.979729, 0.000000, 0.000000, 0.000000, 0.000000
53.680393, 53.811493, 1.979361, 1.979361, 0.000000, 0.000000, 0.000000, 0.000000
53.732422, 53.803585, 1.979161, 1.979161, 0.000000, 0.000000, 0.000000, 0.000000
53.731762, 53.796402, 1.978979, 1.978979, 0.000000, 0.000000, 0.000000, 0.000000
54.190544, 53.835815, 1.979975, 1.979975, 0.000000, 0.000000, 0.000000, 0.000000
53.616596, 53.813892, 1.979421, 1.979421, 0.000000, 0.000000, 0.000000, 0.000000
54.154881, 53.847992, 1.980283, 1.980283, 0.000000, 0.000000, 0.000000, 0.000000
54.519520, 53.915146, 1.981977, 1.981977, 0.000000, 0.000000, 0.000000, 0.000000
53.827957, 53.906425, 1.981757, 1.981757, 0.000000, 0.000000, 0.000000, 0.000000
53.614429, 53.877228, 1.981021, 1.981021, 0.000000, 0.000000, 0.000000, 0.000000
53.665043, 53.856010, 1.980485, 1.980485, 0.000000, 0.000000, 0.000000, 0.000000
54.021877, 53.872597, 1.980904, 1.980904, 0.000000, 0.000000, 0.000000, 0.000000
54.432632, 53.928600, 1.982316, 1.982316, 0.000000, 0.000000, 0.000000, 0.000000
54.072857, 53.943027, 1.982680, 1.982680, 0.000000, 0.000000, 0.000000, 0.000000
54.122490, 53.960976, 1.983132, 1.983132, 0.000000, 0.000000, 0.000000, 0.000000
54.102867, 53.975166, 1.983489, 1.983489, 0.000000, 0.000000, 0.000000, 0.000000
54.098167, 53.987465, 1.983799, 1.983799, 0.000000, 0.000000, 0.000000, 0.000000
53.681004, 53.956818, 1.983027, 1.983027, 0.000000, 0.000000, 0.000000, 0.000000
53.871109, 53.948246, 1.982811, 1.982811, 0.000000, 0.000000, 0.000000, 0.000000
54.329235, 53.986343, 1.983770, 1.983770, 0.000000, 0.000000, 0.000000, 0.000000
54.302464, 54.017956, 1.984566, 1.984566, 0.000000, 0.000000, 0.000000, 0.000000
54.714054, 54.087566, 1.986315, 1.986315, 0.000000, 0.000000, 0.000000, 0.000000
54.378254, 54.116634, 1.987045, 1.987045, 0.000000, 0.000000, 0.000000, 0.000000
54.531834, 54.158154, 1.988086, 1.988086, 0.000000, 0.000000, 0.000000, 0.000000
54.524109, 54.194748, 1.989002, 1.989002, 0.000000, 0.000000, 0.000000, 0.000000
53.901413, 54.165413, 1.988268, 1.988268, 0.000000, 0.000000, 0.000000, 0.000000
54.338535, 54.182724, 1.988701, 1.988701, 0.000000, 0.000000, 0.000000, 0.000000
53.860428, 54.150494, 1.987894, 1.987894, 0.000000, 0.000000, 0.000000, 0.000000
54.193481, 54.154793, 1.988001, 1.988001, 0.000000, 0.000000, 0.000000, 0.000000
54.881351, 54.227448, 1.989821, 1.989821, 0.000000, 0.000000, 0.000000, 0.000000
54.333115, 54.238014, 1.990085, 1.990085, 0.000000, 0.000000, 0.000000, 0.000000
54.823521, 54.296566, 1.991549, 1.991549, 0.000000, 0.000000, 0.000000, 0.000000
55.034828, 54.370392, 1.993392, 1.993392, 0.000000, 0.000000, 0.000000, 0.000000
54.581184, 54.391472, 1.993917, 1.993917, 0.000000, 0.000000, 0.000000, 0.000000
54.210453, 54.373371, 1.993466, 1.993466, 0.000000, 0.000000, 0.000000, 0.000000
54.299576, 54.365993, 1.993282, 1.993282, 0.000000, 0.000000, 0.000000, 0.000000
53.978043, 54.327198, 1.992314, 1.992314, 0.000000, 0.000000, 0.000000, 0.000000
54.813877, 54.375866, 1.993528, 1.993528, 0.000000, 0.000000, 0.000000, 0.000000
54.614090, 54.399689, 1.994122, 1.994122, 0.000000, 0.000000, 0.000000, 0.000000
54.794487, 54.439167, 1.995105, 1.995105, 0.000000, 0.000000, 0.000000, 0.000000
54.381290, 54.433380, 1.994961, 1.994961, 0.000000, 0.000000, 0.000000, 0.000000
54.384224, 54.428463, 1.994839, 1.994839, 0.000000, 0.000000, 0.000000, 0.000000
54.061264, 54.391743, 1.993924, 1.993924, 0.000000, 0.000000, 0.000000, 0.000000
54.180302, 54.370598, 1.993397, 1.993397, 0.000000, 0.000000, 0.000000, 0.000000
54.805367, 54.414074, 1.994480, 1.994480, 0.000000, 0.000000, 0.000000, 0.000000
54.960110, 54.468678, 1.995839, 1.995839, 0.000000, 0.000000, 0.000000, 0.000000
54.195675, 54.441376, 1.995160, 1.995160, 0.000000, 0.000000, 0.000000, 0.000000
53.868919, 54.384129, 1.993734, 1.993734, 0.000000, 0.000000, 0.000000, 0.000000
54.253368, 54.371052, 1.993408, 1.993408, 0.000000, 0.000000, 0.000000, 0.000000
54.487152, 54.382660, 1.993697, 1.993697, 0.000000, 0.000000, 0.000000, 0.000000
55.000576, 54.444450, 1.995237, 1.995237, 0.000000, 0.000000, 0.000000, 0.000000
54.781593, 54.478165, 1.996075, 1.996075, 0.000000, 0.000000, 0.000000, 0.000000
54.332085, 54.463558, 1.995712, 1.995712, 0.000000, 0.000000, 0.000000, 0.000000
54.630066, 54.480209, 1.996126, 1.996126, 0.000000, 0.000000, 0.000000, 0.000000
54.177994, 54.449989, 1.995374, 1.995374, 0.000000, 0.000000, 0.000000, 0.000000
54.516399, 54.456631, 1.995540, 1.995540, 0.000000, 0.000000, 0.000000, 0.000000
54.991219, 54.510090, 1.996869, 1.996869, 0.000000, 0.000000, 0.000000, 0.000000
54.974430, 54.556522, 1.998022, 1.998022, 0.000000, 0.000000, 0.000000, 0.000000
54.705479, 54.571419, 1.998392, 1.998392, 0.000000, 0.000000, 0.000000, 0.000000
54.779785, 54.592255, 1.998909, 1.998909, 0.000000, 0.000000, 0.000000, 0.000000
54.434219, 54.576450, 1.998517, 1.998517, 0.000000, 0.000000, 0.000000, 0.000000
54.526947, 54.571499, 1.998394, 1.998394, 0.000000, 0.000000, 0.000000, 0.000000
54.416542, 54.556004, 1.998009, 1.998009, 0.000000, 0.000000, 0.000000, 0.000000
54.602924, 54.560696, 1.998126, 1.998126, 0.000000, 0.000000, 0.000000, 0.000000
54.579750, 54.562599, 1.998173, 1.998173, 0.000000, 0.000000, 0.000000, 0.000000
54.500477, 54.556389, 1.998019, 1.998019, 0.000000, 0.000000, 0.000000, 0.000000
54.498837, 54.550632, 1.997876, 1.997876, 0.000000, 0.000000, 0.000000, 0.000000
54.213711, 54.516941, 1.997039, 1.997039, 0.000000, 0.000000, 0.000000, 0.000000
54.648720, 54.530121, 1.997367, 1.997367, 0.000000, 0.000000, 0.000000, 0.000000
54.951855, 54.572296, 1.998414, 1.998414, 0.000000, 0.000000, 0.000000, 0.000000
54.758022, 54.590870, 1.998875, 1.998875, 0.000000, 0.000000, 0.000000, 0.000000
54.916813, 54.623463, 1.999683, 1.999683, 0.000000, 0.000000, 0.000000, 0.000000
55.150604, 54.676178, 2.000988, 0.794096, 1.206892, 4.827569, 0.096551, 0.001931
54.250084, 54.633568, 1.999933, 1.999933, 0.000000, 0.000000, 0.096551, 0.003862
54.487133, 54.618923, 1.999570, 1.999570, 0.000000, 0.000000, 0.096551, 0.005793
54.969276, 54.653957, 2.000438, 0.795352, 1.205086, 4.820344, 0.192958, 0.009652
54.617916, 54.650352, 2.000349, 0.796243, 1.204105, 4.816421, 0.289287, 0.015438
54.683533, 54.653671, 2.000431, 0.796998, 1.203432, 4.813730, 0.385561, 0.023149
54.650719, 54.653378, 2.000424, 0.797824, 1.202600, 4.810400, 0.481769, 0.032785
54.906326, 54.678673, 2.001050, 0.798146, 1.202904, 4.811617, 0.578002, 0.044345
54.751888, 54.685993, 2.001231, 0.798820, 1.202411, 4.809643, 0.674194, 0.057829
54.649124, 54.682304, 2.001140, 0.799711, 1.201429, 4.805715, 0.770309, 0.073235
55.121067, 54.726181, 2.002225, 0.799663, 1.202562, 4.810247, 0.866514, 0.090565
55.063847, 54.759949, 2.003059, 0.799814, 1.203245, 4.812982, 0.962773, 0.109820
54.462196, 54.730175, 2.002324, 0.801220, 1.201104, 4.804415, 1.058862, 0.130998
55.129211, 54.770081, 2.003309, 0.801246, 1.202063, 4.808252, 1.155027, 0.154098
54.539848, 54.747059, 2.002741, 0.802519, 1.200222, 4.800888, 1.251044, 0.179119
54.893162, 54.761669, 2.003102, 0.803044, 1.200057, 4.800229, 1.347049, 0.206060
54.962200, 54.781723, 2.003597, 0.803461, 1.200136, 4.800542, 1.443060, 0.234921
54.664829, 54.770035, 2.003308, 0.804508, 1.198800, 4.795200, 1.538964, 0.265701
54.921597, 54.785191, 2.003682, 0.805021, 1.198662, 4.794646, 1.634857, 0.298398
55.129932, 54.819664, 2.004533, 0.805147, 1.199385, 4.797542, 1.730808, 0.333014
54.743126, 54.812012, 2.004344, 0.806114, 1.198231, 4.792923, 1.826666, 0.369547
54.949726, 54.825783, 2.004684, 0.806651, 1.198032, 4.792130, 1.922509, 0.407997
54.826096, 54.825813, 2.004685, 0.807463, 1.197222, 4.788886, 2.018286, 0.448363
54.779789, 54.821213, 2.004571, 0.808367, 1.196204, 4.784816, 2.113982, 0.490643
55.154316, 54.854523, 2.005392, 0.808511, 1.196881, 4.787526, 2.209733, 0.534837
55.276432, 54.896713, 2.006431, 0.808475, 1.197956, 4.791824, 2.305569, 0.580949
54.804710, 54.887512, 2.006205, 0.809471, 1.196734, 4.786935, 2.401308, 0.628975
55.364250, 54.935184, 2.007378, 0.809322, 1.198056, 4.792222, 2.497153, 0.678918
54.957897, 54.937454, 2.007434, 0.810087, 1.197347, 4.789388, 2.592940, 0.730777
55.295834, 54.973293, 2.008314, 0.810174, 1.198141, 4.792563, 2.688792, 0.784553
54.655972, 54.941563, 2.007535, 0.811624, 1.195911, 4.783643, 2.784464, 0.840242
54.668022, 54.914207, 2.006862, 0.812985, 1.193877, 4.775506, 2.879974, 0.897841
55.210712, 54.943859, 2.007591, 0.813193, 1.194398, 4.777591, 2.975526, 0.957352
55.381069, 54.987579, 2.008665, 0.813115, 1.195550, 4.782199, 3.071170, 1.018775
55.258812, 55.014702, 2.009331, 0.813373, 1.195958, 4.783834, 3.166847, 1.082112
55.444817, 55.057713, 2.010386, 0.813307, 1.197080, 4.788319, 3.262613, 1.147364
54.778008, 55.029743, 2.009700, 0.814682, 1.195018, 4.780072, 3.358214, 1.214529
54.840286, 55.010796, 2.009235, 0.815874, 1.193361, 4.773445, 3.453683, 1.283602
54.755566, 54.985271, 2.008609, 0.817199, 1.191409, 4.765637, 3.548996, 1.354582
55.236507, 55.010395, 2.009226, 0.817492, 1.191733, 4.766934, 3.644335, 1.427469
55.208729, 55.030228, 2.009712, 0.817892, 1.191820, 4.767282, 3.739681, 1.502263
55.441956, 55.071400, 2.010722, 0.817855, 1.192867, 4.771468, 3.835110, 1.578965
55.430328, 55.107292, 2.011601, 0.817924, 1.193677, 4.774707, 3.930604, 1.657577
55.146435, 55.111206, 2.011697, 0.818648, 1.193049, 4.772196, 4.026048, 1.738098
54.676155, 55.067699, 2.010631, 0.820343, 1.190288, 4.761151, 4.121271, 1.820523
54.616165, 55.022545, 2.009524, 0.822072, 1.187452, 4.749807, 4.216267, 1.904849
54.599384, 54.980228, 2.008485, 0.823742, 1.184743, 4.738973, 4.311046, 1.991070
54.824814, 54.964687, 2.008103, 0.824861, 1.183242, 4.732968, 4.405705, 2.079184
54.554443, 54.923664, 2.007094, 0.826504, 1.180591, 4.722363, 4.500153, 2.169187
54.918602, 54.923157, 2.007082, 0.827313, 1.179769, 4.719077, 4.594534, 2.261077
54.515297, 54.882370, 2.006078, 0.828950, 1.177128, 4.708512, 4.688704, 2.354851
54.871841, 54.881317, 2.006052, 0.829769, 1.176283, 4.705132, 4.782807, 2.450507
54.818558, 54.875042, 2.005898, 0.830695, 1.175203, 4.700811, 4.876823, 2.548044
55.243736, 54.911911, 2.006805, 0.830730, 1.176075, 4.704300, 4.970909, 2.647462
55.368023, 54.957523, 2.007927, 0.830584, 1.177343, 4.709373, 5.065096, 2.748764
54.384190, 54.900188, 2.006517, 0.832565, 1.173952, 4.695807, 5.159012, 2.851944
54.798794, 54.890049, 2.006267, 0.833570, 1.172698, 4.690791, 5.252828, 2.957001
54.578163, 54.858860, 2.005499, 0.835009, 1.170490, 4.681959, 5.346467, 3.063930
54.497406, 54.822716, 2.004608, 0.836551, 1.168057, 4.672227, 5.439912, 3.172728
55.107769, 54.851219, 2.005311, 0.836752, 1.168558, 4.674233, 5.533397, 3.283396
54.732525, 54.839352, 2.005018, 0.837791, 1.167227, 4.668910, 5.626775, 3.395932
54.109905, 54.766407, 2.003219, 0.840097, 1.163122, 4.652486, 5.719824, 3.510328
55.151340, 54.804901, 2.004169, 0.840087, 1.164082, 4.656327, 5.812951, 3.626587
54.239891, 54.748402, 2.002774, 0.842052, 1.160722, 4.642888, 5.905809, 3.744704
54.067657, 54.680328, 2.001091, 0.844257, 1.156834, 4.627336, 5.998356, 3.864671
54.391598, 54.651455, 2.000376, 0.845645, 1.154731, 4.618923, 6.090734, 3.986485
54.951855, 54.681496, 2.001120, 0.845806, 1.155314, 4.621255, 6.183159, 4.110148
55.033844, 54.716732, 2.001991, 0.845857, 1.156134, 4.624537, 6.275650, 4.235662
54.588585, 54.703918, 2.001674, 0.846911, 1.154764, 4.619054, 6.368031, 4.363022
54.453354, 54.678864, 2.001055, 0.848220, 1.152835, 4.611339, 6.460258, 4.492228
54.924690, 54.703445, 2.001663, 0.848490, 1.153172, 4.612690, 6.552512, 4.623278
54.841930, 54.717293, 2.002005, 0.848985, 1.153020, 4.612082, 6.644753, 4.756173
55.515453, 54.797108, 2.003977, 0.848095, 1.155882, 4.623527, 6.737224, 4.890917
54.952644, 54.812660, 2.004360, 0.848553, 1.155807, 4.623230, 6.829689, 5.027511
54.998543, 54.831249, 2.004819, 0.848946, 1.155873, 4.623491, 6.922158, 5.165954
54.214451, 54.769569, 2.003297, 0.851027, 1.152269, 4.609078, 7.014340, 5.306241
54.634064, 54.756020, 2.002962, 0.852095, 1.150867, 4.603468, 7.106409, 5.448369
54.602039, 54.740623, 2.002582, 0.853201, 1.149381, 4.597522, 7.198359, 5.592336
55.098072, 54.776367, 2.003465, 0.853229, 1.150236, 4.600945, 7.290379, 5.738144
55.527359, 54.851467, 2.005317, 0.852423, 1.152894, 4.611574, 7.382610, 5.885796
54.734329, 54.839752, 2.005028, 0.853453, 1.151576, 4.606303, 7.474736, 6.035291
55.301487, 54.885925, 2.006166, 0.853256, 1.152910, 4.611641, 7.566968, 6.186630
54.642693, 54.861603, 2.005567, 0.854552, 1.151015, 4.604059, 7.659050, 6.339811
54.803593, 54.855801, 2.005424, 0.855455, 1.149969, 4.599876, 7.751047, 6.494832
54.876511, 54.857872, 2.005475, 0.856190, 1.149285, 4.597139, 7.842990, 6.651692
54.993267, 54.871410, 2.005808, 0.856681, 1.149127, 4.596509, 7.934920, 6.810390
54.984028, 54.882671, 2.006086, 0.857220, 1.148866, 4.595463, 8.026830, 6.970927
54.809643, 54.875370, 2.005906, 0.858153, 1.147753, 4.591010, 8.118649, 7.133300
54.838364, 54.871670, 2.005815, 0.859010, 1.146805, 4.587220, 8.210394, 7.297508
54.980717, 54.882576, 2.006083, 0.859554, 1.146529, 4.586118, 8.302116, 7.463551
55.223721, 54.916691, 2.006923, 0.859602, 1.147321, 4.589285, 8.393902, 7.631429
54.942535, 54.919273, 2.006986, 0.860323, 1.146664, 4.586655, 8.485635, 7.801141
55.071445, 54.934490, 2.007361, 0.860773, 1.146588, 4.586351, 8.577362, 7.972689
55.237991, 54.964840, 2.008107, 0.860898, 1.147209, 4.588835, 8.669139, 8.146071
55.288651, 54.997223, 2.008902, 0.860979, 1.147924, 4.591695, 8.760973, 8.321291
54.840961, 54.981598, 2.008518, 0.862089, 1.146429, 4.585717, 8.852687, 8.498344
54.773708, 54.960808, 2.008008, 0.863310, 1.144697, 4.578789, 8.944263, 8.677230
55.106285, 54.975357, 2.008365, 0.863771, 1.144594, 4.578376, 9.035830, 8.857946
55.389130, 55.016735, 2.009381, 0.863653, 1.145728, 4.582911, 9.127488, 9.040496
55.066349, 55.021698, 2.009503, 0.864320, 1.145183, 4.580733, 9.219103, 9.224878
54.830414, 55.002571, 2.009033, 0.865505, 1.143528, 4.574113, 9.310585, 9.411090
54.272476, 54.929562, 2.007240, 0.867853, 1.139386, 4.557545, 9.401736, 9.599125
54.288391, 54.865444, 2.005661, 0.870008, 1.135653, 4.542613, 9.492588, 9.788977
54.552166, 54.834118, 2.004889, 0.871454, 1.133435, 4.533742, 9.583262, 9.980642
53.714703, 54.722176, 2.002126, 0.874639, 1.127486, 4.509945, 9.673461, 10.174111
53.851871, 54.635147, 1.999972, 1.999972, 0.000000, 0.000000, 9.673461, 10.367580
54.309532, 54.602585, 1.999165, 1.999165, 0.000000, 0.000000, 9.673461, 10.561049
54.070000, 54.549328, 1.997844, 1.997844, 0.000000, 0.000000, 9.673461, 10.754519
53.599445, 54.454338, 1.995483, 1.995483, 0.000000, 0.000000, 9.673461, 10.947988
54.117752, 54.420681, 1.994645, 1.994645, 0.000000, 0.000000, 9.673461, 11.141457
54.445950, 54.423206, 1.994708, 1.994708, 0.000000, 0.000000, 9.673461, 11.334926
54.051083, 54.385994, 1.993781, 1.993781, 0.000000, 0.000000, 9.673461, 11.528395
54.472458, 54.394642, 1.993996, 1.993996, 0.000000, 0.000000, 9.673461, 11.721864
53.200439, 54.275223, 1.991016, 1.991016, 0.000000, 0.000000, 9.673461, 11.915333
53.533203, 54.201019, 1.989160, 1.989160, 0.000000, 0.000000, 9.673461, 12.108802
53.536755, 54.134594, 1.987495, 1.987495, 0.000000, 0.000000, 9.673461, 12.302271
53.251240, 54.046257, 1.985277, 1.985277, 0.000000, 0.000000, 9.673461, 12.495740
53.579617, 53.999592, 1.984104, 1.984104, 0.000000, 0.000000, 9.673461, 12.689209
53.086803, 53.908314, 1.981805, 1.981805, 0.000000, 0.000000, 9.673461, 12.882678
52.912891, 53.808773, 1.979292, 1.979292, 0.000000, 0.000000, 9.673461, 13.076147
52.749748, 53.702869, 1.976612, 1.976612, 0.000000, 0.000000, 9.673461, 13.269616
52.544209, 53.587002, 1.973672, 1.973672, 0.000000, 0.000000, 9.673461, 13.463085
51.943336, 53.422634, 1.969487, 1.969487, 0.000000, 0.000000, 9.673461, 13.656554
52.576088, 53.337978, 1.967326, 1.967326, 0.000000, 0.000000, 9.673461, 13.850023
51.694725, 53.173653, 1.963118, 1.963118, 0.000000, 0.000000, 9.673461, 14.043492
52.233887, 53.079678, 1.960704, 1.960704, 0.000000, 0.000000, 9.673461, 14.236961
52.190407, 52.990749, 1.958415, 1.958415, 0.000000, 0.000000, 9.673461, 14.430430
52.128231, 52.904499, 1.956191, 1.956191, 0.000000, 0.000000, 9.673461, 14.623899
52.113953, 52.825443, 1.954148, 1.954148, 0.000000, 0.000000, 9.673461, 14.817369
52.075272, 52.750427, 1.952206, 1.952206, 0.000000, 0.000000, 9.673461, 15.010838
52.058723, 52.681255, 1.950412, 1.950412, 0.000000, 0.000000, 9.673461, 15.204307
51.305000, 52.543629, 1.946835, 1.946835, 0.000000, 0.000000, 9.673461, 15.397776
51.179443, 52.407211, 1.943279, 1.943279, 0.000000, 0.000000, 9.673461, 15.591245
51.777157, 52.344208, 1.941632, 1.941632, 0.000000, 0.000000, 9.673461, 15.784714
51.192513, 52.229038, 1.938617, 1.938617, 0.000000, 0.000000, 9.673461, 15.978183
50.893345, 52.095470, 1.935110, 1.935110, 0.000000, 0.000000, 9.673461, 16.171652
50.342026, 51.920128, 1.930490, 1.930490, 0.000000, 0.000000, 9.673461, 16.365122
50.181431, 51.746258, 1.925891, 1.925891, 0.000000, 0.000000, 9.673461, 16.558592
49.712708, 51.542904, 1.920489, 1.920489, 0.000000, 0.000000, 9.673461, 16.752062
49.281124, 51.316727, 1.914453, 1.914453, 0.000000, 0.000000, 9.673461, 16.945532
49.297211, 51.114777, 1.909038, 1.909038, 0.000000, 0.000000, 9.673461, 17.139002
48.525536, 50.855854, 1.902061, 1.902061, 0.000000, 0.000000, 9.673461, 17.332472
48.536701, 50.623940, 1.895779, 1.895779, 0.000000, 0.000000, 9.673461, 17.525942
48.459518, 50.407497, 1.889888, 1.889888, 0.000000, 0.000000, 9.673461, 17.719412
48.470551, 50.213802, 1.884593, 1.884593, 0.000000, 0.000000, 9.673461, 17.912882
48.157883, 50.008209, 1.878950, 1.878950, 0.000000, 0.000000, 9.673461, 18.106352
48.681965, 49.875584, 1.875296, 1.875296, 0.000000, 0.000000, 9.673461, 18.299822
48.418369, 49.729862, 1.871271, 1.871271, 0.000000, 0.000000, 9.673461, 18.493292
47.761749, 49.533051, 1.865814, 1.865814, 0.000000, 0.000000, 9.673461, 18.686762
47.426933, 49.322437, 1.859951, 1.859951, 0.000000, 0.000000, 9.673461, 18.880232
46.894363, 49.079628, 1.853160, 1.853160, 0.000000, 0.000000, 9.673461, 19.073702
48.544128, 49.026077, 1.851657, 1.851657, 0.000000, 0.000000, 9.673461, 19.267172
44.355713, 48.559040, 1.838488, 1.838488, 0.000000, 0.000000, 9.673461, 19.460642
43.934383, 48.096573, 1.825326, 1.825326, 0.000000, 0.000000, 9.673461, 19.654112
45.632496, 47.850166, 1.818265, 1.818265, 0.000000, 0.000000, 9.673461, 19.847582
44.006866, 47.465836, 1.807184, 1.807184, 0.000000, 0.000000, 9.673461, 20.041052
43.115574, 47.030807, 1.794544, 1.794544, 0.000000, 0.000000, 9.673461, 20.234522
42.174820, 46.545208, 1.780312, 1.780312, 0.000000, 0.000000, 9.673461, 20.427992
41.018444, 45.992531, 1.763959, 1.763959, 0.000000, 0.000000, 9.673461, 20.621462
40.882317, 45.481510, 1.748692, 1.748692, 0.000000, 0.000000, 9.673461, 20.814932
40.632729, 44.996632, 1.734077, 1.734077, 0.000000, 0.000000, 9.673461, 21.008402
39.400993, 44.437069, 1.717058, 1.717058, 0.000000, 0.000000, 9.673461, 21.201872
37.186073, 43.711967, 1.694759, 1.694759, 0.000000, 0.000000, 9.673461, 21.395342
35.363739, 42.877144, 1.668751, 1.668751, 0.000000, 0.000000, 9.673461, 21.588812
34.601749, 42.049606, 1.642620, 1.642620, 0.000000, 0.000000, 9.673461, 21.782282
33.672745, 41.211922, 1.615820, 1.615820, 0.000000, 0.000000, 9.673461, 21.975752
31.787102, 40.269440, 1.585254, 1.585254, 0.000000, 0.000000, 9.673461, 22.169222
29.632032, 39.205700, 1.550241, 1.550241, 0.000000, 0.000000, 9.673461, 22.362692
28.079069, 38.093037, 1.513046, 1.513046, 0.000000, 0.000000, 9.673461, 22.556162
26.051197, 36.888851, 1.472149, 1.472149, 0.000000, 0.000000, 9.673461, 22.749632
23.492498, 35.549217, 1.425889, 1.425889, 0.000000, 0.000000, 9.673461, 22.943102
20.853905, 34.079685, 1.374247, 1.374247, 0.000000, 0.000000, 9.673461, 23.136572
17.388601, 32.410576, 1.314497, 1.314497, 0.000000, 0.000000, 9.673461, 23.330042
14.623382, 30.631857, 1.249598, 1.249598, 0.000000, 0.000000, 9.673461, 23.523512
12.570421, 28.825714, 1.182465, 1.182465, 0.000000, 0.000000, 9.673461, 23.716982
9.066502, 26.849792, 1.107679, 1.107679, 0.000000, 0.000000, 9.673461, 23.910452
6.973176, 24.862131, 1.031120, 1.031120, 0.000000, 0.000000, 9.673461, 24.103922
4.669194, 22.842838, 0.952072, 0.952072, 0.000000, 0.000000, 9.673461, 24.297392
2.830108, 20.841566, 0.872563, 0.872563, 0.000000, 0.000000, 9.673461, 24.490862
0.550793, 18.812489, 0.790863, 0.790863, 0.000000, 0.000000, 9.673461, 24.684332
-12.460527, 15.685187, 0.663037, 0.663037, 0.000000, 0.000000, 9.673461, 24.877802
0.908133, 14.207482, 0.601927, 0.601927, 0.000000, 0.000000, 9.673461, 25.071272
1.243286, 12.911062, 0.547982, 0.547982, 0.000000, 0.000000, 9.673461, 25.264742
-0.345081, 11.585448, 0.492533, 0.492533, 0.000000, 0.000000, 9.673461, 25.458212
0.999242, 10.526828, 0.448062, 0.448062, 0.000000, 0.000000, 9.673461, 25.651682
0.690959, 9.543241, 0.406605, 0.406605, 0.000000, 0.000000, 9.673461, 25.845152
-1.545606, 8.434356, 0.359723, 0.359723, 0.000000, 0.000000, 9.673461, 26.038622
1.493316, 7.740252, 0.330308, 0.330308, 0.000000, 0.000000, 9.673461, 26.232092
2.861254, 7.252352, 0.309603, 0.309603, 0.000000, 0.000000, 9.673461, 26.425562
0.857690, 6.612885, 0.282431, 0.282431, 0.000000, 0.000000, 9.673461, 26.619032
0.558058, 6.007403, 0.256671, 0.256671, 0.000000, 0.000000, 9.673461, 26.812502
0.622018, 5.468864, 0.233735, 0.233735, 0.000000, 0.000000, 9.673461, 27.005972
-2.182985, 4.703680, 0.201111, 0.201111, 0.000000, 0.000000, 9.673461, 27.199442
0.886065, 4.321918, 0.184821, 0.184821, 0.000000, 0.000000, 9.673461, 27.392912
0.447613, 3.934488, 0.168280, 0.168280, 0.000000, 0.000000, 9.673461, 27.586382
0.196296, 3.560668, 0.152313, 0.152313, 0.000000, 0.000000, 9.673461, 27.779852
0.508255, 3.255427, 0.139271, 0.139271, 0.000000, 0.000000, 9.673461, 27.973322
0.388207, 2.968705, 0.127016, 0.127016, 0.000000, 0.000000, 9.673461, 28.166792
0.221353, 2.693970, 0.115271, 0.115271, 0.000000, 0.000000, 9.673461, 28.360262
1.873385, 2.611912, 0.111762, 0.111762, 0.000000, 0.000000, 9.673461, 28.553732
0.460382, 2.396759, 0.102561, 0.102561, 0.000000, 0.000000, 9.673461, 28.747202
0.360200, 2.193103, 0.093851, 0.093851, 0.000000, 0.000000, 9.673461, 28.940672
0.589703, 2.032763, 0.086993, 0.086993, 0.000000, 0.000000, 9.673461, 29.134142
0.184527, 1.847939, 0.079086, 0.079086, 0.000000, 0.000000, 9.673461, 29.327612
0.218817, 1.685027, 0.072116, 0.072116, 0.000000, 0.000000, 9.673461, 29.521082
-0.034460, 1.513078, 0.064759, 0.064759, 0.000000, 0.000000, 9.673461, 29.714552
0.103422, 1.372113, 0.058727, 0.058727, 0.000000, 0.000000, 9.673461, 29.908022
0.197291, 1.254630, 0.053699, 0.053699, 0.000000, 0.000000, 9.673461, 30.101492
0.127298, 1.141897, 0.048875, 0.048875, 0.000000, 0.000000, 9.673461, 30.294962
0.091765, 1.036884, 0.044381, 0.044381, 0.000000, 0.000000, 9.673461, 30.488432
0.242777, 0.957473, 0.040982, 0.040982, 0.000000, 0.000000, 9.673461, 30.681902
0.217592, 0.883485, 0.037815, 0.037815, 0.000000, 0.000000, 9.673461, 30.875372
0.412935, 0.836430, 0.035801, 0.035801, 0.000000, 0.000000, 9.673461, 31.068842
0.092189, 0.762006, 0.032616, 0.032616, 0.000000, 0.000000, 9.673461, 31.262312
0.254440, 0.711249, 0.030444, 0.030444, 0.000000, 0.000000, 9.673461, 31.455782
0.000000, 0.640124, 0.027399, 0.027399, 0.000000, 0.000000, 9.673461, 31.649252
0.127118, 0.588824, 0.025204, 0.025204, 0.000000, 0.000000, 9.673461, 31.842722
0.218773, 0.551819, 0.023620, 0.023620, 0.000000, 0.000000, 9.673461, 32.036190
0.034592, 0.500096, 0.021406, 0.021406, 0.000000, 0.000000, 9.673461, 32.229660
0.207718, 0.470858, 0.020154, 0.020154, 0.000000, 0.000000, 9.673461, 32.423130
0.368530, 0.460625, 0.019716, 0.019716, 0.000000, 0.000000, 9.673461, 32.616600
0.393302, 0.453893, 0.019428, 0.019428, 0.000000, 0.000000, 9.673461, 32.810070
0.313342, 0.439838, 0.018827, 0.018827, 0.000000, 0.000000, 9.673461, 33.003540
0.173098, 0.413164, 0.017685, 0.017685, 0.000000, 0.000000, 9.673461, 33.197010
0.137427, 0.385590, 0.016505, 0.016505, 0.000000, 0.000000, 9.673461, 33.390480
0.243317, 0.371363, 0.015896, 0.015896, 0.000000, 0.000000, 9.673461, 33.583950
0.173064, 0.351533, 0.015047, 0.015047, 0.000000, 0.000000, 9.673461, 33.777420
-0.034557, 0.312924, 0.013394, 0.013394, 0.000000, 0.000000, 9.673461, 33.970890
0.217028, 0.303334, 0.012984, 0.012984, 0.000000, 0.000000, 9.673461, 34.164360
0.332644, 0.306265, 0.013109, 0.013109, 0.000000, 0.000000, 9.673461, 34.357830
0.114821, 0.287121, 0.012290, 0.012290, 0.000000, 0.000000, 9.673461, 34.551300
0.439216, 0.302330, 0.012941, 0.012941, 0.000000, 0.000000, 9.673461, 34.744770
-0.150230, 0.257074, 0.011004, 0.011004, 0.000000, 0.000000, 9.673461, 34.938240
0.150079, 0.246375, 0.010546, 0.010546, 0.000000, 0.000000, 9.673461, 35.131710
0.278470, 0.249584, 0.010683, 0.010683, 0.000000, 0.000000, 9.673461, 35.325180
0.219744, 0.246600, 0.010556, 0.010556, 0.000000, 0.000000, 9.673461, 35.518650
0.403484, 0.262289, 0.011227, 0.011227, 0.000000, 0.000000, 9.673461, 35.712120
0.232012, 0.259261, 0.011097, 0.011097, 0.000000, 0.000000, 9.673461, 35.905590
-0.023131, 0.231022, 0.009889, 0.009889, 0.000000, 0.000000, 9.673461, 36.099060
-0.057816, 0.202138, 0.008652, 0.008652, 0.000000, 0.000000, 9.673461, 36.292530
0.254081, 0.207332, 0.008875, 0.008875, 0.000000, 0.000000, 9.673461, 36.486000
0.447613, 0.231361, 0.009903, 0.009903, 0.000000, 0.000000, 9.673461, 36.679470
0.185198, 0.226744, 0.009706, 0.009706, 0.000000, 0.000000, 9.673461, 36.872940
0.344874, 0.238557, 0.010211, 0.010211, 0.000000, 0.000000, 9.673461, 37.066410
0.370018, 0.251703, 0.010774, 0.010774, 0.000000, 0.000000, 9.673461, 37.259880
0.310512, 0.257584, 0.011026, 0.011026, 0.000000, 0.000000, 9.673461, 37.453350
0.206636, 0.252489, 0.010808, 0.010808, 0.000000, 0.000000, 9.673461, 37.646820
0.242532, 0.251494, 0.010765, 0.010765, 0.000000, 0.000000, 9.673461, 37.840290
0.184119, 0.244756, 0.010477, 0.010477, 0.000000, 0.000000, 9.673461, 38.033760
0.172369, 0.237517, 0.010167, 0.010167, 0.000000, 0.000000, 9.673461, 38.227230
0.173029, 0.231069, 0.009891, 0.009891, 0.000000, 0.000000, 9.673461, 38.420700
0.299012, 0.237863, 0.010182, 0.010182, 0.000000, 0.000000, 9.673461, 38.614170
0.023052, 0.216382, 0.009262, 0.009262, 0.000000, 0.000000, 9.673461, 38.807640
0.137647, 0.208508, 0.008925, 0.008925, 0.000000, 0.000000, 9.673461, 39.001110
0.057676, 0.193425, 0.008279, 0.008279, 0.000000, 0.000000, 9.673461, 39.194580
0.115213, 0.185604, 0.007945, 0.007945, 0.000000, 0.000000, 9.673461, 39.388050
0.289780, 0.196022, 0.008391, 0.008391, 0.000000, 0.000000, 9.673461, 39.581520
0.472460, 0.223665, 0.009574, 0.009574, 0.000000, 0.000000, 9.673461, 39.774990
0.310699, 0.232369, 0.009946, 0.009946, 0.000000, 0.000000, 9.673461, 39.968460
0.229273, 0.232059, 0.009933, 0.009933, 0.000000, 0.000000, 9.673461, 40.161930
0.092394, 0.218093, 0.009335, 0.009335, 0.000000, 0.000000, 9.673461, 40.355400
0.254646, 0.221748, 0.009492, 0.009492, 0.000000, 0.000000, 9.673461, 40.548870
0.288496, 0.228423, 0.009777, 0.009777, 0.000000, 0.000000, 9.673461, 40.742340
0.425171, 0.248098, 0.010620, 0.010620, 0.000000, 0.000000, 9.673461, 40.935810
0.458081, 0.269096, 0.011518, 0.011518, 0.000000, 0.000000, 9.673461, 41.129280
0.045864, 0.246773, 0.010563, 0.010563, 0.000000, 0.000000, 9.673461, 41.322750
0.011556, 0.223251, 0.009556, 0.009556, 0.000000, 0.000000, 9.673461, 41.516220
0.302226, 0.231149, 0.009894, 0.009894, 0.000000, 0.000000, 9.673461, 41.709690
0.370391, 0.245073, 0.010490, 0.010490, 0.000000, 0.000000, 9.673461, 41.903160
0.195587, 0.240124, 0.010278, 0.010278, 0.000000, 0.000000, 9.673461, 42.096630
0.358021, 0.251914, 0.010783, 0.010783, 0.000000, 0.000000, 9.673461, 42.290100
-0.126582, 0.214064, 0.009163, 0.009163, 0.000000, 0.000000, 9.673461, 42.483570
0.415430, 0.234201, 0.010025, 0.010025, 0.000000, 0.000000, 9.673461, 42.677040
0.266760, 0.237457, 0.010164, 0.010164, 0.000000, 0.000000, 9.673461, 42.870510
0.115353, 0.225246, 0.009641, 0.009641, 0.000000, 0.000000, 9.673461, 43.063980
0.080714, 0.210793, 0.009023, 0.009023, 0.000000, 0.000000, 9.673461, 43.257450
0.334654, 0.223179, 0.009553, 0.009553, 0.000000, 0.000000, 9.673461, 43.450920
0.311638, 0.232025, 0.009932, 0.009932, 0.000000, 0.000000, 9.673461, 43.644390
0.392826, 0.248105, 0.010620, 0.010620, 0.000000, 0.000000, 9.673461, 43.837860
0.266490, 0.249944, 0.010699, 0.010699, 0.000000, 0.000000, 9.673461, 44.031330
0.126709, 0.237620, 0.010171, 0.010171, 0.000000, 0.000000, 9.673461, 44.224800
0.323571, 0.246215, 0.010539, 0.010539, 0.000000, 0.000000, 9.673461, 44.418270
0.172335, 0.238827, 0.010223, 0.010223, 0.000000, 0.000000, 9.673461, 44.611740
0.162475, 0.231192, 0.009896, 0.009896, 0.000000, 0.000000, 9.673461, 44.805210
0.091986, 0.217271, 0.009300, 0.009300, 0.000000, 0.000000, 9.673461, 44.998680
0.069031, 0.202447, 0.008666, 0.008666, 0.000000, 0.000000, 9.673461, 45.192150
0.218334, 0.204036, 0.008734, 0.008734, 0.000000, 0.000000, 9.673461, 45.385620
0.160975, 0.199730, 0.008549, 0.008549, 0.000000, 0.000000, 9.673461, 45.579090
0.470473, 0.226804, 0.009708, 0.009708, 0.000000, 0.000000, 9.673461, 45.772560
0.172750, 0.221399, 0.009477, 0.009477, 0.000000, 0.000000, 9.673461, 45.966030
0.599089, 0.259168, 0.011093, 0.011093, 0.000000, 0.000000, 9.673461, 46.159500
0.265577, 0.259809, 0.011121, 0.011121, 0.000000, 0.000000, 9.673461, 46.352970
0.057618, 0.239590, 0.010255, 0.010255, 0.000000, 0.000000, 9.673461, 46.546440
0.426540, 0.258285, 0.011056, 0.011056, 0.000000, 0.000000, 9.673461, 46.739910
0.092805, 0.241737, 0.010347, 0.010347, 0.000000, 0.000000, 9.673461, 46.933380
0.323049, 0.249868, 0.010695, 0.010695, 0.000000, 0.000000, 9.673461, 47.126850
0.034585, 0.228340, 0.009774, 0.009774, 0.000000, 0.000000, 9.673461, 47.320320
0.023006, 0.207806, 0.008895, 0.008895, 0.000000, 0.000000, 9.673461, 47.513790
0.206967, 0.207722, 0.008891, 0.008891, 0.000000, 0.000000, 9.673461, 47.707260
0.174151, 0.204365, 0.008748, 0.008748, 0.000000, 0.000000, 9.673461, 47.900730
0.242826, 0.208211, 0.008912, 0.008912, 0.000000, 0.000000, 9.673461, 48.094200
0.206470, 0.208037, 0.008905, 0.008905, 0.000000, 0.000000, 9.673461, 48.287670
0.185760, 0.205810, 0.008809, 0.008809, 0.000000, 0.000000, 9.673461, 48.481140
0.114660, 0.196695, 0.008419, 0.008419, 0.000000, 0.000000, 9.673461, 48.674610
0.174080, 0.194433, 0.008323, 0.008323, 0.000000, 0.000000, 9.673461, 48.868080
0.229825, 0.197972, 0.008474, 0.008474, 0.000000, 0.000000, 9.673461, 49.061550
0.347383, 0.212913, 0.009114, 0.009114, 0.000000, 0.000000, 9.673461, 49.255020
0.219655, 0.213588, 0.009142, 0.009142, 0.000000, 0.000000, 9.673461, 49.448490
0.069506, 0.199179, 0.008526, 0.008526, 0.000000, 0.000000, 9.673461, 49.641960
0.277068, 0.206968, 0.008859, 0.008859, 0.000000, 0.000000, 9.673461, 49.835430
0.150049, 0.201276, 0.008615, 0.008615, 0.000000, 0.000000, 9.673461, 50.028900
0.206388, 0.201787, 0.008637, 0.008637, 0.000000, 0.000000, 9.673461, 50.222370
0.253979, 0.207007, 0.008861, 0.008861, 0.000000, 0.000000, 9.673461, 50.415840
0.057422, 0.192048, 0.008220, 0.008220, 0.000000, 0.000000, 9.673461, 50.609310
-0.011542, 0.171689, 0.007349, 0.007349, 0.000000, 0.000000, 9.673461, 50.802780
0.484373, 0.202957, 0.008687, 0.008687, 0.000000, 0.000000, 9.673461, 50.996250
0.449957, 0.227657, 0.009745, 0.009745, 0.000000, 0.000000, 9.673461, 51.189720
0.252403, 0.230132, 0.009851, 0.009851, 0.000000, 0.000000, 9.673461, 51.383190
0.160910, 0.223210, 0.009554, 0.009554, 0.000000, 0.000000, 9.673461, 51.576660
0.196020, 0.220491, 0.009438, 0.009438, 0.000000, 0.000000, 9.673461, 51.770130
0.241365, 0.222578, 0.009527, 0.009527, 0.000000, 0.000000, 9.673461, 51.963600
-0.034364, 0.196884, 0.008427, 0.008427, 0.000000, 0.000000, 9.673461, 52.157070
0.092189, 0.186415, 0.007979, 0.007979, 0.000000, 0.000000, 9.673461, 52.350540
0.217723, 0.189545, 0.008113, 0.008113, 0.000000, 0.000000, 9.673461, 52.544010
0.127041, 0.183295, 0.007846, 0.007846, 0.000000, 0.000000, 9.673461, 52.737480
0.413597, 0.206325, 0.008832, 0.008832, 0.000000, 0.000000, 9.673461, 52.930950
0.114982, 0.197191, 0.008441, 0.008441, 0.000000, 0.000000, 9.673461, 53.124420
0.241607, 0.201633, 0.008631, 0.008631, 0.000000, 0.000000, 9.673461, 53.317890
0.243071, 0.205776, 0.008808, 0.008808, 0.000000, 0.000000, 9.673461, 53.511360
0.114203, 0.196619, 0.008416, 0.008416, 0.000000, 0.000000, 9.673461, 53.704830
0.240352, 0.200992, 0.008603, 0.008603, 0.000000, 0.000000, 9.673461, 53.898300
0.635822, 0.244475, 0.010465, 0.010465, 0.000000, 0.000000, 9.673461, 54.091770
0.230797, 0.243108, 0.010406, 0.010406, 0.000000, 0.000000, 9.673461, 54.285240
0.069477, 0.225745, 0.009663, 0.009663, 0.000000, 0.000000, 9.673461, 54.478710
0.265149, 0.229685, 0.009831, 0.009831, 0.000000, 0.000000, 9.673461, 54.672180
0.057793, 0.212496, 0.009096, 0.009096, 0.000000, 0.000000, 9.673461, 54.865650
0.080423, 0.199289, 0.008530, 0.008530, 0.000000, 0.000000, 9.673461, 55.059120
0.057342, 0.185094, 0.007923, 0.007923, 0.000000, 0.000000, 9.673461, 55.252590
0.356084, 0.202193, 0.008655, 0.008655, 0.000000, 0.000000, 9.673461, 55.446060
0.308961, 0.212870, 0.009112, 0.009112, 0.000000, 0.000000, 9.673461, 55.639530
0.126151, 0.204198, 0.008741, 0.008741, 0.000000, 0.000000, 9.673461, 55.833000
0.138312, 0.197609, 0.008458, 0.008458, 0.000000, 0.000000, 9.673461, 56.026470
0.069156, 0.184764, 0.007909, 0.007909, 0.000000, 0.000000, 9.673461, 56.219940
0.485056, 0.214793, 0.009194, 0.009194, 0.000000, 0.000000, 9.673461, 56.413410
0.011526, 0.194466, 0.008324, 0.008324, 0.000000, 0.000000, 9.673461, 56.606880
0.312898, 0.206310, 0.008831, 0.008831, 0.000000, 0.000000, 9.673461, 56.800350
-0.103297, 0.175349, 0.007506, 0.007506, 0.000000, 0.000000, 9.673461, 56.993820
0.379436, 0.195758, 0.008379, 0.008379, 0.000000, 0.000000, 9.673461, 57.187290
0.220189, 0.198201, 0.008484, 0.008484, 0.000000, 0.000000, 9.673461, 57.380760
0.114982, 0.189879, 0.008128, 0.008128, 0.000000, 0.000000, 9.673461, 57.574230
0.333713, 0.204262, 0.008743, 0.008743, 0.000000, 0.000000, 9.673461, 57.767700
0.114890, 0.195325, 0.008361, 0.008361, 0.000000, 0.000000, 9.673461, 57.961170
0.126151, 0.188408, 0.008065, 0.008065, 0.000000, 0.000000, 9.673461, 58.154640
0.172473, 0.186814, 0.007996, 0.007996, 0.000000, 0.000000, 9.673461, 58.348110
0.241801, 0.192313, 0.008232, 0.008232, 0.000000, 0.000000, 9.673461, 58.541580
