0.000000, 0.000000, 0.000000, 0.000000, 0.000000, 0.000000, 0.000000, 0.000000
0.263769, 0.026377, 0.001129, 0.001129, 0.000000, 0.000000, 0.000000, 0.000000
-0.011573, 0.022582, 0.000967, 0.000967, 0.000000, 0.000000, 0.000000, 0.000000
-0.057526, 0.014571, 0.000624, 0.000624, 0.000000, 0.000000, 0.000000, 0.000000
0.333981, 0.046512, 0.001991, 0.001991, 0.000000, 0.000000, 0.000000, 0.000000
0.335464, 0.075407, 0.003228, 0.003228, 0.000000, 0.000000, 0.000000, 0.000000
-0.022973, 0.065569, 0.002807, 0.002807, 0.000000, 0.000000, 0.000000, 0.000000
0.229779, 0.081990, 0.003510, 0.003510, 0.000000, 0.000000, 0.000000, 0.000000
0.161169, 0.089908, 0.003848, 0.003848, 0.000000, 0.000000, 0.000000, 0.000000
0.194222, 0.100340, 0.004295, 0.004295, 0.000000, 0.000000, 0.000000, 0.000000
0.171544, 0.107460, 0.004600, 0.004600, 0.000000, 0.000000, 0.000000, 0.000000
0.208095, 0.117523, 0.005030, 0.005030, 0.000000, 0.000000, 0.000000, 0.000000
0.046300, 0.110401, 0.004726, 0.004726, 0.000000, 0.000000, 0.000000, 0.000000
-0.011524, 0.098209, 0.004204, 0.004204, 0.000000, 0.000000, 0.000000, 0.000000
0.057746, 0.094162, 0.004031, 0.004031, 0.000000, 0.000000, 0.000000, 0.000000
-0.034613, 0.081285, 0.003479, 0.003479, 0.000000, 0.000000, 0.000000, 0.000000
0.092023, 0.082359, 0.003525, 0.003525, 0.000000, 0.000000, 0.000000, 0.000000
0.357805, 0.109903, 0.004704, 0.004704, 0.000000, 0.000000, 0.000000, 0.000000
0.034529, 0.102366, 0.004382, 0.004382, 0.000000, 0.000000, 0.000000, 0.000000
0.253774, 0.117507, 0.005030, 0.005030, 0.000000, 0.000000, 0.000000, 0.000000
-0.080747, 0.097681, 0.004181, 0.004181, 0.000000, 0.000000, 0.000000, 0.000000
-0.138034, 0.074110, 0.003172, 0.003172, 0.000000, 0.000000, 0.000000, 0.000000
0.034419, 0.070141, 0.003002, 0.003002, 0.000000, 0.000000, 0.000000, 0.000000
0.138284, 0.076955, 0.003294, 0.003294, 0.000000, 0.000000, 0.000000, 0.000000
0.207383, 0.089998, 0.003852, 0.003852, 0.000000, 0.000000, 0.000000, 0.000000
0.229136, 0.103912, 0.004448, 0.004448, 0.000000, 0.000000, 0.000000, 0.000000
-0.103588, 0.083162, 0.003560, 0.003560, 0.000000, 0.000000, 0.000000, 0.000000
0.069253, 0.081771, 0.003500, 0.003500, 0.000000, 0.000000, 0.000000, 0.000000
0.011487, 0.074742, 0.003199, 0.003199, 0.000000, 0.000000, 0.000000, 0.000000
-0.114844, 0.055784, 0.002388, 0.002388, 0.000000, 0.000000, 0.000000, 0.000000
0.172300, 0.067435, 0.002887, 0.002887, 0.000000, 0.000000, 0.000000, 0.000000
0.069505, 0.067642, 0.002895, 0.002895, 0.000000, 0.000000, 0.000000, 0.000000
0.416100, 0.102488, 0.004387, 0.004387, 0.000000, 0.000000, 0.000000, 0.000000
0.195273, 0.111767, 0.004784, 0.004784, 0.000000, 0.000000, 0.000000, 0.000000
-0.011559, 0.099434, 0.004256, 0.004256, 0.000000, 0.000000, 0.000000, 0.000000
-0.182907, 0.071200, 0.003048, 0.003048, 0.000000, 0.000000, 0.000000, 0.000000
0.380505, 0.102131, 0.004372, 0.004372, 0.000000, 0.000000, 0.000000, 0.000000
0.219302, 0.113848, 0.004873, 0.004873, 0.000000, 0.000000, 0.000000, 0.000000
0.217984, 0.124261, 0.005319, 0.005319, 0.000000, 0.000000, 0.000000, 0.000000
-0.011498, 0.110685, 0.004738, 0.004738, 0.000000, 0.000000, 0.000000, 0.000000
0.219744, 0.121591, 0.005205, 0.005205, 0.000000, 0.000000, 0.000000, 0.000000
0.244255, 0.133858, 0.005730, 0.005730, 0.000000, 0.000000, 0.000000, 0.000000
0.091600, 0.129632, 0.005549, 0.005549, 0.000000, 0.000000, 0.000000, 0.000000
0.057921, 0.122461, 0.005242, 0.005242, 0.000000, 0.000000, 0.000000, 0.000000
-0.023061, 0.107909, 0.004619, 0.004619, 0.000000, 0.000000, 0.000000, 0.000000
-0.046002, 0.092518, 0.003960, 0.003960, 0.000000, 0.000000, 0.000000, 0.000000
0.057734, 0.089039, 0.003811, 0.003811, 0.000000, 0.000000, 0.000000, 0.000000
0.127324, 0.092868, 0.003975, 0.003975, 0.000000, 0.000000, 0.000000, 0.000000
0.219037, 0.105485, 0.004515, 0.004515, 0.000000, 0.000000, 0.000000, 0.000000
-0.069337, 0.088002, 0.003767, 0.003767, 0.000000, 0.000000, 0.000000, 0.000000
0.137208, 0.092923, 0.003977, 0.003977, 0.000000, 0.000000, 0.000000, 0.000000
0.080731, 0.091704, 0.003925, 0.003925, 0.000000, 0.000000, 0.000000, 0.000000
0.229273, 0.105461, 0.004514, 0.004514, 0.000000, 0.000000, 0.000000, 0.000000
0.196099, 0.114524, 0.004902, 0.004902, 0.000000, 0.000000, 0.000000, 0.000000
0.356226, 0.138695, 0.005937, 0.005937, 0.000000, 0.000000, 0.000000, 0.000000
-0.172924, 0.107533, 0.004603, 0.004603, 0.000000, 0.000000, 0.000000, 0.000000
0.034725, 0.100252, 0.004291, 0.004291, 0.000000, 0.000000, 0.000000, 0.000000
0.323180, 0.122545, 0.005245, 0.005245, 0.000000, 0.000000, 0.000000, 0.000000
0.281632, 0.138453, 0.005926, 0.005926, 0.000000, 0.000000, 0.000000, 0.000000
0.354519, 0.160060, 0.006851, 0.006851, 0.000000, 0.000000, 0.000000, 0.000000
0.298890, 0.173943, 0.007445, 0.007445, 0.000000, 0.000000, 0.000000, 0.000000
0.230935, 0.179642, 0.007689, 0.007689, 0.000000, 0.000000, 0.000000, 0.000000
0.754459, 0.237124, 0.010150, 0.010150, 0.000000, 0.000000, 0.000000, 0.000000
1.219354, 0.335347, 0.014354, 0.014354, 0.000000, 0.000000, 0.000000, 0.000000
0.452921, 0.347104, 0.014857, 0.014857, 0.000000, 0.000000, 0.000000, 0.000000
0.496388, 0.362033, 0.015496, 0.015496, 0.000000, 0.000000, 0.000000, 0.000000
0.613049, 0.387134, 0.016571, 0.016571, 0.000000, 0.000000, 0.000000, 0.000000
1.187915, 0.467212, 0.019998, 0.019998, 0.000000, 0.000000, 0.000000, 0.000000
2.075335, 0.628025, 0.026882, 0.026882, 0.000000, 0.000000, 0.000000, 0.000000
3.017398, 0.866962, 0.037108, 0.037108, 0.000000, 0.000000, 0.000000, 0.000000
4.462329, 1.226499, 0.052495, 0.052495, 0.000000, 0.000000, 0.000000, 0.000000
5.913466, 1.695195, 0.072551, 0.072551, 0.000000, 0.000000, 0.000000, 0.000000
7.716899, 2.297366, 0.098311, 0.098311, 0.000000, 0.000000, 0.000000, 0.000000
9.830177, 3.050647, 0.130519, 0.130519, 0.000000, 0.000000, 0.000000, 0.000000
11.976117, 3.943194, 0.168652, 0.168652, 0.000000, 0.000000, 0.000000, 0.000000
13.483056, 4.897180, 0.209365, 0.209365, 0.000000, 0.000000, 0.000000, 0.000000
14.170746, 5.824537, 0.248885, 0.248885, 0.000000, 0.000000, 0.000000, 0.000000
16.755505, 6.917634, 0.295385, 0.295385, 0.000000, 0.000000, 0.000000, 0.000000
19.128895, 8.138760, 0.347203, 0.347203, 0.000000, 0.000000, 0.000000, 0.000000
20.777462, 9.402630, 0.400668, 0.400668, 0.000000, 0.000000, 0.000000, 0.000000
23.579920, 10.820359, 0.460409, 0.460409, 0.000000, 0.000000, 0.000000, 0.000000
23.094004, 12.047724, 0.511901, 0.511901, 0.000000, 0.000000, 0.000000, 0.000000
24.837202, 13.326672, 0.565308, 0.565308, 0.000000, 0.000000, 0.000000, 0.000000
28.395348, 14.833539, 0.627869, 0.627869, 0.000000, 0.000000, 0.000000, 0.000000
26.706682, 16.020853, 0.676859, 0.676859, 0.000000, 0.000000, 0.000000, 0.000000
26.832155, 17.101984, 0.721215, 0.721215, 0.000000, 0.000000, 0.000000, 0.000000
28.899700, 18.281755, 0.769325, 0.769325, 0.000000, 0.000000, 0.000000, 0.000000
28.489233, 19.302504, 0.810688, 0.810688, 0.000000, 0.000000, 0.000000, 0.000000
28.644621, 20.236715, 0.848319, 0.848319, 0.000000, 0.000000, 0.000000, 0.000000
28.737440, 21.086788, 0.882365, 0.882365, 0.000000, 0.000000, 0.000000, 0.000000
27.892460, 21.767355, 0.909482, 0.909482, 0.000000, 0.000000, 0.000000, 0.000000
30.218273, 22.612448, 0.942976, 0.942976, 0.000000, 0.000000, 0.000000, 0.000000
31.581865, 23.509390, 0.978301, 0.978301, 0.000000, 0.000000, 0.000000, 0.000000
32.253792, 24.383831, 1.012508, 1.786990, -0.774482, -3.097927, -0.061959, -0.001239
31.103573, 25.055805, 1.038636, 1.777367, -0.738732, -2.954927, -0.121057, -0.003660
30.893057, 25.639530, 1.061216, 1.768810, -0.707594, -2.830377, -0.177665, -0.007214
32.020535, 26.277630, 1.085774, 1.759246, -0.673472, -2.693888, -0.231542, -0.011844
32.971012, 26.946968, 1.111389, 1.748978, -0.637590, -2.550359, -0.282550, -0.017495
34.241096, 27.676380, 1.139130, 1.737518, -0.598388, -2.393553, -0.330421, -0.024104
35.075447, 28.416286, 1.167082, 1.725605, -0.558524, -2.234094, -0.375102, -0.031606
35.744190, 29.149076, 1.194573, 1.713523, -0.518951, -2.075802, -0.416619, -0.039938
35.144497, 29.748619, 1.216920, 1.703430, -0.486510, -1.946040, -0.455539, -0.049049
35.237499, 30.297506, 1.237262, 1.694025, -0.456763, -1.827053, -0.492080, -0.058891
34.934551, 30.761211, 1.254359, 1.685959, -0.431600, -1.726402, -0.526608, -0.069423
34.024513, 31.087542, 1.266341, 1.680216, -0.413875, -1.655500, -0.559718, -0.080617
35.073090, 31.486095, 1.280920, 1.673129, -0.392208, -1.568834, -0.591095, -0.092439
34.502274, 31.787714, 1.291912, 1.667711, -0.375799, -1.503196, -0.621159, -0.104862
32.587425, 31.867685, 1.294821, 1.666267, -0.371446, -1.485785, -0.650875, -0.117880
33.041969, 31.985113, 1.299087, 1.664140, -0.365054, -1.460216, -0.680079, -0.131481
34.550755, 32.241676, 1.308388, 1.659470, -0.351082, -1.404327, -0.708166, -0.145645
35.358589, 32.553368, 1.319653, 1.653751, -0.334098, -1.336392, -0.734893, -0.160343
35.980907, 32.896122, 1.331996, 1.647406, -0.315410, -1.261642, -0.760126, -0.175545
35.822899, 33.188801, 1.342498, 1.641942, -0.299444, -1.197775, -0.784082, -0.191227
35.964127, 33.466331, 1.352423, 1.636720, -0.284297, -1.137187, -0.806826, -0.207363
36.083553, 33.728054, 1.361755, 1.631761, -0.270006, -1.080024, -0.828426, -0.223932
36.757027, 34.030952, 1.372519, 1.625979, -0.253460, -1.013840, -0.848703, -0.240906
36.641048, 34.291962, 1.381763, 1.620960, -0.239197, -0.956787, -0.867839, -0.258263
36.319950, 34.494759, 1.388926, 1.617037, -0.228111, -0.912443, -0.886087, -0.275984
36.549923, 34.700275, 1.396168, 1.613041, -0.216874, -0.867494, -0.903437, -0.294053
36.729046, 34.903152, 1.403298, 1.609076, -0.205778, -0.823112, -0.919899, -0.312451
36.149265, 35.027763, 1.407670, 1.606631, -0.198961, -0.795845, -0.935816, -0.331167
36.451336, 35.170120, 1.412655, 1.603828, -0.191173, -0.764691, -0.951110, -0.350190
35.156895, 35.168797, 1.412609, 1.603854, -0.191245, -0.764981, -0.966410, -0.369518
35.043507, 35.156269, 1.412170, 1.604101, -0.191931, -0.767723, -0.981764, -0.389153
35.865292, 35.227173, 1.414651, 1.602702, -0.188051, -0.752205, -0.996808, -0.409089
36.100681, 35.314522, 1.417703, 1.600975, -0.183272, -0.733086, -1.011470, -0.429319
35.725826, 35.355652, 1.419139, 1.600160, -0.181021, -0.724083, -1.025952, -0.449838
35.776161, 35.397701, 1.420607, 1.599326, -0.178720, -0.714878, -1.040249, -0.470643
36.673691, 35.525299, 1.425056, 1.596791, -0.171736, -0.686944, -1.053988, -0.491722
36.864998, 35.659267, 1.429719, 1.594121, -0.164403, -0.657611, -1.067140, -0.513065
36.293659, 35.722706, 1.431924, 1.592854, -0.160930, -0.643720, -1.080015, -0.534666
35.165306, 35.666965, 1.429986, 1.593968, -0.163981, -0.655926, -1.093133, -0.556528
36.086514, 35.708920, 1.431445, 1.593130, -0.161685, -0.646739, -1.106068, -0.578650
36.660160, 35.804043, 1.434749, 1.591226, -0.156477, -0.625909, -1.118586, -0.601021
36.565502, 35.880188, 1.437391, 1.589699, -0.152308, -0.609233, -1.130771, -0.623637
35.718403, 35.864010, 1.436830, 1.590024, -0.153194, -0.612776, -1.143026, -0.646497
35.872761, 35.864883, 1.436860, 1.590006, -0.153146, -0.612585, -1.155278, -0.669603
35.348705, 35.813267, 1.435069, 1.591041, -0.155972, -0.623889, -1.167756, -0.692958
36.130341, 35.844975, 1.436170, 1.590406, -0.154236, -0.616945, -1.180095, -0.716560
35.990452, 35.859524, 1.436674, 1.590114, -0.153440, -0.613759, -1.192370, -0.740407
35.717297, 35.845303, 1.436181, 1.590399, -0.154218, -0.616873, -1.204708, -0.764501
35.847355, 35.845509, 1.436188, 1.590395, -0.154207, -0.616827, -1.217044, -0.788842
36.094982, 35.870457, 1.437054, 1.589895, -0.152841, -0.611364, -1.229271, -0.813428
36.828541, 35.966267, 1.440375, 1.587970, -0.147595, -0.590380, -1.241079, -0.838249
36.334183, 36.003059, 1.441649, 1.587230, -0.145580, -0.582322, -1.252725, -0.863304
35.694916, 35.972244, 1.440582, 1.587850, -0.147268, -0.589071, -1.264507, -0.888594
36.248589, 35.999878, 1.441539, 1.587294, -0.145755, -0.583019, -1.276167, -0.914117
36.750813, 36.074970, 1.444138, 1.585781, -0.141643, -0.566571, -1.287498, -0.939867
36.777023, 36.145176, 1.446566, 1.584364, -0.137798, -0.551193, -1.298522, -0.965838
35.709690, 36.101627, 1.445060, 1.585243, -0.140183, -0.560732, -1.309737, -0.992033
35.750740, 36.066540, 1.443847, 1.585951, -0.142104, -0.568418, -1.321105, -1.018455
36.105370, 36.070423, 1.443981, 1.585873, -0.141892, -0.567567, -1.332457, -1.045104
36.746403, 36.138020, 1.446319, 1.584509, -0.138190, -0.552761, -1.343512, -1.071974
35.918125, 36.116032, 1.445558, 1.584953, -0.139394, -0.557577, -1.354663, -1.099067
35.782196, 36.082649, 1.444404, 1.585626, -0.141222, -0.564889, -1.365961, -1.126387
36.520580, 36.126442, 1.445918, 1.584743, -0.138824, -0.555296, -1.377067, -1.153928
37.055264, 36.219322, 1.449128, 1.582865, -0.133738, -0.534950, -1.387766, -1.181683
36.503929, 36.247784, 1.450110, 1.582289, -0.132179, -0.528715, -1.398341, -1.209650
36.007954, 36.223801, 1.449282, 1.582775, -0.133492, -0.533969, -1.409020, -1.237831
36.299896, 36.231411, 1.449545, 1.582621, -0.133075, -0.532302, -1.419666, -1.266224
35.943554, 36.202625, 1.448551, 1.583203, -0.134652, -0.538608, -1.430438, -1.294833
36.636082, 36.245972, 1.450048, 1.582326, -0.132278, -0.529112, -1.441020, -1.323653
36.949944, 36.316368, 1.452477, 1.580899, -0.128422, -0.513690, -1.451294, -1.352679
37.244499, 36.409180, 1.455676, 1.579015, -0.123339, -0.493356, -1.461161, -1.381902
36.491276, 36.417389, 1.455959, 1.578848, -0.122889, -0.491558, -1.470992, -1.411322
35.751503, 36.350800, 1.453664, 1.580201, -0.126537, -0.506146, -1.481115, -1.440944
36.017609, 36.317482, 1.452515, 1.580877, -0.128361, -0.513446, -1.491384, -1.470772
36.637089, 36.349442, 1.453617, 1.580228, -0.126611, -0.506444, -1.501513, -1.500802
36.840710, 36.398567, 1.455310, 1.579231, -0.123920, -0.495681, -1.511427, -1.531031
35.893291, 36.348038, 1.453569, 1.580257, -0.126688, -0.506752, -1.521562, -1.561462
35.864449, 36.299679, 1.451901, 1.581238, -0.129337, -0.517346, -1.531909, -1.592100
36.682987, 36.338009, 1.453223, 1.580460, -0.127237, -0.508949, -1.542088, -1.622942
36.580505, 36.362259, 1.454059, 1.579968, -0.125909, -0.503636, -1.552160, -1.653985
36.333900, 36.359425, 1.453961, 1.580026, -0.126064, -0.504257, -1.562245, -1.685230
36.102509, 36.333733, 1.453076, 1.580547, -0.127471, -0.509886, -1.572443, -1.716679
36.605682, 36.360928, 1.454013, 1.579995, -0.125982, -0.503928, -1.582522, -1.748329
35.923412, 36.317177, 1.452505, 1.580883, -0.128378, -0.513513, -1.592792, -1.780185
35.635254, 36.248985, 1.450152, 1.582265, -0.132113, -0.528452, -1.603361, -1.812252
35.953957, 36.219482, 1.449133, 1.582862, -0.133729, -0.534915, -1.614059, -1.844533
37.421932, 36.339729, 1.453282, 1.580426, -0.127143, -0.508572, -1.624231, -1.877018
37.164242, 36.422180, 1.456124, 1.578751, -0.122627, -0.490508, -1.634041, -1.909699
36.664616, 36.446423, 1.456959, 1.578258, -0.121299, -0.485196, -1.643745, -1.942574
35.505836, 36.352364, 1.453718, 1.580169, -0.126451, -0.505804, -1.653861, -1.975651
35.817650, 36.298893, 1.451874, 1.581254, -0.129380, -0.517519, -1.664211, -2.008935
36.894043, 36.358406, 1.453926, 1.580046, -0.126120, -0.504480, -1.674301, -2.042422
36.913551, 36.413921, 1.455839, 1.578919, -0.123079, -0.492317, -1.684147, -2.076105
36.185802, 36.391109, 1.455053, 1.579382, -0.124329, -0.497315, -1.694094, -2.109987
36.059238, 36.357922, 1.453910, 1.580056, -0.126147, -0.504586, -1.704185, -2.144070
36.055519, 36.327682, 1.452867, 1.580670, -0.127803, -0.511211, -1.714410, -2.178358
36.201454, 36.315060, 1.452432, 1.580926, -0.128494, -0.513977, -1.724689, -2.212852
36.867451, 36.370300, 1.454336, 1.579805, -0.125468, -0.501874, -1.734727, -2.247546
36.500000, 36.383270, 1.454783, 1.579542, -0.124758, -0.499033, -1.744707, -2.282441
35.991135, 36.344055, 1.453432, 1.580338, -0.126906, -0.507624, -1.754860, -2.317538
36.007961, 36.310448, 1.452273, 1.581020, -0.128747, -0.514987, -1.765159, -2.352841
36.908901, 36.370293, 1.454336, 1.579805, -0.125469, -0.501876, -1.775197, -2.388345
36.991756, 36.432438, 1.456477, 1.578542, -0.122065, -0.488260, -1.784962, -2.424044
36.637566, 36.452950, 1.457183, 1.578125, -0.120942, -0.483766, -1.794637, -2.459937
35.901672, 36.397823, 1.455285, 1.579246, -0.123961, -0.495844, -1.804554, -2.496028
36.337902, 36.391830, 1.455078, 1.579368, -0.124289, -0.497157, -1.814497, -2.532318
37.300186, 36.482666, 1.458206, 1.577520, -0.119314, -0.477255, -1.824043, -2.568799
36.311951, 36.465595, 1.457619, 1.577868, -0.120249, -0.480995, -1.833663, -2.605472
36.621677, 36.481205, 1.458156, 1.577550, -0.119394, -0.477575, -1.843214, -2.642336
35.937462, 36.426830, 1.456284, 1.578656, -0.122372, -0.489489, -1.853004, -2.679396
36.669556, 36.451103, 1.457120, 1.578163, -0.121043, -0.484170, -1.862687, -2.716650
37.026966, 36.508690, 1.459102, 1.576990, -0.117888, -0.471553, -1.872118, -2.754092
37.116547, 36.569477, 1.461192, 1.575751, -0.114558, -0.458234, -1.881283, -2.791718
36.903881, 36.602917, 1.462342, 1.575068, -0.112727, -0.450906, -1.890301, -2.829524
36.607601, 36.603386, 1.462358, 1.575059, -0.112701, -0.450803, -1.899317, -2.867510
36.300865, 36.573135, 1.461318, 1.575676, -0.114358, -0.457432, -1.908466, -2.905680
36.330227, 36.548843, 1.460483, 1.576172, -0.115689, -0.462755, -1.917721, -2.944034
37.108757, 36.604836, 1.462408, 1.575029, -0.112621, -0.450486, -1.926731, -2.982569
36.867439, 36.631096, 1.463310, 1.574493, -0.111183, -0.444732, -1.935625, -3.021281
37.179676, 36.685955, 1.465194, 1.573371, -0.108178, -0.432710, -1.944279, -3.060167
36.228828, 36.640244, 1.463624, 1.574306, -0.110682, -0.442727, -1.953134, -3.099230
36.583897, 36.634609, 1.463431, 1.574421, -0.110991, -0.443962, -1.962013, -3.138470
36.768879, 36.648037, 1.463892, 1.574147, -0.110255, -0.441020, -1.970834, -3.177886
36.867462, 36.669979, 1.464645, 1.573698, -0.109053, -0.436211, -1.979558, -3.217478
36.804878, 36.683468, 1.465108, 1.573422, -0.108314, -0.433255, -1.988223, -3.257242
37.305248, 36.745647, 1.467242, 1.572149, -0.104907, -0.419630, -1.996615, -3.297174
36.920616, 36.763145, 1.467842, 1.571791, -0.103949, -0.415795, -2.004931, -3.337273
37.080765, 36.794907, 1.468931, 1.571139, -0.102209, -0.408834, -2.013108, -3.377535
36.467087, 36.762123, 1.467807, 1.571812, -0.104005, -0.416019, -2.021428, -3.417964
36.795506, 36.765461, 1.467921, 1.571743, -0.103822, -0.415287, -2.029734, -3.458558
36.627399, 36.751656, 1.467448, 1.572026, -0.104578, -0.418313, -2.038100, -3.499320
37.034771, 36.779968, 1.468419, 1.571446, -0.103027, -0.412108, -2.046343, -3.540247
36.599857, 36.761959, 1.467801, 1.571815, -0.104014, -0.416055, -2.054664, -3.581341
36.823830, 36.768147, 1.468013, 1.571688, -0.103675, -0.414699, -2.062958, -3.622600
36.812035, 36.772537, 1.468164, 1.571598, -0.103434, -0.413736, -2.071232, -3.664024
36.689083, 36.764191, 1.467878, 1.571769, -0.103891, -0.415566, -2.079544, -3.705615
36.773262, 36.765099, 1.467909, 1.571751, -0.103842, -0.415367, -2.087851, -3.747372
36.821751, 36.770763, 1.468103, 1.571634, -0.103531, -0.414125, -2.096133, -3.789295
36.492725, 36.742958, 1.467149, 1.572204, -0.105055, -0.420219, -2.104538, -3.831386
35.920277, 36.660690, 1.464326, 1.573888, -0.109562, -0.438247, -2.113303, -3.873652
37.194927, 36.714115, 1.466160, 1.572795, -0.106635, -0.426539, -2.121834, -3.916088
36.857750, 36.728477, 1.466653, 1.572501, -0.105848, -0.423392, -2.130301, -3.958694
36.396484, 36.695278, 1.465514, 1.573180, -0.107667, -0.430667, -2.138915, -4.001473
37.149837, 36.740734, 1.467073, 1.572250, -0.105176, -0.420706, -2.147329, -4.044419
36.737667, 36.740429, 1.467063, 1.572256, -0.105193, -0.420773, -2.155744, -4.087534
37.329865, 36.799374, 1.469084, 1.571048, -0.101964, -0.407856, -2.163901, -4.130812
37.438068, 36.863243, 1.471272, 1.569737, -0.098465, -0.393858, -2.171778, -4.174248
36.997295, 36.876648, 1.471731, 1.569461, -0.097730, -0.390921, -2.179597, -4.217840
36.845818, 36.873566, 1.471626, 1.569525, -0.097899, -0.391596, -2.187429, -4.261588
36.673069, 36.853516, 1.470939, 1.569937, -0.098998, -0.395990, -2.195349, -4.305495
37.315739, 36.899738, 1.472522, 1.568987, -0.096465, -0.385860, -2.203066, -4.349556
37.504944, 36.960258, 1.474592, 1.567742, -0.093149, -0.372596, -2.210518, -4.393767
36.782990, 36.942532, 1.473986, 1.568106, -0.094120, -0.376482, -2.218047, -4.438128
36.800194, 36.928299, 1.473499, 1.568399, -0.094900, -0.379601, -2.225639, -4.482641
37.223995, 36.957870, 1.474511, 1.567791, -0.093280, -0.373119, -2.233102, -4.527303
37.401318, 37.002216, 1.476027, 1.566877, -0.090850, -0.363400, -2.240370, -4.572110
37.692005, 37.071194, 1.478384, 1.565454, -0.087071, -0.348282, -2.247335, -4.617057
37.724781, 37.136551, 1.480615, 1.564104, -0.083489, -0.333957, -2.254014, -4.662137
36.747444, 37.097641, 1.479287, 1.564908, -0.085621, -0.342485, -2.260864, -4.707355
36.881901, 37.076065, 1.478550, 1.565354, -0.086804, -0.347214, -2.267808, -4.752711
37.353848, 37.103844, 1.479499, 1.564780, -0.085281, -0.341125, -2.274631, -4.798203
37.009407, 37.094398, 1.479176, 1.564975, -0.085799, -0.343196, -2.281495, -4.843833
37.523670, 37.137325, 1.480642, 1.564088, -0.083447, -0.333787, -2.288171, -4.889597
37.326351, 37.156227, 1.481287, 1.563697, -0.082411, -0.329644, -2.294764, -4.935492
38.085835, 37.249187, 1.484456, 1.561773, -0.077317, -0.309268, -2.300949, -4.981511
37.803497, 37.304619, 1.486344, 1.560623, -0.074279, -0.297117, -2.306891, -5.027649
37.241318, 37.298290, 1.486128, 1.560754, -0.074626, -0.298504, -2.312861, -5.073906
37.340462, 37.302509, 1.486272, 1.560667, -0.074395, -0.297580, -2.318813, -5.120282
37.566277, 37.328888, 1.487170, 1.560119, -0.072949, -0.291797, -2.324649, -5.166775
38.252151, 37.421215, 1.490311, 1.558200, -0.067890, -0.271558, -2.330080, -5.213377
37.171543, 37.396248, 1.489462, 1.558720, -0.069258, -0.277031, -2.335621, -5.260089
36.697765, 37.326401, 1.487085, 1.560171, -0.073086, -0.292343, -2.341467, -5.306919
37.074104, 37.301170, 1.486226, 1.560695, -0.074468, -0.297873, -2.347425, -5.353867
37.654644, 37.336517, 1.487430, 1.559961, -0.072531, -0.290125, -2.353227, -5.400931
37.383972, 37.341263, 1.487591, 1.559862, -0.072271, -0.289085, -2.359009, -5.448112
36.929714, 37.300110, 1.486190, 1.560717, -0.074526, -0.298106, -2.364971, -5.495411
37.273666, 37.297466, 1.486100, 1.560772, -0.074671, -0.298685, -2.370945, -5.542830
37.599670, 37.327686, 1.487129, 1.560144, -0.073015, -0.292061, -2.376786, -5.590366
37.050034, 37.299919, 1.486184, 1.560721, -0.074537, -0.298148, -2.382749, -5.638021
37.797394, 37.349667, 1.487877, 1.559688, -0.071811, -0.287242, -2.388494, -5.685791
37.787388, 37.393440, 1.489366, 1.558778, -0.069412, -0.277647, -2.394047, -5.733672
37.979435, 37.452042, 1.491358, 1.557558, -0.066200, -0.264801, -2.399343, -5.781659
37.848293, 37.491669, 1.492705, 1.556733, -0.064028, -0.256114, -2.404465, -5.829749
37.601208, 37.502625, 1.493077, 1.556504, -0.063428, -0.253712, -2.409539, -5.877939
37.199997, 37.472363, 1.492049, 1.557135, -0.065086, -0.260346, -2.414746, -5.926234
36.929852, 37.418110, 1.490205, 1.558265, -0.068060, -0.272239, -2.420191, -5.974638
37.209129, 37.397213, 1.489494, 1.558699, -0.069205, -0.276820, -2.425727, -6.023152
36.874672, 37.344959, 1.487717, 1.559785, -0.072069, -0.288274, -2.431493, -6.071782
36.660275, 37.276489, 1.485386, 1.561207, -0.075821, -0.303283, -2.437558, -6.120533
36.707508, 37.219593, 1.483447, 1.562386, -0.078939, -0.315754, -2.443873, -6.169411
37.124565, 37.210091, 1.483123, 1.562583, -0.079459, -0.317838, -2.450230, -6.218415
37.269066, 37.215988, 1.483324, 1.562461, -0.079136, -0.316545, -2.456561, -6.267547
37.694183, 37.263809, 1.484954, 1.561470, -0.076516, -0.306063, -2.462682, -6.316800
37.763977, 37.313828, 1.486657, 1.560432, -0.073775, -0.295098, -2.468584, -6.366172
37.443768, 37.326820, 1.487100, 1.560162, -0.073063, -0.292251, -2.474429, -6.415660
37.447853, 37.338924, 1.487512, 1.559911, -0.072399, -0.289598, -2.480221, -6.465265
37.495953, 37.354626, 1.488046, 1.559585, -0.071539, -0.286156, -2.485944, -6.514984
37.549866, 37.374149, 1.488710, 1.559179, -0.070469, -0.281876, -2.491581, -6.564816
37.032688, 37.340004, 1.487548, 1.559888, -0.072340, -0.289361, -2.497369, -6.614763
37.071339, 37.313137, 1.486634, 1.560446, -0.073812, -0.295250, -2.503273, -6.664828
37.118374, 37.293659, 1.485971, 1.560851, -0.074880, -0.299520, -2.509264, -6.715014
37.481277, 37.312420, 1.486609, 1.560461, -0.073852, -0.295407, -2.515172, -6.765317
38.499660, 37.431145, 1.490648, 1.557994, -0.067345, -0.269382, -2.520560, -6.815728
37.896267, 37.477657, 1.492229, 1.557025, -0.064796, -0.259185, -2.525743, -6.866243
37.394024, 37.469296, 1.491945, 1.557199, -0.065255, -0.261018, -2.530964, -6.916862
37.219429, 37.444309, 1.491096, 1.557719, -0.066624, -0.266496, -2.536294, -6.967588
37.242477, 37.424126, 1.490409, 1.558140, -0.067730, -0.270920, -2.541712, -7.018422
37.747364, 37.456451, 1.491508, 1.557467, -0.065958, -0.263834, -2.546989, -7.069362
37.760452, 37.486851, 1.492541, 1.556833, -0.064292, -0.257170, -2.552132, -7.120404
37.031357, 37.441303, 1.490993, 1.557782, -0.066789, -0.267155, -2.557475, -7.171554
36.659004, 37.363075, 1.488333, 1.559409, -0.071076, -0.284303, -2.563161, -7.222817
36.943977, 37.321167, 1.486907, 1.560280, -0.073372, -0.293490, -2.569031, -7.274198
37.441357, 37.333187, 1.487316, 1.560030, -0.072714, -0.290855, -2.574848, -7.325695
37.945850, 37.394455, 1.489401, 1.558757, -0.069356, -0.277425, -2.580397, -7.377303
37.536839, 37.408691, 1.489885, 1.558461, -0.068576, -0.274304, -2.585883, -7.429020
37.672928, 37.435116, 1.490783, 1.557911, -0.067128, -0.268511, -2.591253, -7.480845
37.349335, 37.426537, 1.490491, 1.558089, -0.067598, -0.270392, -2.596661, -7.532779
37.951092, 37.478992, 1.492274, 1.556997, -0.064723, -0.258893, -2.601839, -7.584816
37.004429, 37.431538, 1.490661, 1.557985, -0.067324, -0.269296, -2.607224, -7.636960
37.623196, 37.450703, 1.491313, 1.557586, -0.066274, -0.265094, -2.612526, -7.689210
37.364887, 37.442120, 1.491021, 1.557765, -0.066744, -0.266976, -2.617866, -7.741568
37.734333, 37.471340, 1.492014, 1.557156, -0.065143, -0.260570, -2.623077, -7.794029
37.975304, 37.521736, 1.493725, 1.556106, -0.062381, -0.249522, -2.628068, -7.846591
37.974148, 37.566978, 1.495261, 1.555162, -0.059901, -0.239604, -2.632860, -7.899248
37.561150, 37.566395, 1.495241, 1.555174, -0.059933, -0.239732, -2.637654, -7.952001
38.104149, 37.620171, 1.497065, 1.554051, -0.056986, -0.227943, -2.642213, -8.004845
37.981106, 37.656265, 1.498288, 1.553296, -0.055008, -0.220030, -2.646614, -8.057777
37.251335, 37.615772, 1.496916, 1.554143, -0.057227, -0.228908, -2.651192, -8.110802
37.364864, 37.590683, 1.496065, 1.554667, -0.058602, -0.234407, -2.655880, -8.163919
37.762241, 37.607838, 1.496647, 1.554309, -0.057662, -0.230647, -2.660493, -8.217130
37.314865, 37.578541, 1.495653, 1.554921, -0.059267, -0.237070, -2.665234, -8.270434
37.241249, 37.544811, 1.494509, 1.555625, -0.061116, -0.244463, -2.670124, -8.323837
37.354351, 37.525764, 1.493862, 1.556022, -0.062160, -0.248640, -2.675096, -8.377339
38.395645, 37.612751, 1.496813, 1.554206, -0.057392, -0.229569, -2.679688, -8.430933
37.883438, 37.639820, 1.497731, 1.553640, -0.055909, -0.223635, -2.684160, -8.484616
37.532421, 37.629082, 1.497367, 1.553864, -0.056497, -0.225990, -2.688680, -8.538390
37.305229, 37.596695, 1.496269, 1.554541, -0.058272, -0.233090, -2.693342, -8.592257
37.534740, 37.590500, 1.496059, 1.554671, -0.058612, -0.234447, -2.698031, -8.646217
38.128422, 37.644291, 1.497883, 1.553546, -0.055664, -0.222655, -2.702484, -8.700267
38.226231, 37.702484, 1.499854, 1.552329, -0.052474, -0.209898, -2.706682, -8.754400
37.648102, 37.697044, 1.499670, 1.552442, -0.052773, -0.211090, -2.710904, -8.808619
37.846222, 37.711964, 1.500175, 1.552130, -0.051955, -0.207819, -2.715060, -8.862920
37.706383, 37.711407, 1.500156, 1.552142, -0.051985, -0.207941, -2.719219, -8.917304
37.153267, 37.655594, 1.498266, 1.553310, -0.055044, -0.220178, -2.723623, -8.971777
37.312084, 37.621243, 1.497101, 1.554028, -0.056927, -0.227708, -2.728177, -9.026340
38.034149, 37.662533, 1.498501, 1.553165, -0.054664, -0.218656, -2.732550, -9.080992
37.406395, 37.636917, 1.497633, 1.553701, -0.056068, -0.224272, -2.737035, -9.135733
37.645924, 37.637817, 1.497663, 1.553682, -0.056019, -0.224074, -2.741517, -9.190563
37.984634, 37.672501, 1.498839, 1.552956, -0.054118, -0.216471, -2.745846, -9.245481
37.429554, 37.648205, 1.498015, 1.553465, -0.055449, -0.221797, -2.750282, -9.300487
37.248589, 37.608242, 1.496660, 1.554300, -0.057640, -0.230558, -2.754894, -9.355584
37.420998, 37.589516, 1.496025, 1.554691, -0.058666, -0.234663, -2.759587, -9.410776
37.957634, 37.626328, 1.497274, 1.553922, -0.056648, -0.226593, -2.764119, -9.466059
38.203815, 37.684074, 1.499231, 1.552714, -0.053483, -0.213933, -2.768397, -9.521427
38.419666, 37.757633, 1.501721, 1.551173, -0.049452, -0.197806, -2.772353, -9.576874
37.548759, 37.736748, 1.501014, 1.551611, -0.050596, -0.202385, -2.776401, -9.632401
37.124031, 37.675476, 1.498939, 1.552894, -0.053955, -0.215818, -2.780717, -9.688016
37.327755, 37.640705, 1.497761, 1.553621, -0.055860, -0.223441, -2.785186, -9.743720
37.404739, 37.617107, 1.496961, 1.554115, -0.057154, -0.228615, -2.789759, -9.799515
37.142262, 37.569622, 1.495351, 1.555107, -0.059756, -0.239025, -2.794539, -9.855406
37.532990, 37.565960, 1.495226, 1.555183, -0.059957, -0.239827, -2.799336, -9.911392
36.991703, 37.508533, 1.493277, 1.556381, -0.063104, -0.252417, -2.804384, -9.967480
37.472965, 37.504978, 1.493156, 1.556455, -0.063299, -0.253196, -2.809448, -10.023668
37.549324, 37.509415, 1.493307, 1.556363, -0.063056, -0.252223, -2.814492, -10.079958
37.612026, 37.519676, 1.493655, 1.556149, -0.062494, -0.249974, -2.819492, -10.136348
37.840843, 37.551792, 1.494746, 1.555479, -0.060733, -0.242933, -2.824351, -10.192835
37.793869, 37.576000, 1.495567, 1.554974, -0.059407, -0.237627, -2.829103, -10.249417
37.581112, 37.576511, 1.495584, 1.554963, -0.059379, -0.237514, -2.833853, -10.306094
37.618622, 37.580723, 1.495727, 1.554875, -0.059148, -0.236591, -2.838585, -10.362865
37.891899, 37.611839, 1.496783, 1.554225, -0.057442, -0.229769, -2.843181, -10.419729
37.645664, 37.615223, 1.496897, 1.554154, -0.057257, -0.229028, -2.847761, -10.476685
37.270069, 37.580708, 1.495727, 1.554875, -0.059149, -0.236594, -2.852493, -10.533734
37.629158, 37.585552, 1.495891, 1.554774, -0.058883, -0.235532, -2.857204, -10.590878
37.764374, 37.603436, 1.496498, 1.554400, -0.057903, -0.231612, -2.861836, -10.648115
38.529770, 37.696068, 1.499637, 1.552463, -0.052826, -0.211304, -2.866062, -10.705437
39.532448, 37.879707, 1.505849, 1.548610, -0.042761, -0.171043, -2.869483, -10.762826
39.113071, 38.003044, 1.510012, 1.546013, -0.036000, -0.144002, -2.872363, -10.820273
38.358238, 38.038563, 1.511210, 1.545264, -0.034054, -0.136214, -2.875087, -10.877775
39.087685, 38.143475, 1.514744, 1.543047, -0.028303, -0.113212, -2.877351, -10.935322
40.048275, 38.333954, 1.521148, 1.539010, -0.017862, -0.071448, -2.878780, -10.992897
39.611080, 38.461666, 1.525433, 1.536294, -0.010861, -0.043445, -2.879649, -11.050490
37.081314, 38.323631, 1.520802, 1.539230, -0.018428, -0.073711, -2.881123, -11.108113
33.418522, 37.833122, 1.504275, 1.549589, -0.045314, -0.181256, -2.884748, -11.165809
33.172329, 37.367043, 1.488468, 1.559327, -0.070858, -0.283433, -2.890417, -11.223617
31.669209, 36.797260, 1.469011, 1.571091, -0.102080, -0.408319, -2.898583, -11.281589
26.284349, 35.745968, 1.432732, 1.592389, -0.159657, -0.638627, -2.911356, -11.339816
23.788086, 34.550179, 1.390881, 1.615962, -0.225081, -0.900323, -2.929363, -11.398403
23.543167, 33.449478, 1.351822, 1.637038, -0.285217, -1.140866, -2.952180, -11.457447
22.697107, 32.374241, 1.313184, 1.657044, -0.343860, -1.375439, -2.979689, -11.517041
17.265629, 30.863380, 1.258115, 1.684167, -0.426052, -1.704209, -3.013773, -11.577316
14.672603, 29.244303, 1.198131, 1.711933, -0.513802, -2.055207, -3.054877, -11.638413
12.402868, 27.560160, 1.134722, 1.739363, -0.604641, -2.418564, -3.103248, -11.700479
8.872167, 25.691360, 1.063216, 1.768041, -0.704826, -2.819303, -3.159634, -11.763671
4.408002, 23.563025, 0.980405, 0.980405, 0.000000, 0.000000, -3.159634, -11.826863
-0.033716, 21.203350, 0.887018, 0.887018, 0.000000, 0.000000, -3.159634, -11.890056
-3.702502, 18.712765, 0.786821, 0.786821, 0.000000, 0.000000, -3.159634, -11.953248
-5.335519, 16.307936, 0.688661, 0.688661, 0.000000, 0.000000, -3.159634, -12.016440
-0.845181, 14.592624, 0.617895, 0.617895, 0.000000, 0.000000, -3.159634, -12.079633
0.816505, 13.215012, 0.560656, 0.560656, 0.000000, 0.000000, -3.159634, -12.142825
-0.296511, 11.863859, 0.504202, 0.504202, 0.000000, 0.000000, -3.159634, -12.206017
-0.318503, 10.645623, 0.453060, 0.453060, 0.000000, 0.000000, -3.159634, -12.269210
-0.713412, 9.509720, 0.405190, 0.405190, 0.000000, 0.000000, -3.159634, -12.332402
-0.891069, 8.469641, 0.361217, 0.361217, 0.000000, 0.000000, -3.159634, -12.395595
0.782303, 7.700907, 0.328640, 0.328640, 0.000000, 0.000000, -3.159634, -12.458787
0.117049, 6.942521, 0.296442, 0.296442, 0.000000, 0.000000, -3.159634, -12.521979
0.135906, 6.261859, 0.267501, 0.267501, 0.000000, 0.000000, -3.159634, -12.585172
0.183676, 5.654041, 0.241624, 0.241624, 0.000000, 0.000000, -3.159634, -12.648364
0.000000, 5.088637, 0.217529, 0.217529, 0.000000, 0.000000, -3.159634, -12.711556
0.148849, 4.594658, 0.196460, 0.196460, 0.000000, 0.000000, -3.159634, -12.774749
0.046085, 4.139801, 0.177047, 0.177047, 0.000000, 0.000000, -3.159634, -12.837941
0.069816, 3.732803, 0.159667, 0.159667, 0.000000, 0.000000, -3.159634, -12.901134
0.507538, 3.410276, 0.145888, 0.145888, 0.000000, 0.000000, -3.159634, -12.964326
0.336007, 3.102849, 0.132750, 0.132750, 0.000000, 0.000000, -3.159634, -13.027518
0.253825, 2.817947, 0.120571, 0.120571, 0.000000, 0.000000, -3.159634, -13.090711
0.231543, 2.559307, 0.109513, 0.109513, 0.000000, 0.000000, -3.159634, -13.153903
0.000000, 2.303376, 0.098568, 0.098568, 0.000000, 0.000000, -3.159634, -13.217095
0.209618, 2.094000, 0.089612, 0.089612, 0.000000, 0.000000, -3.159634, -13.280288
0.103339, 1.894934, 0.081096, 0.081096, 0.000000, 0.000000, -3.159634, -13.343480
0.023020, 1.707742, 0.073088, 0.073088, 0.000000, 0.000000, -3.159634, -13.406672
0.092431, 1.546211, 0.066176, 0.066176, 0.000000, 0.000000, -3.159634, -13.469865
-0.081106, 1.383480, 0.059213, 0.059213, 0.000000, 0.000000, -3.159634, -13.533057
0.000000, 1.245132, 0.053293, 0.053293, 0.000000, 0.000000, -3.159634, -13.596250
0.232341, 1.143853, 0.048958, 0.048958, 0.000000, 0.000000, -3.159634, -13.659442
0.046123, 1.034080, 0.044261, 0.044261, 0.000000, 0.000000, -3.159634, -13.722634
-0.011575, 0.929514, 0.039785, 0.039785, 0.000000, 0.000000, -3.159634, -13.785827
0.104279, 0.846991, 0.036253, 0.036253, 0.000000, 0.000000, -3.159634, -13.849019
-0.023117, 0.759980, 0.032529, 0.032529, 0.000000, 0.000000, -3.159634, -13.912211
0.046039, 0.688586, 0.029474, 0.029474, 0.000000, 0.000000, -3.159634, -13.975404
0.489197, 0.668647, 0.028620, 0.028620, 0.000000, 0.000000, -3.159634, -14.038596
0.473985, 0.649181, 0.027787, 0.027787, 0.000000, 0.000000, -3.159634, -14.101789
0.000000, 0.584263, 0.025008, 0.025008, 0.000000, 0.000000, -3.159634, -14.164981
0.299252, 0.555762, 0.023789, 0.023789, 0.000000, 0.000000, -3.159634, -14.228173
0.298532, 0.530039, 0.022688, 0.022688, 0.000000, 0.000000, -3.159634, -14.291366
0.080488, 0.485083, 0.020763, 0.020763, 0.000000, 0.000000, -3.159634, -14.354558
0.080649, 0.444640, 0.019032, 0.019032, 0.000000, 0.000000, -3.159634, -14.417750
0.114180, 0.411594, 0.017618, 0.017618, 0.000000, 0.000000, -3.159634, -14.480943
0.080844, 0.378519, 0.016202, 0.016202, 0.000000, 0.000000, -3.159634, -14.544135
0.114363, 0.352103, 0.015071, 0.015071, 0.000000, 0.000000, -3.159634, -14.607327
0.104237, 0.327317, 0.014010, 0.014010, 0.000000, 0.000000, -3.159634, -14.670520
0.023206, 0.296906, 0.012709, 0.012709, 0.000000, 0.000000, -3.159634, -14.733712
-0.115005, 0.255715, 0.010946, 0.010946, 0.000000, 0.000000, -3.159634, -14.796905
0.103713, 0.240514, 0.010295, 0.010295, 0.000000, 0.000000, -3.159634, -14.860097
0.310200, 0.247483, 0.010593, 0.010593, 0.000000, 0.000000, -3.159634, -14.923289
0.423896, 0.265124, 0.011348, 0.011348, 0.000000, 0.000000, -3.159634, -14.986482
0.345428, 0.273155, 0.011692, 0.011692, 0.000000, 0.000000, -3.159634, -15.049674
0.264936, 0.272333, 0.011657, 0.011657, 0.000000, 0.000000, -3.159634, -15.112866
0.357014, 0.280801, 0.012019, 0.012019, 0.000000, 0.000000, -3.159634, -15.176059
-0.023033, 0.250418, 0.010719, 0.010719, 0.000000, 0.000000, -3.159634, -15.239251
-0.068837, 0.218492, 0.009352, 0.009352, 0.000000, 0.000000, -3.159634, -15.302444
0.207676, 0.217410, 0.009306, 0.009306, 0.000000, 0.000000, -3.159634, -15.365636
0.230287, 0.218698, 0.009361, 0.009361, 0.000000, 0.000000, -3.159634, -15.428828
0.462145, 0.243043, 0.010403, 0.010403, 0.000000, 0.000000, -3.159634, -15.492021
0.115445, 0.230283, 0.009857, 0.009857, 0.000000, 0.000000, -3.159634, -15.555213
0.230611, 0.230316, 0.009858, 0.009858, 0.000000, 0.000000, -3.159634, -15.618405
0.162904, 0.223575, 0.009570, 0.009570, 0.000000, 0.000000, -3.159634, -15.681598
-0.023211, 0.198896, 0.008514, 0.008514, 0.000000, 0.000000, -3.159634, -15.744790
0.392272, 0.218234, 0.009341, 0.009341, 0.000000, 0.000000, -3.159634, -15.807982
0.011528, 0.197563, 0.008457, 0.008457, 0.000000, 0.000000, -3.159634, -15.871175
-0.231030, 0.154704, 0.006622, 0.006622, 0.000000, 0.000000, -3.159634, -15.934367
0.344736, 0.173707, 0.007435, 0.007435, 0.000000, 0.000000, -3.159634, -15.997560
0.186024, 0.174939, 0.007488, 0.007488, 0.000000, 0.000000, -3.159634, -16.060753
-0.046225, 0.152822, 0.006541, 0.006541, 0.000000, 0.000000, -3.159634, -16.123945
0.275017, 0.165042, 0.007064, 0.007064, 0.000000, 0.000000, -3.159634, -16.187138
0.034495, 0.151987, 0.006506, 0.006506, 0.000000, 0.000000, -3.159634, -16.250330
0.231076, 0.159896, 0.006844, 0.006844, 0.000000, 0.000000, -3.159634, -16.313522
0.000000, 0.143907, 0.006160, 0.006160, 0.000000, 0.000000, -3.159634, -16.376715
0.243563, 0.153872, 0.006586, 0.006586, 0.000000, 0.000000, -3.159634, -16.439907
-0.092041, 0.129281, 0.005534, 0.005534, 0.000000, 0.000000, -3.159634, -16.503099
0.207718, 0.137125, 0.005870, 0.005870, 0.000000, 0.000000, -3.159634, -16.566292
0.069142, 0.130326, 0.005579, 0.005579, 0.000000, 0.000000, -3.159634, -16.629484
0.034488, 0.120742, 0.005168, 0.005168, 0.000000, 0.000000, -3.159634, -16.692677
0.241996, 0.132868, 0.005687, 0.005687, 0.000000, 0.000000, -3.159634, -16.755869
0.000000, 0.119581, 0.005119, 0.005119, 0.000000, 0.000000, -3.159634, -16.819061
0.346124, 0.142235, 0.006088, 0.006088, 0.000000, 0.000000, -3.159634, -16.882254
0.138507, 0.141862, 0.006072, 0.006072, 0.000000, 0.000000, -3.159634, -16.945446
0.195509, 0.147227, 0.006302, 0.006302, 0.000000, 0.000000, -3.159634, -17.008638
0.034460, 0.135950, 0.005819, 0.005819, 0.000000, 0.000000, -3.159634, -17.071831
0.102988, 0.132654, 0.005678, 0.005678, 0.000000, 0.000000, -3.159634, -17.135023
0.183382, 0.137727, 0.005895, 0.005895, 0.000000, 0.000000, -3.159634, -17.198215
0.298831, 0.153837, 0.006585, 0.006585, 0.000000, 0.000000, -3.159634, -17.261408
0.127427, 0.151196, 0.006472, 0.006472, 0.000000, 0.000000, -3.159634, -17.324600
0.207467, 0.156823, 0.006713, 0.006713, 0.000000, 0.000000, -3.159634, -17.387793
0.137951, 0.154936, 0.006632, 0.006632, 0.000000, 0.000000, -3.159634, -17.450985
-0.011549, 0.138288, 0.005919, 0.005919, 0.000000, 0.000000, -3.159634, -17.514177
0.172231, 0.141682, 0.006065, 0.006065, 0.000000, 0.000000, -3.159634, -17.577370
0.011503, 0.128664, 0.005507, 0.005507, 0.000000, 0.000000, -3.159634, -17.640562
-0.034620, 0.112336, 0.004808, 0.004808, 0.000000, 0.000000, -3.159634, -17.703754
0.264883, 0.127590, 0.005461, 0.005461, 0.000000, 0.000000, -3.159634, -17.766947
0.127221, 0.127553, 0.005460, 0.005460, 0.000000, 0.000000, -3.159634, -17.830139
-0.254081, 0.089390, 0.003826, 0.003826, 0.000000, 0.000000, -3.159634, -17.893332
0.218817, 0.102333, 0.004380, 0.004380, 0.000000, 0.000000, -3.159634, -17.956524
0.011549, 0.093254, 0.003992, 0.003992, 0.000000, 0.000000, -3.159634, -18.019716
0.149387, 0.098868, 0.004232, 0.004232, 0.000000, 0.000000, -3.159634, -18.082909
0.069281, 0.095909, 0.004105, 0.004105, 0.000000, 0.000000, -3.159634, -18.146101
-0.069170, 0.079401, 0.003399, 0.003399, 0.000000, 0.000000, -3.159634, -18.209293
0.069281, 0.078389, 0.003355, 0.003355, 0.000000, 0.000000, -3.159634, -18.272486
0.344804, 0.105031, 0.004496, 0.004496, 0.000000, 0.000000, -3.159634, -18.335678
0.321367, 0.126664, 0.005422, 0.005422, 0.000000, 0.000000, -3.159634, -18.398870
0.115353, 0.125533, 0.005373, 0.005373, 0.000000, 0.000000, -3.159634, -18.462063
0.023015, 0.115281, 0.004935, 0.004935, 0.000000, 0.000000, -3.159634, -18.525255
-0.125874, 0.091166, 0.003902, 0.003902, 0.000000, 0.000000, -3.159634, -18.588448
0.399705, 0.122020, 0.005223, 0.005223, 0.000000, 0.000000, -3.159634, -18.651640
0.011552, 0.110973, 0.004750, 0.004750, 0.000000, 0.000000, -3.159634, -18.714832
0.195665, 0.119442, 0.005113, 0.005113, 0.000000, 0.000000, -3.159634, -18.778025
0.103235, 0.117821, 0.005043, 0.005043, 0.000000, 0.000000, -3.159634, -18.841217
0.161689, 0.122208, 0.005231, 0.005231, 0.000000, 0.000000, -3.159634, -18.904409
0.345984, 0.144586, 0.006189, 0.006189, 0.000000, 0.000000, -3.159634, -18.967602
0.253672, 0.155494, 0.006656, 0.006656, 0.000000, 0.000000, -3.159634, -19.030794
0.092431, 0.149188, 0.006386, 0.006386, 0.000000, 0.000000, -3.159634, -19.093987
0.185085, 0.152778, 0.006540, 0.006540, 0.000000, 0.000000, -3.159634, -19.157179
0.196732, 0.157173, 0.006728, 0.006728, 0.000000, 0.000000, -3.159634, -19.220371
0.103817, 0.151838, 0.006499, 0.006499, 0.000000, 0.000000, -3.159634, -19.283564
0.311638, 0.167818, 0.007183, 0.007183, 0.000000, 0.000000, -3.159634, -19.346756
0.092041, 0.160240, 0.006859, 0.006859, 0.000000, 0.000000, -3.159634, -19.409948
0.149507, 0.159167, 0.006813, 0.006813, 0.000000, 0.000000, -3.159634, -19.473141
0.011542, 0.144404, 0.006181, 0.006181, 0.000000, 0.000000, -3.159634, -19.536333
0.149898, 0.144954, 0.006205, 0.006205, 0.000000, 0.000000, -3.159634, -19.599525
0.172924, 0.147751, 0.006324, 0.006324, 0.000000, 0.000000, -3.159634, -19.662718
0.277627, 0.160738, 0.006880, 0.006880, 0.000000, 0.000000, -3.159634, -19.725910
-0.069031, 0.137761, 0.005897, 0.005897, 0.000000, 0.000000, -3.159634, -19.789103
0.173553, 0.141341, 0.006050, 0.006050, 0.000000, 0.000000, -3.159634, -19.852295
0.312078, 0.158414, 0.006781, 0.006781, 0.000000, 0.000000, -3.159634, -19.915487
0.115422, 0.154115, 0.006597, 0.006597, 0.000000, 0.000000, -3.159634, -19.978680
0.161624, 0.154866, 0.006629, 0.006629, 0.000000, 0.000000, -3.159634, -20.041872
0.161950, 0.155574, 0.006659, 0.006659, 0.000000, 0.000000, -3.159634, -20.105064
0.114203, 0.151437, 0.006482, 0.006482, 0.000000, 0.000000, -3.159634, -20.168257
-0.102538, 0.126040, 0.005395, 0.005395, 0.000000, 0.000000, -3.159634, -20.231449
0.231590, 0.136595, 0.005847, 0.005847, 0.000000, 0.000000, -3.159634, -20.294641
-0.103132, 0.112622, 0.004821, 0.004821, 0.000000, 0.000000, -3.159634, -20.357834
0.127814, 0.114141, 0.004886, 0.004886, 0.000000, 0.000000, -3.159634, -20.421026
0.046309, 0.107358, 0.004595, 0.004595, 0.000000, 0.000000, -3.159634, -20.484219
-0.080568, 0.088565, 0.003791, 0.003791, 0.000000, 0.000000, -3.159634, -20.547411
-0.160652, 0.063644, 0.002724, 0.002724, 0.000000, 0.000000, -3.159634, -20.610603
0.046067, 0.061886, 0.002649, 0.002649, 0.000000, 0.000000, -3.159634, -20.673796
0.346194, 0.090317, 0.003866, 0.003866, 0.000000, 0.000000, -3.159634, -20.736988
0.474272, 0.128712, 0.005509, 0.005509, 0.000000, 0.000000, -3.159634, -20.800180
0.126965, 0.128537, 0.005502, 0.005502, 0.000000, 0.000000, -3.159634, -20.863373
0.091636, 0.124847, 0.005344, 0.005344, 0.000000, 0.000000, -3.159634, -20.926565
0.481273, 0.160490, 0.006870, 0.006870, 0.000000, 0.000000, -3.159634, -20.989758
0.299975, 0.174438, 0.007467, 0.007467, 0.000000, 0.000000, -3.159634, -21.052950
-0.057723, 0.151222, 0.006473, 0.006473, 0.000000, 0.000000, -3.159634, -21.116142
0.255627, 0.161663, 0.006920, 0.006920, 0.000000, 0.000000, -3.159634, -21.179335
-0.092394, 0.136257, 0.005832, 0.005832, 0.000000, 0.000000, -3.159634, -21.242527
0.034412, 0.126073, 0.005396, 0.005396, 0.000000, 0.000000, -3.159634, -21.305719
0.253928, 0.138858, 0.005944, 0.005944, 0.000000, 0.000000, -3.159634, -21.368912
0.241655, 0.149138, 0.006384, 0.006384, 0.000000, 0.000000, -3.159634, -21.432104
0.000000, 0.134224, 0.005745, 0.005745, 0.000000, 0.000000, -3.159634, -21.495296
0.080779, 0.128880, 0.005517, 0.005517, 0.000000, 0.000000, -3.159634, -21.558489
0.218641, 0.137856, 0.005901, 0.005901, 0.000000, 0.000000, -3.159634, -21.621681
0.336825, 0.157753, 0.006752, 0.006752, 0.000000, 0.000000, -3.159634, -21.684874
0.255316, 0.167509, 0.007170, 0.007170, 0.000000, 0.000000, -3.159634, -21.748066
0.046048, 0.155363, 0.006650, 0.006650, 0.000000, 0.000000, -3.159634, -21.811258
0.172994, 0.157126, 0.006726, 0.006726, 0.000000, 0.000000, -3.159634, -21.874451
0.080310, 0.149444, 0.006397, 0.006397, 0.000000, 0.000000, -3.159634, -21.937643
0.264723, 0.160972, 0.006890, 0.006890, 0.000000, 0.000000, -3.159634, -22.000835
0.011455, 0.146021, 0.006250, 0.006250, 0.000000, 0.000000, -3.159634, -22.064028
0.172197, 0.148638, 0.006362, 0.006362, 0.000000, 0.000000, -3.159634, -22.127220
0.092134, 0.142988, 0.006120, 0.006120, 0.000000, 0.000000, -3.159634, -22.190413
0.011542, 0.129843, 0.005558, 0.005558, 0.000000, 0.000000, -3.159634, -22.253605
-0.069365, 0.109922, 0.004705, 0.004705, 0.000000, 0.000000, -3.159634, -22.316797
0.346333, 0.133563, 0.005717, 0.005717, 0.000000, 0.000000, -3.159634, -22.379990
0.069240, 0.127131, 0.005442, 0.005442, 0.000000, 0.000000, -3.159634, -22.443182
0.150504, 0.129468, 0.005542, 0.005542, 0.000000, 0.000000, -3.159634, -22.506374
0.034620, 0.119983, 0.005136, 0.005136, 0.000000, 0.000000, -3.159634, -22.569567
-0.011505, 0.106835, 0.004573, 0.004573, 0.000000, 0.000000, -3.159634, -22.632759
0.151176, 0.111269, 0.004763, 0.004763, 0.000000, 0.000000, -3.159634, -22.695951
-0.103588, 0.089783, 0.003843, 0.003843, 0.000000, 0.000000, -3.159634, -22.759144
0.023117, 0.083116, 0.003558, 0.003558, 0.000000, 0.000000, -3.159634, -22.822336
0.300096, 0.104814, 0.004486, 0.004486, 0.000000, 0.000000, -3.159634, -22.885529
0.254030, 0.119736, 0.005125, 0.005125, 0.000000, 0.000000, -3.159634, -22.948721
0.254492, 0.133212, 0.005702, 0.005702, 0.000000, 0.000000, -3.159634, -23.011913
-0.172300, 0.102660, 0.004394, 0.004394, 0.000000, 0.000000, -3.159634, -23.075106
0.184119, 0.110806, 0.004743, 0.004743, 0.000000, 0.000000, -3.159634, -23.138298
0.298472, 0.129573, 0.005546, 0.005546, 0.000000, 0.000000, -3.159634, -23.201490
0.127195, 0.129335, 0.005536, 0.005536, 0.000000, 0.000000, -3.159634, -23.264683
0.311826, 0.147584, 0.006317, 0.006317, 0.000000, 0.000000, -3.159634, -23.327875
0.288786, 0.161704, 0.006922, 0.006922, 0.000000, 0.000000, -3.159634, -23.391068
0.091967, 0.154731, 0.006623, 0.006623, 0.000000, 0.000000, -3.159634, -23.454260
0.046516, 0.143909, 0.006160, 0.006160, 0.000000, 0.000000, -3.159634, -23.517452
0.023066, 0.131825, 0.005643, 0.005643, 0.000000, 0.000000, -3.159634, -23.580645
0.069576, 0.125600, 0.005376, 0.005376, 0.000000, 0.000000, -3.159634, -23.643837
0.483594, 0.161399, 0.006909, 0.006909, 0.000000, 0.000000, -3.159634, -23.707029
0.206636, 0.165923, 0.007102, 0.007102, 0.000000, 0.000000, -3.159634, -23.770222
0.011503, 0.150481, 0.006441, 0.006441, 0.000000, 0.000000, -3.159634, -23.833414
0.034760, 0.138909, 0.005946, 0.005946, 0.000000, 0.000000, -3.159634, -23.896606
-0.103629, 0.114655, 0.004908, 0.004908, 0.000000, 0.000000, -3.159634, -23.959799
-0.057746, 0.097415, 0.004170, 0.004170, 0.000000, 0.000000, -3.159634, -24.022991
0.298174, 0.117491, 0.005029, 0.005029, 0.000000, 0.000000, -3.159634, -24.086184
0.265416, 0.132283, 0.005662, 0.005662, 0.000000, 0.000000, -3.159634, -24.149376
0.126965, 0.131751, 0.005640, 0.005640, 0.000000, 0.000000, -3.159634, -24.212568
-0.034634, 0.115113, 0.004927, 0.004927, 0.000000, 0.000000, -3.159634, -24.275761
-0.162015, 0.087400, 0.003741, 0.003741, 0.000000, 0.000000, -3.159634, -24.338953
0.092636, 0.087924, 0.003764, 0.003764, 0.000000, 0.000000, -3.159634, -24.402145
0.243022, 0.103434, 0.004427, 0.004427, 0.000000, 0.000000, -3.159634, -24.465338
0.172577, 0.110348, 0.004723, 0.004723, 0.000000, 0.000000, -3.159634, -24.528530
-0.058133, 0.093500, 0.004002, 0.004002, 0.000000, 0.000000, -3.159634, -24.591722
0.230518, 0.107202, 0.004589, 0.004589, 0.000000, 0.000000, -3.159634, -24.654915
0.219346, 0.118416, 0.005069, 0.005069, 0.000000, 0.000000, -3.159634, -24.718107
0.092711, 0.115846, 0.004959, 0.004959, 0.000000, 0.000000, -3.159634, -24.781300
0.265684, 0.130829, 0.005600, 0.005600, 0.000000, 0.000000, -3.159634, -24.844492
-0.116336, 0.106113, 0.004542, 0.004542, 0.000000, 0.000000, -3.159634, -24.907684
0.046048, 0.100106, 0.004285, 0.004285, 0.000000, 0.000000, -3.159634, -24.970877
-0.104153, 0.079681, 0.003411, 0.003411, 0.000000, 0.000000, -3.159634, -25.034069
0.474944, 0.119207, 0.005103, 0.005103, 0.000000, 0.000000, -3.159634, -25.097261
0.345984, 0.141885, 0.006073, 0.006073, 0.000000, 0.000000, -3.159634, -25.160454
0.115749, 0.139271, 0.005961, 0.005961, 0.000000, 0.000000, -3.159634, -25.223646
0.197211, 0.145065, 0.006209, 0.006209, 0.000000, 0.000000, -3.159634, -25.286839
