0.394816, 0.039482, 0.001690, 0.001690, 0.000000, 0.000000, 0.000000, 0.000000
0.127067, 0.048240, 0.002065, 0.002065, 0.000000, 0.000000, 0.000000, 0.000000
-0.034627, 0.039953, 0.001710, 0.001710, 0.000000, 0.000000, 0.000000, 0.000000
0.188008, 0.054759, 0.002344, 0.002344, 0.000000, 0.000000, 0.000000, 0.000000
0.092097, 0.058493, 0.002504, 0.002504, 0.000000, 0.000000, 0.000000, 0.000000
0.103194, 0.062963, 0.002695, 0.002695, 0.000000, 0.000000, 0.000000, 0.000000
0.196892, 0.076356, 0.003268, 0.003268, 0.000000, 0.000000, 0.000000, 0.000000
0.194455, 0.088166, 0.003774, 0.003774, 0.000000, 0.000000, 0.000000, 0.000000
0.207592, 0.100108, 0.004285, 0.004285, 0.000000, 0.000000, 0.000000, 0.000000
0.034739, 0.093571, 0.004005, 0.004005, 0.000000, 0.000000, 0.000000, 0.000000
0.275679, 0.111782, 0.004785, 0.004785, 0.000000, 0.000000, 0.000000, 0.000000
0.343564, 0.134960, 0.005777, 0.005777, 0.000000, 0.000000, 0.000000, 0.000000
0.069198, 0.128384, 0.005495, 0.005495, 0.000000, 0.000000, 0.000000, 0.000000
0.171475, 0.132693, 0.005680, 0.005680, 0.000000, 0.000000, 0.000000, 0.000000
-0.126990, 0.106725, 0.004568, 0.004568, 0.000000, 0.000000, 0.000000, 0.000000
0.173518, 0.113404, 0.004854, 0.004854, 0.000000, 0.000000, 0.000000, 0.000000
0.366321, 0.138696, 0.005937, 0.005937, 0.000000, 0.000000, 0.000000, 0.000000
0.034384, 0.128265, 0.005490, 0.005490, 0.000000, 0.000000, 0.000000, 0.000000
0.345428, 0.149981, 0.006420, 0.006420, 0.000000, 0.000000, 0.000000, 0.000000
0.126455, 0.147628, 0.006319, 0.006319, 0.000000, 0.000000, 0.000000, 0.000000
0.288728, 0.161738, 0.006923, 0.006923, 0.000000, 0.000000, 0.000000, 0.000000
0.231965, 0.168761, 0.007224, 0.007224, 0.000000, 0.000000, 0.000000, 0.000000
0.320468, 0.183932, 0.007873, 0.007873, 0.000000, 0.000000, 0.000000, 0.000000
0.276399, 0.193179, 0.008269, 0.008269, 0.000000, 0.000000, 0.000000, 0.000000
0.080310, 0.181892, 0.007786, 0.007786, 0.000000, 0.000000, 0.000000, 0.000000
0.263085, 0.190011, 0.008133, 0.008133, 0.000000, 0.000000, 0.000000, 0.000000
-0.068824, 0.164128, 0.007025, 0.007025, 0.000000, 0.000000, 0.000000, 0.000000
0.011538, 0.148869, 0.006372, 0.006372, 0.000000, 0.000000, 0.000000, 0.000000
0.253010, 0.159283, 0.006818, 0.006818, 0.000000, 0.000000, 0.000000, 0.000000
0.390856, 0.182440, 0.007809, 0.007809, 0.000000, 0.000000, 0.000000, 0.000000
0.287974, 0.192993, 0.008261, 0.008261, 0.000000, 0.000000, 0.000000, 0.000000
0.034704, 0.177164, 0.007583, 0.007583, 0.000000, 0.000000, 0.000000, 0.000000
0.308530, 0.190301, 0.008146, 0.008146, 0.000000, 0.000000, 0.000000, 0.000000
0.287627, 0.200034, 0.008562, 0.008562, 0.000000, 0.000000, 0.000000, 0.000000
0.103380, 0.190368, 0.008149, 0.008149, 0.000000, 0.000000, 0.000000, 0.000000
0.046048, 0.175936, 0.007531, 0.007531, 0.000000, 0.000000, 0.000000, 0.000000
0.103463, 0.168689, 0.007221, 0.007221, 0.000000, 0.000000, 0.000000, 0.000000
0.137208, 0.165541, 0.007086, 0.007086, 0.000000, 0.000000, 0.000000, 0.000000
0.216942, 0.170681, 0.007306, 0.007306, 0.000000, 0.000000, 0.000000, 0.000000
0.150869, 0.168700, 0.007221, 0.007221, 0.000000, 0.000000, 0.000000, 0.000000
0.103734, 0.162203, 0.006943, 0.006943, 0.000000, 0.000000, 0.000000, 0.000000
0.057445, 0.151727, 0.006495, 0.006495, 0.000000, 0.000000, 0.000000, 0.000000
0.069059, 0.143460, 0.006141, 0.006141, 0.000000, 0.000000, 0.000000, 0.000000
-0.011535, 0.127961, 0.005477, 0.005477, 0.000000, 0.000000, 0.000000, 0.000000
0.344045, 0.149569, 0.006402, 0.006402, 0.000000, 0.000000, 0.000000, 0.000000
0.069421, 0.141555, 0.006059, 0.006059, 0.000000, 0.000000, 0.000000, 0.000000
0.195156, 0.146915, 0.006289, 0.006289, 0.000000, 0.000000, 0.000000, 0.000000
-0.069059, 0.125317, 0.005364, 0.005364, 0.000000, 0.000000, 0.000000, 0.000000
0.092394, 0.122025, 0.005223, 0.005223, 0.000000, 0.000000, 0.000000, 0.000000
0.196494, 0.129472, 0.005542, 0.005542, 0.000000, 0.000000, 0.000000, 0.000000
0.240641, 0.140589, 0.006018, 0.006018, 0.000000, 0.000000, 0.000000, 0.000000
0.253468, 0.151877, 0.006501, 0.006501, 0.000000, 0.000000, 0.000000, 0.000000
-0.368678, 0.099821, 0.004273, 0.004273, 0.000000, 0.000000, 0.000000, 0.000000
0.241220, 0.113961, 0.004878, 0.004878, 0.000000, 0.000000, 0.000000, 0.000000
0.080714, 0.110636, 0.004736, 0.004736, 0.000000, 0.000000, 0.000000, 0.000000
0.115866, 0.111159, 0.004758, 0.004758, 0.000000, 0.000000, 0.000000, 0.000000
0.496004, 0.149644, 0.006405, 0.006405, 0.000000, 0.000000, 0.000000, 0.000000
0.102844, 0.144964, 0.006205, 0.006205, 0.000000, 0.000000, 0.000000, 0.000000
0.172994, 0.147767, 0.006325, 0.006325, 0.000000, 0.000000, 0.000000, 0.000000
-0.023075, 0.130683, 0.005594, 0.005594, 0.000000, 0.000000, 0.000000, 0.000000
0.334519, 0.151066, 0.006466, 0.006466, 0.000000, 0.000000, 0.000000, 0.000000
0.080568, 0.144016, 0.006165, 0.006165, 0.000000, 0.000000, 0.000000, 0.000000
0.346960, 0.164311, 0.007033, 0.007033, 0.000000, 0.000000, 0.000000, 0.000000
0.159884, 0.163868, 0.007014, 0.007014, 0.000000, 0.000000, 0.000000, 0.000000
0.371367, 0.184618, 0.007902, 0.007902, 0.000000, 0.000000, 0.000000, 0.000000
0.600054, 0.226162, 0.009681, 0.009681, 0.000000, 0.000000, 0.000000, 0.000000
0.598728, 0.263418, 0.011275, 0.011275, 0.000000, 0.000000, 0.000000, 0.000000
0.538672, 0.290944, 0.012454, 0.012454, 0.000000, 0.000000, 0.000000, 0.000000
0.826157, 0.344465, 0.014744, 0.014744, 0.000000, 0.000000, 0.000000, 0.000000
0.329020, 0.342921, 0.014678, 0.014678, 0.000000, 0.000000, 0.000000, 0.000000
0.450957, 0.353724, 0.015141, 0.015141, 0.000000, 0.000000, 0.000000, 0.000000
-0.052594, 0.313092, 0.013402, 0.013402, 0.000000, 0.000000, 0.000000, 0.000000
0.569500, 0.338733, 0.014499, 0.014499, 0.000000, 0.000000, 0.000000, 0.000000
1.725729, 0.477433, 0.020436, 0.020436, 0.000000, 0.000000, 0.000000, 0.000000
2.747802, 0.704470, 0.030154, 0.030154, 0.000000, 0.000000, 0.000000, 0.000000
3.627292, 0.996752, 0.042663, 0.042663, 0.000000, 0.000000, 0.000000, 0.000000
3.908327, 1.287909, 0.055123, 0.055123, 0.000000, 0.000000, 0.000000, 0.000000
4.732648, 1.632383, 0.069863, 0.069863, 0.000000, 0.000000, 0.000000, 0.000000
5.260454, 1.995190, 0.085385, 0.085385, 0.000000, 0.000000, 0.000000, 0.000000
6.388910, 2.434562, 0.104178, 0.104178, 0.000000, 0.000000, 0.000000, 0.000000
7.987665, 2.989873, 0.127921, 0.127921, 0.000000, 0.000000, 0.000000, 0.000000
7.991306, 3.490016, 0.149295, 0.149295, 0.000000, 0.000000, 0.000000, 0.000000
8.398046, 3.980819, 0.170259, 0.170259, 0.000000, 0.000000, 0.000000, 0.000000
9.495819, 4.532319, 0.193800, 0.193800, 0.000000, 0.000000, 0.000000, 0.000000
10.369195, 5.116007, 0.218696, 0.218696, 0.000000, 0.000000, 0.000000, 0.000000
11.876656, 5.792072, 0.247503, 0.247503, 0.000000, 0.000000, 0.000000, 0.000000
12.621360, 6.475000, 0.276568, 0.276568, 0.000000, 0.000000, 0.000000, 0.000000
13.764257, 7.203926, 0.307546, 0.307546, 0.000000, 0.000000, 0.000000, 0.000000
14.475737, 7.931107, 0.338402, 0.338402, 0.000000, 0.000000, 0.000000, 0.000000
15.524109, 8.690407, 0.370561, 0.370561, 0.000000, 0.000000, 0.000000, 0.000000
16.541191, 9.475485, 0.403744, 0.403744, 0.000000, 0.000000, 0.000000, 0.000000
18.299141, 10.357850, 0.440949, 0.440949, 0.000000, 0.000000, 0.000000, 0.000000
19.566229, 11.278688, 0.479663, 0.479663, 0.000000, 0.000000, 0.000000, 0.000000
19.625076, 12.113327, 0.514647, 0.514647, 0.000000, 0.000000, 0.000000, 0.000000
20.142586, 12.916253, 0.548199, 0.548199, 0.000000, 0.000000, 0.000000, 0.000000
20.714266, 13.696054, 0.580681, 0.580681, 0.000000, 0.000000, 0.000000, 0.000000
21.001554, 14.426604, 0.611015, 0.611015, 0.000000, 0.000000, 0.000000, 0.000000
21.546652, 15.138609, 0.640483, 0.640483, 0.000000, 0.000000, 0.000000, 0.000000
22.597866, 15.884535, 0.671248, 0.671248, 0.000000, 0.000000, 0.000000, 0.000000
22.926222, 16.588703, 0.700187, 0.700187, 0.000000, 0.000000, 0.000000, 0.000000
23.702374, 17.300070, 0.729315, 0.729315, 0.000000, 0.000000, 0.000000, 0.000000
24.829170, 18.052980, 0.760021, 0.760021, 0.000000, 0.000000, 0.000000, 0.000000
25.408459, 18.788528, 0.789892, 0.789892, 0.000000, 0.000000, 0.000000, 0.000000
26.499680, 19.559643, 0.821067, 0.821067, 0.000000, 0.000000, 0.000000, 0.000000
27.318806, 20.335560, 0.852287, 0.852287, 0.000000, 0.000000, 0.000000, 0.000000
27.868591, 21.088863, 0.882447, 0.882447, 0.000000, 0.000000, 0.000000, 0.000000
27.196936, 21.699671, 0.906791, 0.906791, 0.000000, 0.000000, 0.000000, 0.000000
26.454329, 22.175137, 0.925669, 0.925669, 0.000000, 0.000000, 0.000000, 0.000000
26.800938, 22.637716, 0.943974, 0.943974, 0.000000, 0.000000, 0.000000, 0.000000
27.834042, 23.157349, 0.964464, 0.964464, 0.000000, 0.000000, 0.000000, 0.000000
28.191471, 23.660761, 0.984239, 0.984239, 0.000000, 0.000000, 0.000000, 0.000000
27.383121, 24.032997, 0.998812, 0.998812, 0.000000, 0.000000, 0.000000, 0.000000
27.055258, 24.335224, 1.010613, 1.787677, -0.777064, -3.108254, -0.062165, -0.001243
27.090433, 24.610744, 1.021347, 1.774443, -0.753096, -3.012386, -0.122413, -0.003692
27.498692, 24.899540, 1.032573, 1.761265, -0.728693, -2.914770, -0.180708, -0.007306
27.766230, 25.186209, 1.043689, 1.748366, -0.704676, -2.818704, -0.237082, -0.012047
28.167122, 25.484301, 1.055222, 1.735541, -0.680319, -2.721278, -0.291508, -0.017878
28.411474, 25.777018, 1.066519, 1.723042, -0.656523, -2.626092, -0.344030, -0.024758
28.836435, 26.082960, 1.078296, 1.710582, -0.632287, -2.529146, -0.394613, -0.032650
29.896023, 26.464266, 1.092931, 1.697215, -0.604284, -2.417136, -0.442955, -0.041509
29.577272, 26.775566, 1.104843, 1.685187, -0.580344, -2.321375, -0.489383, -0.051297
29.288080, 27.026817, 1.114434, 1.674330, -0.559896, -2.239583, -0.534174, -0.061981
29.892195, 27.313354, 1.125346, 1.663131, -0.537785, -2.151140, -0.577197, -0.073525
29.467831, 27.528803, 1.133532, 1.653280, -0.519748, -2.078992, -0.618777, -0.085900
30.033913, 27.779314, 1.143030, 1.643062, -0.500032, -2.000126, -0.658780, -0.099076
30.520699, 28.053452, 1.153399, 1.632666, -0.479268, -1.917070, -0.697121, -0.113018
30.809752, 28.329082, 1.163797, 1.622456, -0.458659, -1.834635, -0.733814, -0.127694
30.754131, 28.571587, 1.172924, 1.612996, -0.440072, -1.760289, -0.769019, -0.143075
31.000465, 28.814474, 1.182044, 1.603722, -0.421678, -1.686713, -0.802754, -0.159130
31.223692, 29.055395, 1.191069, 1.594670, -0.403602, -1.614406, -0.835042, -0.175831
30.920700, 29.241926, 1.198042, 1.586716, -0.388674, -1.554696, -0.866136, -0.193153
31.521891, 29.469923, 1.206548, 1.578224, -0.371676, -1.486705, -0.895870, -0.211071
31.678694, 29.690800, 1.214770, 1.570031, -0.355260, -1.421041, -0.924291, -0.229557
31.892830, 29.911003, 1.222950, 1.562020, -0.339070, -1.356282, -0.951416, -0.248585
32.624908, 30.182394, 1.233005, 1.553298, -0.320293, -1.281171, -0.977040, -0.268126
32.899799, 30.454134, 1.243046, 1.544757, -0.301711, -1.206845, -1.001177, -0.288149
32.418842, 30.650604, 1.250288, 1.537717, -0.287429, -1.149714, -1.024171, -0.308633
32.439926, 30.829536, 1.256871, 1.531136, -0.274265, -1.097058, -1.046112, -0.329555
32.082184, 30.954802, 1.261472, 1.525642, -0.264170, -1.056680, -1.067246, -0.350900
31.824297, 31.041752, 1.264662, 1.520939, -0.256276, -1.025105, -1.087748, -0.372655
32.182236, 31.155800, 1.268843, 1.515846, -0.247004, -0.988014, -1.107508, -0.394805
32.694836, 31.309704, 1.274476, 1.510149, -0.235674, -0.942695, -1.126362, -0.417332
32.863071, 31.465040, 1.280152, 1.504551, -0.224399, -0.897597, -1.144314, -0.440218
32.558834, 31.574419, 1.284143, 1.499900, -0.215757, -0.863029, -1.161574, -0.463450
32.025475, 31.619524, 1.285787, 1.496502, -0.210715, -0.842858, -1.178432, -0.487019
32.338352, 31.691406, 1.288406, 1.492681, -0.204275, -0.817100, -1.194774, -0.510914
32.394211, 31.761686, 1.290965, 1.488964, -0.197999, -0.791998, -1.210613, -0.535126
32.334278, 31.818945, 1.293048, 1.485556, -0.192507, -0.770029, -1.226014, -0.559647
32.422398, 31.879290, 1.295242, 1.482155, -0.186913, -0.747651, -1.240967, -0.584466
32.572353, 31.948597, 1.297760, 1.478657, -0.180897, -0.723588, -1.255439, -0.609575
32.384346, 31.992172, 1.299343, 1.475697, -0.176354, -0.705415, -1.269547, -0.634966
32.133358, 32.006290, 1.299855, 1.473324, -0.173469, -0.693875, -1.283425, -0.660634
32.400791, 32.045742, 1.301287, 1.470526, -0.169239, -0.676956, -1.296964, -0.686573
32.031864, 32.044353, 1.301237, 1.468521, -0.167284, -0.669136, -1.310346, -0.712780
32.477596, 32.087677, 1.302808, 1.465725, -0.162917, -0.651669, -1.323380, -0.739248
32.437176, 32.122627, 1.304075, 1.463134, -0.159059, -0.636236, -1.336105, -0.765970
32.423508, 32.152714, 1.305166, 1.460678, -0.155512, -0.622047, -1.348545, -0.792941
32.096161, 32.147057, 1.304961, 1.458915, -0.153954, -0.615815, -1.360862, -0.820158
32.680725, 32.200424, 1.306894, 1.456094, -0.149200, -0.596798, -1.372798, -0.847614
32.515991, 32.231979, 1.308037, 1.453727, -0.145690, -0.582761, -1.384453, -0.875303
32.365044, 32.245285, 1.308519, 1.451736, -0.143217, -0.572869, -1.395910, -0.903221
32.798630, 32.300621, 1.310522, 1.449006, -0.138484, -0.553937, -1.406989, -0.931361
32.314632, 32.302021, 1.310572, 1.447318, -0.136746, -0.546984, -1.417929, -0.959720
32.258121, 32.297630, 1.310413, 1.445758, -0.135344, -0.541378, -1.428756, -0.988295
32.443676, 32.312233, 1.310942, 1.443866, -0.132925, -0.531699, -1.439390, -1.017083
32.650597, 32.346069, 1.312165, 1.441652, -0.129486, -0.517945, -1.449749, -1.046078
32.589237, 32.370384, 1.313045, 1.439652, -0.126608, -0.506430, -1.459878, -1.075275
32.186016, 32.351948, 1.312378, 1.438471, -0.126093, -0.504371, -1.469965, -1.104674
32.345078, 32.351261, 1.312353, 1.436970, -0.124617, -0.498468, -1.479935, -1.134273
32.007893, 32.316925, 1.311111, 1.436104, -0.124992, -0.499969, -1.489934, -1.164072
32.288429, 32.314075, 1.311008, 1.434656, -0.123648, -0.494591, -1.499826, -1.194068
32.639427, 32.346611, 1.312185, 1.432576, -0.120391, -0.481565, -1.509457, -1.224257
32.365211, 32.348473, 1.312252, 1.431098, -0.118845, -0.475381, -1.518965, -1.254637
32.398468, 32.353474, 1.312433, 1.429580, -0.117147, -0.468586, -1.528337, -1.285203
32.523556, 32.370483, 1.313048, 1.427862, -0.114814, -0.459256, -1.537522, -1.315954
32.158031, 32.349239, 1.312280, 1.426874, -0.114594, -0.458375, -1.546689, -1.346888
32.934502, 32.407764, 1.314396, 1.424425, -0.110030, -0.440119, -1.555492, -1.377997
32.513332, 32.418320, 1.314777, 1.422911, -0.108134, -0.432537, -1.564142, -1.409280
32.400410, 32.416527, 1.314712, 1.421647, -0.106934, -0.427737, -1.572697, -1.440734
32.055840, 32.380459, 1.313409, 1.421025, -0.107616, -0.430466, -1.581306, -1.472360
32.639866, 32.406399, 1.314346, 1.419258, -0.104912, -0.419646, -1.589699, -1.504154
31.909996, 32.356758, 1.312552, 1.418909, -0.106357, -0.425429, -1.598208, -1.536119
32.082615, 32.329346, 1.311561, 1.418135, -0.106575, -0.426299, -1.606734, -1.568253
32.586094, 32.355019, 1.312489, 1.416386, -0.103897, -0.415588, -1.615046, -1.600554
32.460205, 32.365536, 1.312869, 1.414947, -0.102077, -0.408309, -1.623212, -1.633018
32.993088, 32.428291, 1.315138, 1.412570, -0.097433, -0.389731, -1.631006, -1.665638
32.859932, 32.471455, 1.316697, 1.410608, -0.093911, -0.375646, -1.638519, -1.698409
32.668682, 32.491177, 1.317409, 1.409118, -0.091710, -0.366838, -1.645856, -1.731326
32.265530, 32.468613, 1.316594, 1.408433, -0.091839, -0.367355, -1.653203, -1.764390
32.658043, 32.487556, 1.317278, 1.406982, -0.089704, -0.358818, -1.660380, -1.797598
32.654888, 32.504288, 1.317882, 1.405598, -0.087716, -0.350864, -1.667397, -1.830945
32.364914, 32.490349, 1.317379, 1.404802, -0.087423, -0.349693, -1.674391, -1.864433
32.204617, 32.461777, 1.316347, 1.404278, -0.087931, -0.351725, -1.681425, -1.898062
31.914923, 32.407093, 1.314372, 1.404227, -0.089856, -0.359424, -1.688614, -1.931834
32.609512, 32.427334, 1.315103, 1.402778, -0.087675, -0.350699, -1.695628, -1.965747
32.707699, 32.455372, 1.316116, 1.401210, -0.085095, -0.340379, -1.702435, -1.999795
33.517841, 32.561619, 1.319951, 1.398234, -0.078283, -0.313132, -1.708698, -2.033969
33.659859, 32.671444, 1.323911, 1.395267, -0.071357, -0.285428, -1.714406, -2.068257
32.920128, 32.696312, 1.324807, 1.393951, -0.069145, -0.276579, -1.719938, -2.102656
32.263424, 32.653023, 1.323247, 1.393922, -0.070675, -0.282701, -1.725592, -2.137168
31.949730, 32.582695, 1.320711, 1.394372, -0.073661, -0.294643, -1.731485, -2.171798
31.654543, 32.489880, 1.317362, 1.395198, -0.077836, -0.311342, -1.737712, -2.206552
31.359928, 32.376884, 1.313280, 1.396339, -0.083059, -0.332235, -1.744357, -2.241439
31.437464, 32.282944, 1.309882, 1.397062, -0.087180, -0.348722, -1.751331, -2.276465
31.478065, 32.202457, 1.306968, 1.397486, -0.090518, -0.362073, -1.758572, -2.311637
31.530157, 32.135227, 1.304532, 1.397626, -0.093094, -0.372375, -1.766020, -2.346957
31.225422, 32.044247, 1.301233, 1.398164, -0.096931, -0.387724, -1.773774, -2.382433
31.141508, 31.953972, 1.297956, 1.398639, -0.100683, -0.402733, -1.781829, -2.418069
31.500658, 31.908640, 1.296309, 1.398252, -0.101943, -0.407771, -1.789984, -2.453869
31.450470, 31.862823, 1.294644, 1.397857, -0.103213, -0.412854, -1.798241, -2.489834
31.289455, 31.805487, 1.292559, 1.397654, -0.105096, -0.420382, -1.806649, -2.525967
31.359436, 31.760881, 1.290936, 1.397198, -0.106262, -0.425048, -1.815150, -2.562270
31.584011, 31.743195, 1.290292, 1.396241, -0.105949, -0.423797, -1.823626, -2.598742
31.353411, 31.704216, 1.288873, 1.395672, -0.106799, -0.427196, -1.832170, -2.635386
31.270205, 31.660814, 1.287292, 1.395171, -0.107879, -0.431515, -1.840800, -2.672202
31.570528, 31.651785, 1.286963, 1.394038, -0.107075, -0.428302, -1.849366, -2.709189
31.422791, 31.628885, 1.286128, 1.393165, -0.107036, -0.428146, -1.857929, -2.746348
31.874155, 31.653412, 1.287022, 1.391440, -0.104418, -0.417671, -1.866283, -2.783674
32.033047, 31.691376, 1.288405, 1.389504, -0.101099, -0.404396, -1.874370, -2.821161
32.387569, 31.760996, 1.290940, 1.387037, -0.096097, -0.384390, -1.882058, -2.858802
32.530529, 31.837950, 1.293739, 1.384496, -0.090756, -0.363025, -1.889319, -2.896589
32.382607, 31.892416, 1.295719, 1.382422, -0.086702, -0.346810, -1.896255, -2.934514
32.868046, 31.989979, 1.299263, 1.379614, -0.080351, -0.321403, -1.902683, -2.972567
33.673382, 32.158318, 1.305369, 1.375589, -0.070220, -0.280879, -1.908301, -3.010733
34.230919, 32.365578, 1.312871, 1.370958, -0.058087, -0.232347, -1.912948, -3.048992
34.570274, 32.586048, 1.320832, 1.366207, -0.045375, -0.181499, -1.916577, -3.087324
34.793629, 32.806805, 1.328784, 1.361579, -0.032795, -0.131178, -1.919201, -3.125708
34.981106, 33.024235, 1.336597, 1.357139, -0.020542, -0.082169, -1.920844, -3.164125
35.489498, 33.270760, 1.345432, 1.352277, -0.006845, -0.027379, -1.921392, -3.202553
34.479565, 33.391640, 1.349755, 1.349920, -0.000165, -0.000660, -1.921405, -3.240981
33.865116, 33.438988, 1.351447, 1.349025, 0.002422, 0.009686, -1.921211, -3.279405
34.568409, 33.551929, 1.355478, 1.346920, 0.008558, 0.034233, -1.920527, -3.317815
34.632298, 33.659966, 1.359330, 1.344975, 0.014355, 0.057419, -1.919379, -3.356203
34.857185, 33.779686, 1.363592, 1.342872, 0.020721, 0.082883, -1.917721, -3.394557
34.632050, 33.864922, 1.366623, 1.341496, 0.025128, 0.100511, -1.915711, -3.432871
35.010426, 33.979473, 1.370692, 1.339608, 0.031084, 0.124336, -1.913224, -3.471136
35.650047, 34.146530, 1.376616, 1.336777, 0.039839, 0.159356, -1.910037, -3.509336
36.778053, 34.409683, 1.385924, 1.332180, 0.053744, 0.214975, -1.905737, -3.547451
36.619232, 34.630638, 1.393716, 1.328537, 0.065179, 0.260716, -1.900523, -3.585462
37.391846, 34.906757, 1.403425, 1.323927, 0.079498, 0.317991, -1.894163, -3.623345
38.357098, 35.251793, 1.415511, 1.318091, 0.097420, 0.389682, -1.886370, -3.661072
38.466530, 35.573265, 1.426726, 1.312881, 0.113845, 0.455380, -1.877262, -3.698617
38.873814, 35.903320, 1.438193, 1.307646, 0.130548, 0.522191, -1.866818, -3.735954
38.705143, 36.183502, 1.447891, 1.303567, 0.144323, 0.577294, -1.855272, -3.773059
39.038040, 36.468956, 1.457734, 1.299508, 0.158226, 0.632904, -1.842614, -3.809912
39.533127, 36.775372, 1.468261, 1.295148, 0.173113, 0.692453, -1.828765, -3.846487
40.587944, 37.156628, 1.481300, 1.289374, 0.191926, 0.767703, -1.813411, -3.882755
40.892624, 37.530228, 1.494014, 1.283917, 0.210096, 0.840386, -1.796603, -3.918687
40.374149, 37.814621, 1.503649, 1.280487, 0.223162, 0.892649, -1.778750, -3.954262
40.763504, 38.109509, 1.513601, 1.276953, 0.236648, 0.946591, -1.759819, -3.989459
41.465427, 38.445099, 1.524877, 1.272674, 0.252203, 1.008813, -1.739642, -4.024251
42.985470, 38.899136, 1.540051, 1.265985, 0.274065, 1.096262, -1.717717, -4.058606
43.003975, 39.309620, 1.553685, 1.260408, 0.293277, 1.173108, -1.694255, -4.092491
43.195576, 39.698215, 1.566519, 1.255463, 0.311056, 1.244226, -1.669370, -4.125878
43.382458, 40.066639, 1.578621, 1.251106, 0.327515, 1.310060, -1.643169, -4.158741
44.639870, 40.523964, 1.593551, 1.244908, 0.348643, 1.394572, -1.615278, -4.191047
45.008686, 40.972435, 1.608094, 1.239068, 0.369026, 1.476106, -1.585756, -4.222762
45.332100, 41.408401, 1.622137, 1.233664, 0.388473, 1.553891, -1.554678, -4.253856
46.575035, 41.925064, 1.638658, 1.226564, 0.412093, 1.648374, -1.521710, -4.284290
47.014843, 42.434044, 1.654802, 1.219806, 0.434996, 1.739984, -1.486911, -4.314028
47.697674, 42.960407, 1.671361, 1.212804, 0.458557, 1.834230, -1.450226, -4.343033
47.727783, 43.437145, 1.686237, 1.207131, 0.479106, 1.916422, -1.411898, -4.371271
48.628407, 43.956272, 1.702303, 1.200600, 0.501703, 2.006812, -1.371761, -4.398706
48.315105, 44.392155, 1.715684, 1.196219, 0.519465, 2.077861, -1.330204, -4.425310
48.835075, 44.836449, 1.729222, 1.191767, 0.537455, 2.149818, -1.287208, -4.451054
50.263290, 45.379131, 1.745617, 1.185052, 0.560565, 2.242259, -1.242363, -4.475901
50.968483, 45.938065, 1.762338, 1.178090, 0.584248, 2.336992, -1.195623, -4.499814
50.400223, 46.384281, 1.775567, 1.174080, 0.601488, 2.405950, -1.147504, -4.522764
51.097042, 46.855556, 1.789423, 1.169568, 0.619854, 2.479417, -1.097916, -4.544722
50.558064, 47.225807, 1.800223, 1.167728, 0.632495, 2.529980, -1.047316, -4.565669
49.886055, 47.491833, 1.807936, 1.168617, 0.639320, 2.557279, -0.996170, -4.585592
50.902206, 47.832870, 1.817768, 1.167656, 0.650112, 2.600448, -0.944161, -4.604475
51.493397, 48.198921, 1.828249, 1.166140, 0.662109, 2.648436, -0.891193, -4.622299
50.938618, 48.472893, 1.836045, 1.167077, 0.668968, 2.675873, -0.837675, -4.639052
50.909756, 48.716579, 1.842944, 1.168845, 0.674098, 2.696393, -0.783747, -4.654727
51.089973, 48.953918, 1.849631, 1.170816, 0.678814, 2.715258, -0.729442, -4.669316
54.274651, 49.485992, 1.864506, 1.165165, 0.699341, 2.797363, -0.673495, -4.682786
54.555679, 49.992962, 1.878530, 1.160310, 0.718221, 2.872883, -0.616037, -4.695107
52.058800, 50.199547, 1.884203, 1.163502, 0.720701, 2.882806, -0.558381, -4.706274
51.793945, 50.358986, 1.888564, 1.167951, 0.720614, 2.882455, -0.500732, -4.716289
52.848110, 50.607899, 1.895344, 1.170022, 0.725321, 2.901285, -0.442706, -4.725142
53.869400, 50.934048, 1.904173, 1.170075, 0.734098, 2.936391, -0.383979, -4.732822
53.928486, 51.233490, 1.912224, 1.170906, 0.741318, 2.965273, -0.324673, -4.739316
53.502270, 51.460369, 1.918290, 1.173735, 0.744555, 2.978222, -0.265109, -4.744617
52.900921, 51.604424, 1.922126, 1.178807, 0.743319, 2.973276, -0.205643, -4.748730
52.186363, 51.662617, 1.923672, 1.186164, 0.737507, 2.950030, -0.146643, -4.751663
52.458733, 51.742229, 1.925784, 1.192875, 0.732909, 2.931636, -0.088010, -4.753423
51.844784, 51.752483, 1.926056, 1.201394, 0.724661, 2.898646, -0.030037, -4.754024
52.097427, 51.786980, 1.926969, 1.209162, 0.717807, 2.871229, 0.027388, -4.753476
52.962601, 51.904541, 1.930078, 1.214610, 0.715468, 2.861872, 0.084625, -4.751784
53.203197, 52.034409, 1.933503, 1.219693, 0.713810, 2.855240, 0.141730, -4.748949
53.522324, 52.183201, 1.937414, 1.224238, 0.713177, 2.852707, 0.198784, -4.744973
53.331089, 52.297989, 1.940423, 1.229688, 0.710735, 2.842939, 0.255643, -4.739861
53.129887, 52.381180, 1.942599, 1.235962, 0.706637, 2.826548, 0.312174, -4.733617
52.975105, 52.440571, 1.944149, 1.242830, 0.701320, 2.805279, 0.368279, -4.726251
52.584465, 52.454960, 1.944525, 1.250855, 0.693670, 2.774679, 0.423773, -4.717776
52.981274, 52.507591, 1.945897, 1.257750, 0.688147, 2.752589, 0.478825, -4.708200
51.846943, 52.441528, 1.944174, 1.267802, 0.676373, 2.705492, 0.532934, -4.697541
52.783463, 52.475723, 1.945066, 1.274989, 0.670077, 2.680307, 0.586541, -4.685810
53.436615, 52.571812, 1.947569, 1.280419, 0.667150, 2.668599, 0.639913, -4.673012
54.012180, 52.715847, 1.951310, 1.284504, 0.666805, 2.667221, 0.693257, -4.659147
53.490917, 52.793354, 1.953318, 1.290393, 0.662924, 2.651698, 0.746291, -4.644221
53.018494, 52.815868, 1.953900, 1.297734, 0.656166, 2.624664, 0.798784, -4.628245
53.380032, 52.872284, 1.955359, 1.304069, 0.651290, 2.605161, 0.850887, -4.611228
52.885658, 52.873623, 1.955393, 1.311847, 0.643546, 2.574183, 0.902371, -4.593180
53.461224, 52.932384, 1.956910, 1.317965, 0.638945, 2.555782, 0.953487, -4.574111
53.756901, 53.014835, 1.959036, 1.323378, 0.635657, 2.542629, 1.004339, -4.554024
52.802406, 52.993591, 1.958488, 1.331587, 0.626901, 2.507605, 1.054491, -4.532934
53.294239, 53.023655, 1.959263, 1.338288, 0.620975, 2.483900, 1.104169, -4.510850
52.948471, 53.016136, 1.959069, 1.345945, 0.613124, 2.452496, 1.153219, -4.487786
52.669220, 52.981445, 1.958176, 1.354251, 0.603924, 2.415697, 1.201533, -4.463755
52.687222, 52.952023, 1.957417, 1.362303, 0.595114, 2.380457, 1.249142, -4.438772
53.433365, 53.000156, 1.958658, 1.368128, 0.590529, 2.362118, 1.296385, -4.412845
53.140060, 53.014149, 1.959018, 1.374832, 0.584186, 2.336745, 1.343120, -4.385982
53.248356, 53.037571, 1.959621, 1.381201, 0.578420, 2.313679, 1.389393, -4.358194
53.453056, 53.079121, 1.960690, 1.387005, 0.573685, 2.294739, 1.435288, -4.329489
53.064453, 53.077656, 1.960652, 1.393929, 0.566723, 2.266891, 1.480626, -4.299876
53.324024, 53.102291, 1.961285, 1.400056, 0.561230, 2.244919, 1.525524, -4.269366
53.475098, 53.139572, 1.962243, 1.405769, 0.556474, 2.225896, 1.570042, -4.237965
53.314095, 53.157024, 1.962691, 1.411969, 0.550722, 2.202890, 1.614100, -4.205683
53.037201, 53.145042, 1.962384, 1.418906, 0.543478, 2.173912, 1.657578, -4.172532
52.934345, 53.123974, 1.961843, 1.426005, 0.535838, 2.143352, 1.700445, -4.138523
53.004288, 53.112007, 1.961535, 1.432763, 0.528773, 2.115091, 1.742747, -4.103668
53.061890, 53.106995, 1.961406, 1.439245, 0.522161, 2.088645, 1.784520, -4.067977
53.759521, 53.172249, 1.963082, 1.443723, 0.519359, 2.077435, 1.826069, -4.031456
52.640278, 53.119053, 1.961716, 1.451413, 0.510303, 2.041213, 1.866893, -3.994118
52.804375, 53.087585, 1.960907, 1.458398, 0.502509, 2.010036, 1.907094, -3.955976
53.245461, 53.103374, 1.961313, 1.463996, 0.497317, 1.989269, 1.946879, -3.917039
53.539803, 53.147018, 1.962434, 1.468768, 0.493666, 1.974664, 1.986372, -3.877311
53.665840, 53.198902, 1.963766, 1.473270, 0.490495, 1.961981, 2.025612, -3.836799
53.826180, 53.261631, 1.965373, 1.477436, 0.487937, 1.951749, 2.064647, -3.795506
52.943943, 53.229862, 1.964559, 1.484162, 0.480397, 1.921587, 2.103079, -3.753444
53.248108, 53.231686, 1.964606, 1.489877, 0.474729, 1.898915, 2.141057, -3.710623
52.528919, 53.161407, 1.962804, 1.497501, 0.465303, 1.861212, 2.178282, -3.667058
52.999584, 53.145226, 1.962388, 1.503528, 0.458860, 1.835442, 2.214990, -3.622758
53.349838, 53.165688, 1.962914, 1.508474, 0.454440, 1.817760, 2.251346, -3.577731
53.592407, 53.208359, 1.964008, 1.512757, 0.451251, 1.805004, 2.287446, -3.531982
52.774239, 53.164948, 1.962895, 1.519362, 0.443532, 1.774130, 2.322928, -3.485523
52.454071, 53.093861, 1.961069, 1.526632, 0.434437, 1.737748, 2.357683, -3.438370
51.753761, 52.959850, 1.957619, 1.535511, 0.422108, 1.688430, 2.391452, -3.390540
52.724823, 52.936348, 1.957013, 1.541219, 0.415794, 1.663175, 2.424716, -3.342046
53.074642, 52.950176, 1.957369, 1.545830, 0.411539, 1.646155, 2.457639, -3.292893
52.595722, 52.914730, 1.956455, 1.551738, 0.404717, 1.618869, 2.490016, -3.243093
52.539284, 52.877186, 1.955485, 1.557619, 0.397866, 1.591464, 2.521846, -3.192656
51.986378, 52.788105, 1.953182, 1.564825, 0.388357, 1.553428, 2.552914, -3.141598
51.892460, 52.698540, 1.950861, 1.571926, 0.378935, 1.515739, 2.583229, -3.089933
52.337261, 52.662411, 1.949923, 1.577457, 0.372466, 1.489864, 2.613026, -3.037672
52.177673, 52.613937, 1.948664, 1.583246, 0.365418, 1.461672, 2.642260, -2.984827
52.561436, 52.608688, 1.948528, 1.587774, 0.360754, 1.443015, 2.671120, -2.931405
52.696903, 52.617508, 1.948757, 1.591863, 0.356894, 1.427576, 2.699672, -2.877411
52.488491, 52.604607, 1.948422, 1.596497, 0.351925, 1.407699, 2.727825, -2.822855
52.433563, 52.587502, 1.947977, 1.601185, 0.346792, 1.387167, 2.755569, -2.767743
51.936489, 52.522400, 1.946283, 1.607117, 0.339166, 1.356664, 2.782702, -2.712089
52.209446, 52.491104, 1.945467, 1.612037, 0.333430, 1.333722, 2.809376, -2.655901
51.967045, 52.438698, 1.944101, 1.617461, 0.326640, 1.306558, 2.835508, -2.599191
51.736370, 52.368465, 1.942266, 1.623286, 0.318980, 1.275920, 2.861026, -2.541971
51.661148, 52.297733, 1.940416, 1.629031, 0.311385, 1.245540, 2.885937, -2.484252
51.888084, 52.256767, 1.939343, 1.633878, 0.305466, 1.221863, 2.910374, -2.426044
51.951633, 52.226254, 1.938544, 1.638369, 0.300174, 1.200698, 2.934388, -2.367357
51.783188, 52.181946, 1.937381, 1.643170, 0.294211, 1.176845, 2.957925, -2.308198
51.357910, 52.099541, 1.935217, 1.648929, 0.286288, 1.145152, 2.980828, -2.248582
50.262135, 51.915802, 1.930375, 1.657323, 0.273053, 1.092211, 3.002672, -2.188528
49.795937, 51.703815, 1.924765, 1.666305, 0.258461, 1.033842, 3.023349, -2.128061
49.573372, 51.490772, 1.919101, 1.675123, 0.243977, 0.975909, 3.042867, -2.067204
47.693611, 51.111057, 1.908939, 1.688199, 0.220740, 0.882958, 3.060526, -2.005993
46.980824, 50.698032, 1.897790, 1.701824, 0.195965, 0.783862, 3.076203, -1.944469
46.503338, 50.278564, 1.886366, 1.715258, 0.171108, 0.684434, 3.089892, -1.882671
46.870388, 49.937748, 1.877010, 1.726265, 0.150745, 0.602979, 3.101952, -1.820632
44.947617, 49.438736, 1.863191, 1.741104, 0.122087, 0.488348, 3.111719, -1.758398
44.388901, 48.933754, 1.849064, 1.755657, 0.093407, 0.373627, 3.119191, -1.696014
44.362038, 48.476582, 1.836150, 1.768540, 0.067610, 0.270440, 3.124600, -1.633522
44.651234, 48.094048, 1.825254, 1.779129, 0.046125, 0.184499, 3.128290, -1.570956
43.503510, 47.634995, 1.812071, 1.791340, 0.020732, 0.082927, 3.129948, -1.508358
42.777115, 47.149208, 1.797995, 1.803832, -0.005837, -0.023348, 3.129481, -1.445768
43.286011, 46.762890, 1.786708, 1.813430, -0.026722, -0.106888, 3.127344, -1.383221
44.259357, 46.512535, 1.779350, 1.819342, -0.039992, -0.159967, 3.124144, -1.320738
42.189053, 46.080185, 1.766563, 1.829565, -0.063002, -0.252006, 3.119104, -1.258356
39.159050, 45.388073, 1.745885, 1.845781, -0.099895, -0.399581, 3.111113, -1.196134
39.515419, 44.800808, 1.728140, 1.858825, -0.130685, -0.522741, 3.100658, -1.134121
39.121243, 44.232853, 1.710805, 1.870893, -0.160087, -0.640350, 3.087851, -1.072364
35.935341, 43.403103, 1.685179, 1.888644, -0.203465, -0.813862, 3.071573, -1.010932
34.818424, 42.544636, 1.658293, 1.906241, -0.247948, -0.991792, 3.051738, -0.949897
33.204655, 41.610638, 1.628620, 1.924699, -0.296079, -1.184316, 3.028051, -0.889336
34.301910, 40.879765, 1.605097, 1.937646, -0.332549, -1.330195, 3.001447, -0.829307
32.378395, 40.029629, 1.577408, 1.952544, -0.375136, -1.500544, 2.971436, -0.769879
30.648026, 39.091469, 1.546449, 1.968503, -0.422054, -1.688215, 2.937672, -0.711125
29.790371, 38.161358, 1.515346, 1.983320, -0.467974, -1.871894, 2.900234, -0.653121
29.024723, 37.247696, 1.484405, 1.996839, -0.512434, -2.049735, 2.859239, -0.595936
27.716557, 36.294582, 1.451725, 1.451725, 0.000000, 0.000000, 2.859239, -0.538751
26.807100, 35.345833, 1.418797, 1.418797, 0.000000, 0.000000, 2.859239, -0.481566
26.916698, 34.502918, 1.389214, 1.389214, 0.000000, 0.000000, 2.859239, -0.424381
27.444572, 33.797085, 1.364211, 1.364211, 0.000000, 0.000000, 2.859239, -0.367197
27.306881, 33.148064, 1.341038, 1.341038, 0.000000, 0.000000, 2.859239, -0.310012
24.143633, 32.247620, 1.308603, 1.308603, 0.000000, 0.000000, 2.859239, -0.252827
21.650517, 31.187910, 1.270019, 1.270019, 0.000000, 0.000000, 2.859239, -0.195642
20.756174, 30.144737, 1.231611, 1.231611, 0.000000, 0.000000, 2.859239, -0.138458
19.151707, 29.045435, 1.190696, 1.190696, 0.000000, 0.000000, 2.859239, -0.081273
16.750370, 27.815929, 1.144416, 1.144416, 0.000000, 0.000000, 2.859239, -0.024088
15.383052, 26.572641, 1.097082, 1.097082, 0.000000, 0.000000, 2.859239, 0.033097
15.123107, 25.427689, 1.053034, 1.053034, 0.000000, 0.000000, 2.859239, 0.090282
13.921724, 24.277092, 1.008345, 1.008345, 0.000000, 0.000000, 2.859239, 0.147466
12.479875, 23.097370, 0.962103, 0.962103, 0.000000, 0.000000, 2.859239, 0.204651
11.848408, 21.972473, 0.917630, 0.917630, 0.000000, 0.000000, 2.859239, 0.261836
11.854946, 20.960720, 0.877328, 0.877328, 0.000000, 0.000000, 2.859239, 0.319021
11.633294, 20.027977, 0.839930, 0.839930, 0.000000, 0.000000, 2.859239, 0.376206
10.827699, 19.107948, 0.802823, 0.802823, 0.000000, 0.000000, 2.859239, 0.433390
9.529205, 18.150074, 0.763971, 0.763971, 0.000000, 0.000000, 2.859239, 0.490575
9.161964, 17.251263, 0.727320, 0.727320, 0.000000, 0.000000, 2.859239, 0.547760
9.541394, 16.480276, 0.695738, 0.695738, 0.000000, 0.000000, 2.859239, 0.604945
9.136779, 15.745926, 0.665540, 0.665540, 0.000000, 0.000000, 2.859239, 0.662130
6.316280, 14.802961, 0.626603, 0.626603, 0.000000, 0.000000, 2.859239, 0.719314
4.420990, 13.764764, 0.583538, 0.583538, 0.000000, 0.000000, 2.859239, 0.776499
3.086885, 12.696976, 0.539047, 0.539047, 0.000000, 0.000000, 2.859239, 0.833684
1.497071, 11.576985, 0.492179, 0.492179, 0.000000, 0.000000, 2.859239, 0.890869
-0.127631, 10.406524, 0.442998, 0.442998, 0.000000, 0.000000, 2.859239, 0.948054
-3.426509, 9.023220, 0.384637, 0.384637, 0.000000, 0.000000, 2.859239, 1.005238
1.739362, 8.294834, 0.353815, 0.353815, 0.000000, 0.000000, 2.859239, 1.062423
0.239158, 7.489266, 0.319660, 0.319660, 0.000000, 0.000000, 2.859239, 1.119608
0.984284, 6.838768, 0.292033, 0.292033, 0.000000, 0.000000, 2.859239, 1.176793
0.659739, 6.220865, 0.265756, 0.265756, 0.000000, 0.000000, 2.859239, 1.233978
0.566122, 5.655391, 0.241682, 0.241682, 0.000000, 0.000000, 2.859239, 1.291162
0.624263, 5.152278, 0.220242, 0.220242, 0.000000, 0.000000, 2.859239, 1.348347
0.217158, 4.658766, 0.199195, 0.199195, 0.000000, 0.000000, 2.859239, 1.405532
0.263085, 4.219198, 0.180436, 0.180436, 0.000000, 0.000000, 2.859239, 1.462717
0.380352, 3.835313, 0.164045, 0.164045, 0.000000, 0.000000, 2.859239, 1.519902
0.586978, 3.510480, 0.150169, 0.150169, 0.000000, 0.000000, 2.859239, 1.577087
0.669420, 3.226374, 0.138029, 0.138029, 0.000000, 0.000000, 2.859239, 1.634271
0.321689, 2.935905, 0.125614, 0.125614, 0.000000, 0.000000, 2.859239, 1.691456
0.127736, 2.655089, 0.113608, 0.113608, 0.000000, 0.000000, 2.859239, 1.748641
0.643229, 2.453903, 0.105005, 0.105005, 0.000000, 0.000000, 2.859239, 1.805826
0.550132, 2.263526, 0.096863, 0.096863, 0.000000, 0.000000, 2.859239, 1.863011
0.622254, 2.099399, 0.089843, 0.089843, 0.000000, 0.000000, 2.859239, 1.920195
0.509385, 1.940397, 0.083041, 0.083041, 0.000000, 0.000000, 2.859239, 1.977380
0.540727, 1.800430, 0.077053, 0.077053, 0.000000, 0.000000, 2.859239, 2.034565
0.286935, 1.649081, 0.070578, 0.070578, 0.000000, 0.000000, 2.859239, 2.091750
0.184601, 1.502633, 0.064312, 0.064312, 0.000000, 0.000000, 2.859239, 2.148934
0.519178, 1.404287, 0.060103, 0.060103, 0.000000, 0.000000, 2.859239, 2.206119
0.046262, 1.268485, 0.054292, 0.054292, 0.000000, 0.000000, 2.859239, 2.263304
0.450229, 1.186659, 0.050790, 0.050790, 0.000000, 0.000000, 2.859239, 2.320488
0.564983, 1.124491, 0.048130, 0.048130, 0.000000, 0.000000, 2.859239, 2.377673
0.506723, 1.062715, 0.045486, 0.045486, 0.000000, 0.000000, 2.859239, 2.434858
0.346333, 0.991076, 0.042420, 0.042420, 0.000000, 0.000000, 2.859239, 2.492043
0.252656, 0.917234, 0.039260, 0.039260, 0.000000, 0.000000, 2.859239, 2.549227
0.522651, 0.877776, 0.037571, 0.037571, 0.000000, 0.000000, 2.859239, 2.606412
0.526895, 0.842688, 0.036069, 0.036069, 0.000000, 0.000000, 2.859239, 2.663597
0.393620, 0.797781, 0.034147, 0.034147, 0.000000, 0.000000, 2.859239, 2.720781
0.345567, 0.752560, 0.032212, 0.032212, 0.000000, 0.000000, 2.859239, 2.777966
0.392984, 0.716602, 0.030673, 0.030673, 0.000000, 0.000000, 2.859239, 2.835151
0.356298, 0.680572, 0.029131, 0.029131, 0.000000, 0.000000, 2.859239, 2.892335
0.357445, 0.648259, 0.027748, 0.027748, 0.000000, 0.000000, 2.859239, 2.949520
0.277459, 0.611179, 0.026161, 0.026161, 0.000000, 0.000000, 2.859239, 3.006705
0.480024, 0.598064, 0.025599, 0.025599, 0.000000, 0.000000, 2.859239, 3.063890
0.437715, 0.582029, 0.024913, 0.024913, 0.000000, 0.000000, 2.859239, 3.121074
0.568414, 0.580667, 0.024855, 0.024855, 0.000000, 0.000000, 2.859239, 3.178259
0.057376, 0.528338, 0.022615, 0.022615, 0.000000, 0.000000, 2.859239, 3.235444
0.509694, 0.526474, 0.022535, 0.022535, 0.000000, 0.000000, 2.859239, 3.292628
0.529648, 0.526791, 0.022549, 0.022549, 0.000000, 0.000000, 2.859239, 3.349813
0.413764, 0.515488, 0.022065, 0.022065, 0.000000, 0.000000, 2.859239, 3.406998
0.391248, 0.503064, 0.021533, 0.021533, 0.000000, 0.000000, 2.859239, 3.464182
0.344114, 0.487169, 0.020853, 0.020853, 0.000000, 0.000000, 2.859239, 3.521367
0.092264, 0.447679, 0.019162, 0.019162, 0.000000, 0.000000, 2.859239, 3.578552
0.171646, 0.420076, 0.017981, 0.017981, 0.000000, 0.000000, 2.859239, 3.635736
0.229917, 0.401060, 0.017167, 0.017167, 0.000000, 0.000000, 2.859239, 3.692921
0.580837, 0.419037, 0.017936, 0.017936, 0.000000, 0.000000, 2.859239, 3.750106
0.342332, 0.411367, 0.017608, 0.017608, 0.000000, 0.000000, 2.859239, 3.807291
0.092543, 0.379485, 0.016243, 0.016243, 0.000000, 0.000000, 2.859239, 3.864475
0.345776, 0.376114, 0.016099, 0.016099, 0.000000, 0.000000, 2.859239, 3.921660
0.402270, 0.378729, 0.016211, 0.016211, 0.000000, 0.000000, 2.859239, 3.978845
0.424575, 0.383314, 0.016407, 0.016407, 0.000000, 0.000000, 2.859239, 4.036029
0.541270, 0.399110, 0.017083, 0.017083, 0.000000, 0.000000, 2.859239, 4.093214
0.080536, 0.367252, 0.015720, 0.015720, 0.000000, 0.000000, 2.859239, 4.150399
0.034718, 0.333999, 0.014296, 0.014296, 0.000000, 0.000000, 2.859239, 4.207583
0.218466, 0.322445, 0.013802, 0.013802, 0.000000, 0.000000, 2.859239, 4.264768
0.481465, 0.338347, 0.014483, 0.014483, 0.000000, 0.000000, 2.859239, 4.321953
0.253417, 0.329854, 0.014119, 0.014119, 0.000000, 0.000000, 2.859239, 4.379138
0.345220, 0.331391, 0.014185, 0.014185, 0.000000, 0.000000, 2.859239, 4.436322
0.538995, 0.352151, 0.015073, 0.015073, 0.000000, 0.000000, 2.859239, 4.493507
0.126379, 0.329574, 0.014107, 0.014107, 0.000000, 0.000000, 2.859239, 4.550692
0.046058, 0.301222, 0.012894, 0.012894, 0.000000, 0.000000, 2.859239, 4.607876
0.541488, 0.325249, 0.013922, 0.013922, 0.000000, 0.000000, 2.859239, 4.665061
0.426797, 0.335404, 0.014357, 0.014357, 0.000000, 0.000000, 2.859239, 4.722246
0.448963, 0.346760, 0.014843, 0.014843, 0.000000, 0.000000, 2.859239, 4.779430
-0.404706, 0.271613, 0.011626, 0.011626, 0.000000, 0.000000, 2.859239, 4.836615
0.774063, 0.321858, 0.013777, 0.013777, 0.000000, 0.000000, 2.859239, 4.893800
1.438365, 0.433509, 0.018556, 0.018556, 0.000000, 0.000000, 2.859239, 4.950984
0.986374, 0.488795, 0.020922, 0.020922, 0.000000, 0.000000, 2.859239, 5.008169
0.080407, 0.447957, 0.019174, 0.019174, 0.000000, 0.000000, 2.859239, 5.065354
0.206760, 0.423837, 0.018142, 0.018142, 0.000000, 0.000000, 2.859239, 5.122539
0.576394, 0.439093, 0.018795, 0.018795, 0.000000, 0.000000, 2.859239, 5.179723
0.255110, 0.420694, 0.018007, 0.018007, 0.000000, 0.000000, 2.859239, 5.236908
0.231824, 0.401807, 0.017199, 0.017199, 0.000000, 0.000000, 2.859239, 5.294093
-0.092301, 0.352397, 0.015084, 0.015084, 0.000000, 0.000000, 2.859239, 5.351277
0.115167, 0.328674, 0.014069, 0.014069, 0.000000, 0.000000, 2.859239, 5.408462
-0.219037, 0.273903, 0.011724, 0.011724, 0.000000, 0.000000, 2.859239, 5.465647
0.160556, 0.262568, 0.011239, 0.011239, 0.000000, 0.000000, 2.859239, 5.522831
-0.046516, 0.231660, 0.009916, 0.009916, 0.000000, 0.000000, 2.859239, 5.580016
-0.011549, 0.207339, 0.008875, 0.008875, 0.000000, 0.000000, 2.859239, 5.637201
0.138312, 0.200436, 0.008579, 0.008579, 0.000000, 0.000000, 2.859239, 5.694386
0.023089, 0.182701, 0.007820, 0.007820, 0.000000, 0.000000, 2.859239, 5.751570
0.080877, 0.172519, 0.007385, 0.007385, 0.000000, 0.000000, 2.859239, 5.808755
-0.229918, 0.132275, 0.005662, 0.005662, 0.000000, 0.000000, 2.859239, 5.865940
0.092301, 0.128278, 0.005491, 0.005491, 0.000000, 0.000000, 2.859239, 5.923124
0.069212, 0.122371, 0.005238, 0.005238, 0.000000, 0.000000, 2.859239, 5.980309
0.194922, 0.129626, 0.005549, 0.005549, 0.000000, 0.000000, 2.859239, 6.037494
0.057688, 0.122432, 0.005241, 0.005241, 0.000000, 0.000000, 2.859239, 6.094678
0.126557, 0.122845, 0.005258, 0.005258, 0.000000, 0.000000, 2.859239, 6.151863
0.103339, 0.120894, 0.005175, 0.005175, 0.000000, 0.000000, 2.859239, 6.209048
0.160460, 0.124851, 0.005344, 0.005344, 0.000000, 0.000000, 2.859239, 6.266232
0.126480, 0.125014, 0.005351, 0.005351, 0.000000, 0.000000, 2.859239, 6.323417
-0.034739, 0.109038, 0.004667, 0.004667, 0.000000, 0.000000, 2.859239, 6.380602
0.114982, 0.109633, 0.004693, 0.004693, 0.000000, 0.000000, 2.859239, 6.437787
0.403160, 0.138986, 0.005949, 0.005949, 0.000000, 0.000000, 2.859239, 6.494971
0.161852, 0.141272, 0.006047, 0.006047, 0.000000, 0.000000, 2.859239, 6.552156
0.034474, 0.130592, 0.005590, 0.005590, 0.000000, 0.000000, 2.859239, 6.609341
0.138034, 0.131337, 0.005622, 0.005622, 0.000000, 0.000000, 2.859239, 6.666525
0.080278, 0.126231, 0.005403, 0.005403, 0.000000, 0.000000, 2.859239, 6.723710
0.184341, 0.132042, 0.005652, 0.005652, 0.000000, 0.000000, 2.859239, 6.780895
0.092282, 0.128066, 0.005482, 0.005482, 0.000000, 0.000000, 2.859239, 6.838079
0.322077, 0.147467, 0.006312, 0.006312, 0.000000, 0.000000, 2.859239, 6.895264
-0.080649, 0.124655, 0.005336, 0.005336, 0.000000, 0.000000, 2.859239, 6.952449
0.171887, 0.129378, 0.005538, 0.005538, 0.000000, 0.000000, 2.859239, 7.009634
0.149837, 0.131424, 0.005626, 0.005626, 0.000000, 0.000000, 2.859239, 7.066818
0.335059, 0.151788, 0.006497, 0.006497, 0.000000, 0.000000, 2.859239, 7.124003
0.229595, 0.159568, 0.006830, 0.006830, 0.000000, 0.000000, 2.859239, 7.181188
0.046067, 0.148218, 0.006344, 0.006344, 0.000000, 0.000000, 2.859239, 7.238372
0.253826, 0.158779, 0.006796, 0.006796, 0.000000, 0.000000, 2.859239, 7.295557
0.323570, 0.175258, 0.007502, 0.007502, 0.000000, 0.000000, 2.859239, 7.352742
0.264298, 0.184162, 0.007883, 0.007883, 0.000000, 0.000000, 2.859239, 7.409926
-0.046356, 0.161110, 0.006896, 0.006896, 0.000000, 0.000000, 2.859239, 7.467111
-0.011512, 0.143848, 0.006157, 0.006157, 0.000000, 0.000000, 2.859239, 7.524296
0.194844, 0.148948, 0.006376, 0.006376, 0.000000, 0.000000, 2.859239, 7.581481
0.068975, 0.140950, 0.006033, 0.006033, 0.000000, 0.000000, 2.859239, 7.638665
0.470944, 0.173950, 0.007446, 0.007446, 0.000000, 0.000000, 2.859239, 7.695850
-0.023024, 0.154252, 0.006603, 0.006603, 0.000000, 0.000000, 2.859239, 7.753035
0.265523, 0.165380, 0.007079, 0.007079, 0.000000, 0.000000, 2.859239, 7.810219
0.483109, 0.197152, 0.008439, 0.008439, 0.000000, 0.000000, 2.859239, 7.867404
0.092674, 0.186705, 0.007992, 0.007992, 0.000000, 0.000000, 2.859239, 7.924589
0.114363, 0.179470, 0.007682, 0.007682, 0.000000, 0.000000, 2.859239, 7.981773
0.068893, 0.168413, 0.007209, 0.007209, 0.000000, 0.000000, 2.859239, 8.038959
0.345984, 0.186170, 0.007969, 0.007969, 0.000000, 0.000000, 2.859239, 8.096144
-0.023052, 0.165248, 0.007073, 0.007073, 0.000000, 0.000000, 2.859239, 8.153329
0.126303, 0.161353, 0.006907, 0.006907, 0.000000, 0.000000, 2.859239, 8.210514
0.151114, 0.160329, 0.006863, 0.006863, 0.000000, 0.000000, 2.859239, 8.267699
0.334721, 0.177768, 0.007609, 0.007609, 0.000000, 0.000000, 2.859239, 8.324884
0.057572, 0.165749, 0.007095, 0.007095, 0.000000, 0.000000, 2.859239, 8.382070
0.393540, 0.188528, 0.008070, 0.008070, 0.000000, 0.000000, 2.859239, 8.439255
-0.034550, 0.166220, 0.007115, 0.007115, 0.000000, 0.000000, 2.859239, 8.496440
0.230565, 0.172655, 0.007390, 0.007390, 0.000000, 0.000000, 2.859239, 8.553625
0.149627, 0.170352, 0.007292, 0.007292, 0.000000, 0.000000, 2.859239, 8.610810
0.391641, 0.192481, 0.008239, 0.008239, 0.000000, 0.000000, 2.859239, 8.667995
0.470944, 0.220327, 0.009431, 0.009431, 0.000000, 0.000000, 2.859239, 8.725181
0.228724, 0.221167, 0.009467, 0.009467, 0.000000, 0.000000, 2.859239, 8.782366
0.344597, 0.233510, 0.009995, 0.009995, 0.000000, 0.000000, 2.859239, 8.839551
-0.184008, 0.191758, 0.008208, 0.008208, 0.000000, 0.000000, 2.859239, 8.896736
0.057665, 0.178349, 0.007634, 0.007634, 0.000000, 0.000000, 2.859239, 8.953921
0.207425, 0.181256, 0.007759, 0.007759, 0.000000, 0.000000, 2.859239, 9.011106
0.242142, 0.187345, 0.008019, 0.008019, 0.000000, 0.000000, 2.859239, 9.068292
0.287916, 0.197402, 0.008450, 0.008450, 0.000000, 0.000000, 2.859239, 9.125477
0.034592, 0.181121, 0.007753, 0.007753, 0.000000, 0.000000, 2.859239, 9.182662
0.218685, 0.184877, 0.007914, 0.007914, 0.000000, 0.000000, 2.859239, 9.239847
0.069142, 0.173304, 0.007418, 0.007418, 0.000000, 0.000000, 2.859239, 9.297032
0.562492, 0.212223, 0.009084, 0.009084, 0.000000, 0.000000, 2.859239, 9.354218
0.184527, 0.209453, 0.008965, 0.008965, 0.000000, 0.000000, 2.859239, 9.411403
-0.034634, 0.185044, 0.007921, 0.007921, 0.000000, 0.000000, 2.859239, 9.468588
0.287165, 0.195257, 0.008358, 0.008358, 0.000000, 0.000000, 2.859239, 9.525773
-0.127375, 0.162993, 0.006977, 0.006977, 0.000000, 0.000000, 2.859239, 9.582958
-0.023112, 0.144383, 0.006180, 0.006180, 0.000000, 0.000000, 2.859239, 9.640143
0.195902, 0.149535, 0.006401, 0.006401, 0.000000, 0.000000, 2.859239, 9.697329
0.126177, 0.147199, 0.006301, 0.006301, 0.000000, 0.000000, 2.859239, 9.754514
0.161136, 0.148593, 0.006360, 0.006360, 0.000000, 0.000000, 2.859239, 9.811699
0.011563, 0.134890, 0.005774, 0.005774, 0.000000, 0.000000, 2.859239, 9.868884
0.274908, 0.148891, 0.006373, 0.006373, 0.000000, 0.000000, 2.859239, 9.926069
0.655897, 0.199592, 0.008543, 0.008543, 0.000000, 0.000000, 2.859239, 9.983254
0.357373, 0.215370, 0.009219, 0.009219, 0.000000, 0.000000, 2.859239, 10.040440
0.138367, 0.207670, 0.008889, 0.008889, 0.000000, 0.000000, 2.859239, 10.097625
0.230102, 0.209913, 0.008985, 0.008985, 0.000000, 0.000000, 2.859239, 10.154810
-0.057296, 0.183192, 0.007841, 0.007841, 0.000000, 0.000000, 2.859239, 10.211995
0.230937, 0.187967, 0.008046, 0.008046, 0.000000, 0.000000, 2.859239, 10.269180
0.508870, 0.220057, 0.009419, 0.009419, 0.000000, 0.000000, 2.859239, 10.326365
0.287281, 0.226779, 0.009707, 0.009707, 0.000000, 0.000000, 2.859239, 10.383551
0.139519, 0.218053, 0.009334, 0.009334, 0.000000, 0.000000, 2.859239, 10.440736
0.344528, 0.230701, 0.009875, 0.009875, 0.000000, 0.000000, 2.859239, 10.497921
0.092004, 0.216831, 0.009281, 0.009281, 0.000000, 0.000000, 2.859239, 10.555106
0.218597, 0.217008, 0.009289, 0.009289, 0.000000, 0.000000, 2.859239, 10.612291
0.427055, 0.238012, 0.010188, 0.010188, 0.000000, 0.000000, 2.859239, 10.669477
0.138062, 0.228017, 0.009760, 0.009760, 0.000000, 0.000000, 2.859239, 10.726662
0.126582, 0.217874, 0.009326, 0.009326, 0.000000, 0.000000, 2.859239, 10.783847
0.023094, 0.198396, 0.008492, 0.008492, 0.000000, 0.000000, 2.859239, 10.841032
-0.057665, 0.172790, 0.007396, 0.007396, 0.000000, 0.000000, 2.859239, 10.898217
-0.022996, 0.153211, 0.006558, 0.006558, 0.000000, 0.000000, 2.859239, 10.955402
0.172959, 0.155186, 0.006643, 0.006643, 0.000000, 0.000000, 2.859239, 11.012588
0.091967, 0.148864, 0.006372, 0.006372, 0.000000, 0.000000, 2.859239, 11.069773
0.046403, 0.138618, 0.005933, 0.005933, 0.000000, 0.000000, 2.859239, 11.126958
0.369421, 0.161698, 0.006921, 0.006921, 0.000000, 0.000000, 2.859239, 11.184143
0.057746, 0.151303, 0.006476, 0.006476, 0.000000, 0.000000, 2.859239, 11.241328
0.011491, 0.137322, 0.005878, 0.005878, 0.000000, 0.000000, 2.859239, 11.298513
0.000000, 0.123590, 0.005290, 0.005290, 0.000000, 0.000000, 2.859239, 11.355699
0.299854, 0.141216, 0.006045, 0.006045, 0.000000, 0.000000, 2.859239, 11.412884
0.160943, 0.143189, 0.006129, 0.006129, 0.000000, 0.000000, 2.859239, 11.470069
0.301676, 0.159037, 0.006807, 0.006807, 0.000000, 0.000000, 2.859239, 11.527254
