0.147698, 0.014770, 0.000632, 0.000632, 0.000000, 0.000000, 0.000000, 0.000000
0.113682, 0.024661, 0.001056, 0.001056, 0.000000, 0.000000, 0.000000, 0.000000
0.011524, 0.023347, 0.000999, 0.000999, 0.000000, 0.000000, 0.000000, 0.000000
0.564642, 0.077477, 0.003316, 0.003316, 0.000000, 0.000000, 0.000000, 0.000000
0.641686, 0.133898, 0.005731, 0.005731, 0.000000, 0.000000, 0.000000, 0.000000
0.161950, 0.136703, 0.005851, 0.005851, 0.000000, 0.000000, 0.000000, 0.000000
0.448422, 0.167875, 0.007186, 0.007186, 0.000000, 0.000000, 0.000000, 0.000000
0.241413, 0.175229, 0.007501, 0.007501, 0.000000, 0.000000, 0.000000, 0.000000
0.264936, 0.184199, 0.007884, 0.007884, 0.000000, 0.000000, 0.000000, 0.000000
0.471796, 0.212959, 0.009116, 0.009116, 0.000000, 0.000000, 0.000000, 0.000000
0.160781, 0.207741, 0.008892, 0.008892, 0.000000, 0.000000, 0.000000, 0.000000
0.162146, 0.203182, 0.008697, 0.008697, 0.000000, 0.000000, 0.000000, 0.000000
-0.103256, 0.172538, 0.007385, 0.007385, 0.000000, 0.000000, 0.000000, 0.000000
0.391484, 0.194433, 0.008323, 0.008323, 0.000000, 0.000000, 0.000000, 0.000000
0.357589, 0.210748, 0.009021, 0.009021, 0.000000, 0.000000, 0.000000, 0.000000
0.301676, 0.219841, 0.009410, 0.009410, 0.000000, 0.000000, 0.000000, 0.000000
0.102906, 0.208148, 0.008910, 0.008910, 0.000000, 0.000000, 0.000000, 0.000000
0.115306, 0.198863, 0.008512, 0.008512, 0.000000, 0.000000, 0.000000, 0.000000
0.172059, 0.196183, 0.008397, 0.008397, 0.000000, 0.000000, 0.000000, 0.000000
0.069240, 0.183489, 0.007854, 0.007854, 0.000000, 0.000000, 0.000000, 0.000000
0.276677, 0.192807, 0.008253, 0.008253, 0.000000, 0.000000, 0.000000, 0.000000
0.115422, 0.185069, 0.007922, 0.007922, 0.000000, 0.000000, 0.000000, 0.000000
0.160975, 0.182660, 0.007819, 0.007819, 0.000000, 0.000000, 0.000000, 0.000000
-0.034405, 0.160953, 0.006889, 0.006889, 0.000000, 0.000000, 0.000000, 0.000000
0.196812, 0.164539, 0.007043, 0.007043, 0.000000, 0.000000, 0.000000, 0.000000
0.276845, 0.175770, 0.007524, 0.007524, 0.000000, 0.000000, 0.000000, 0.000000
0.391091, 0.197302, 0.008445, 0.008445, 0.000000, 0.000000, 0.000000, 0.000000
0.289897, 0.206561, 0.008842, 0.008842, 0.000000, 0.000000, 0.000000, 0.000000
0.116384, 0.197543, 0.008456, 0.008456, 0.000000, 0.000000, 0.000000, 0.000000
0.127298, 0.190519, 0.008155, 0.008155, 0.000000, 0.000000, 0.000000, 0.000000
0.393620, 0.210829, 0.009024, 0.009024, 0.000000, 0.000000, 0.000000, 0.000000
0.275569, 0.217303, 0.009301, 0.009301, 0.000000, 0.000000, 0.000000, 0.000000
0.196336, 0.215206, 0.009212, 0.009212, 0.000000, 0.000000, 0.000000, 0.000000
0.333579, 0.227044, 0.009718, 0.009718, 0.000000, 0.000000, 0.000000, 0.000000
0.312582, 0.235597, 0.010085, 0.010085, 0.000000, 0.000000, 0.000000, 0.000000
0.239539, 0.235992, 0.010101, 0.010101, 0.000000, 0.000000, 0.000000, 0.000000
0.159980, 0.228390, 0.009776, 0.009776, 0.000000, 0.000000, 0.000000, 0.000000
0.022987, 0.207850, 0.008897, 0.008897, 0.000000, 0.000000, 0.000000, 0.000000
0.069295, 0.193995, 0.008304, 0.008304, 0.000000, 0.000000, 0.000000, 0.000000
0.161234, 0.190718, 0.008164, 0.008164, 0.000000, 0.000000, 0.000000, 0.000000
0.161234, 0.187770, 0.008037, 0.008037, 0.000000, 0.000000, 0.000000, 0.000000
0.278301, 0.196823, 0.008425, 0.008425, 0.000000, 0.000000, 0.000000, 0.000000
0.114913, 0.188632, 0.008074, 0.008074, 0.000000, 0.000000, 0.000000, 0.000000
-0.034439, 0.166325, 0.007119, 0.007119, 0.000000, 0.000000, 0.000000, 0.000000
0.161591, 0.165852, 0.007099, 0.007099, 0.000000, 0.000000, 0.000000, 0.000000
0.172439, 0.166510, 0.007127, 0.007127, 0.000000, 0.000000, 0.000000, 0.000000
0.011491, 0.151008, 0.006464, 0.006464, 0.000000, 0.000000, 0.000000, 0.000000
0.370392, 0.172947, 0.007403, 0.007403, 0.000000, 0.000000, 0.000000, 0.000000
0.184675, 0.174120, 0.007453, 0.007453, 0.000000, 0.000000, 0.000000, 0.000000
0.057723, 0.162480, 0.006955, 0.006955, 0.000000, 0.000000, 0.000000, 0.000000
0.195744, 0.165806, 0.007097, 0.007097, 0.000000, 0.000000, 0.000000, 0.000000
0.114982, 0.160724, 0.006880, 0.006880, 0.000000, 0.000000, 0.000000, 0.000000
0.138507, 0.158502, 0.006785, 0.006785, 0.000000, 0.000000, 0.000000, 0.000000
0.241947, 0.166847, 0.007142, 0.007142, 0.000000, 0.000000, 0.000000, 0.000000
0.382817, 0.188444, 0.008066, 0.008066, 0.000000, 0.000000, 0.000000, 0.000000
-0.149747, 0.154625, 0.006619, 0.006619, 0.000000, 0.000000, 0.000000, 0.000000
-2.371422, -0.097980, -0.004194, -0.004194, 0.000000, 0.000000, 0.000000, 0.000000
0.727853, -0.015397, -0.000659, -0.000659, 0.000000, 0.000000, 0.000000, 0.000000
0.522016, 0.038344, 0.001641, 0.001641, 0.000000, 0.000000, 0.000000, 0.000000
-0.161591, 0.018351, 0.000785, 0.000785, 0.000000, 0.000000, 0.000000, 0.000000
0.896790, 0.106195, 0.004546, 0.004546, 0.000000, 0.000000, 0.000000, 0.000000
0.298592, 0.125435, 0.005369, 0.005369, 0.000000, 0.000000, 0.000000, 0.000000
0.304698, 0.143361, 0.006136, 0.006136, 0.000000, 0.000000, 0.000000, 0.000000
0.184749, 0.147500, 0.006314, 0.006314, 0.000000, 0.000000, 0.000000, 0.000000
-0.023006, 0.130449, 0.005584, 0.005584, 0.000000, 0.000000, 0.000000, 0.000000
-0.580981, 0.059306, 0.002539, 0.002539, 0.000000, 0.000000, 0.000000, 0.000000
-1.630196, -0.109644, -0.004693, -0.004693, 0.000000, 0.000000, 0.000000, 0.000000
-4.442807, -0.542960, -0.023241, -0.023241, 0.000000, 0.000000, 0.000000, 0.000000
-2.067775, -0.695442, -0.029767, -0.029767, 0.000000, 0.000000, 0.000000, 0.000000
3.351529, -0.290745, -0.012445, -0.012445, 0.000000, 0.000000, 0.000000, 0.000000
3.484145, 0.086744, 0.003713, 0.003713, 0.000000, 0.000000, 0.000000, 0.000000
2.219732, 0.300043, 0.012843, 0.012843, 0.000000, 0.000000, 0.000000, 0.000000
3.736404, 0.643679, 0.027552, 0.027552, 0.000000, 0.000000, 0.000000, 0.000000
5.907602, 1.170071, 0.050080, 0.050080, 0.000000, 0.000000, 0.000000, 0.000000
7.666952, 1.819759, 0.077880, 0.077880, 0.000000, 0.000000, 0.000000, 0.000000
6.251411, 2.262925, 0.096837, 0.096837, 0.000000, 0.000000, 0.000000, 0.000000
7.624362, 2.799068, 0.119764, 0.119764, 0.000000, 0.000000, 0.000000, 0.000000
9.374309, 3.456593, 0.147867, 0.147867, 0.000000, 0.000000, 0.000000, 0.000000
10.854705, 4.196404, 0.179463, 0.179463, 0.000000, 0.000000, 0.000000, 0.000000
11.951301, 4.971894, 0.212551, 0.212551, 0.000000, 0.000000, 0.000000, 0.000000
13.994203, 5.874125, 0.250997, 0.250997, 0.000000, 0.000000, 0.000000, 0.000000
15.457630, 6.832475, 0.291766, 0.291766, 0.000000, 0.000000, 0.000000, 0.000000
17.419514, 7.891179, 0.336709, 0.336709, 0.000000, 0.000000, 0.000000, 0.000000
20.055914, 9.107653, 0.388206, 0.388206, 0.000000, 0.000000, 0.000000, 0.000000
22.045712, 10.401459, 0.442785, 0.442785, 0.000000, 0.000000, 0.000000, 0.000000
23.758871, 11.737200, 0.498895, 0.498895, 0.000000, 0.000000, 0.000000, 0.000000
26.086189, 13.172099, 0.558868, 0.558868, 0.000000, 0.000000, 0.000000, 0.000000
27.319847, 14.586874, 0.617656, 0.617656, 0.000000, 0.000000, 0.000000, 0.000000
27.913191, 15.919506, 0.672688, 0.672688, 0.000000, 0.000000, 0.000000, 0.000000
28.223362, 17.149891, 0.723175, 0.723175, 0.000000, 0.000000, 0.000000, 0.000000
29.072395, 18.342142, 0.771779, 0.771779, 0.000000, 0.000000, 0.000000, 0.000000
30.256433, 19.533571, 0.820016, 0.820016, 0.000000, 0.000000, 0.000000, 0.000000
31.321394, 20.712353, 0.867392, 0.867392, 0.000000, 0.000000, 0.000000, 0.000000
30.527822, 21.693899, 0.906561, 0.906561, 0.000000, 0.000000, 0.000000, 0.000000
30.900620, 22.614571, 0.943060, 0.943060, 0.000000, 0.000000, 0.000000, 0.000000
31.434088, 23.496523, 0.977796, 0.977796, 0.000000, 0.000000, 0.000000, 0.000000
31.716728, 24.318542, 1.009962, 0.625769, 0.384193, 1.536773, 0.030735, 0.000615
32.582771, 25.144966, 1.042092, 0.621625, 0.420466, 1.681866, 0.064373, 0.001902
33.393333, 25.969803, 1.073943, 0.617360, 0.456583, 1.826332, 0.100899, 0.003920
33.267902, 26.699614, 1.101940, 0.613480, 0.488460, 1.953839, 0.139976, 0.006720
33.827480, 27.412399, 1.129111, 0.609594, 0.519517, 2.078067, 0.181538, 0.010350
32.906395, 27.961800, 1.149935, 0.606535, 0.543400, 2.173600, 0.225010, 0.014851
33.597851, 28.525404, 1.171187, 0.603338, 0.567849, 2.271396, 0.270437, 0.020259
34.692871, 29.142151, 1.194314, 0.599774, 0.594540, 2.378160, 0.318001, 0.026619
35.546131, 29.782549, 1.218180, 0.595998, 0.622182, 2.488728, 0.367775, 0.033975
36.368275, 30.441122, 1.242566, 0.592039, 0.650527, 2.602108, 0.419817, 0.042371
36.576210, 31.054630, 1.265135, 0.588279, 0.676855, 2.707422, 0.473966, 0.051851
36.164516, 31.565619, 1.283822, 0.585097, 0.698725, 2.794900, 0.529864, 0.062448
36.260952, 32.035152, 1.300903, 0.582131, 0.718772, 2.875086, 0.587366, 0.074195
35.883167, 32.419952, 1.314836, 0.579672, 0.735164, 2.940658, 0.646179, 0.087119
37.000683, 32.878025, 1.331345, 0.576710, 0.754635, 3.018542, 0.706550, 0.101250
37.025749, 33.292797, 1.346221, 0.573996, 0.772224, 3.088898, 0.768328, 0.116616
36.860176, 33.649536, 1.358958, 0.571638, 0.787320, 3.149281, 0.831313, 0.133243
36.998814, 33.984463, 1.370869, 0.569404, 0.801465, 3.205860, 0.895430, 0.151151
36.543140, 34.240330, 1.379937, 0.567684, 0.812253, 3.249010, 0.960411, 0.170359
36.344910, 34.450787, 1.387375, 0.566261, 0.821113, 3.284454, 1.026100, 0.190881
37.306221, 34.736328, 1.397436, 0.564318, 0.833118, 3.332471, 1.092749, 0.212736
38.348560, 35.097549, 1.410115, 0.561840, 0.848274, 3.393097, 1.160611, 0.235949
38.435909, 35.431385, 1.421782, 0.559530, 0.862252, 3.449007, 1.229591, 0.260540
37.062393, 35.594486, 1.427465, 0.558395, 0.869070, 3.476280, 1.299117, 0.286523
36.288418, 35.663879, 1.429879, 0.557910, 0.871969, 3.487875, 1.368874, 0.313900
37.078133, 35.805305, 1.434793, 0.556920, 0.877873, 3.511490, 1.439104, 0.342682
38.004387, 36.025215, 1.442416, 0.555374, 0.887042, 3.548169, 1.510067, 0.372884
38.093948, 36.232090, 1.449569, 0.553912, 0.895656, 3.582625, 1.581720, 0.404518
37.223328, 36.331215, 1.452989, 0.553209, 0.899780, 3.599118, 1.653702, 0.437592
37.601475, 36.458241, 1.457366, 0.552306, 0.905060, 3.620238, 1.726107, 0.472114
37.827114, 36.595127, 1.462074, 0.551330, 0.910744, 3.642978, 1.798966, 0.508093
38.642651, 36.799881, 1.469101, 0.549863, 0.919238, 3.676953, 1.872505, 0.545544
38.652199, 36.985111, 1.475442, 0.548530, 0.926912, 3.707648, 1.946658, 0.584477
38.376556, 37.124256, 1.480196, 0.547525, 0.932670, 3.730680, 2.021272, 0.624902
38.786877, 37.290520, 1.485864, 0.546320, 0.939543, 3.758173, 2.096435, 0.666831
39.593353, 37.520802, 1.493694, 0.544644, 0.949050, 3.796199, 2.172359, 0.710278
38.766769, 37.645397, 1.497920, 0.543733, 0.954187, 3.816748, 2.248694, 0.755252
38.250767, 37.705933, 1.499971, 0.543290, 0.956681, 3.826725, 2.325229, 0.801757
38.479469, 37.783287, 1.502589, 0.542722, 0.959867, 3.839468, 2.402018, 0.849797
37.286991, 37.733658, 1.500910, 0.543086, 0.957823, 3.831293, 2.478644, 0.899370
39.392166, 37.899509, 1.506518, 0.541868, 0.964650, 3.858601, 2.555816, 0.950486
39.709358, 38.080494, 1.512623, 0.540532, 0.972091, 3.888363, 2.633583, 1.003158
39.855804, 38.258026, 1.518598, 0.539218, 0.979380, 3.917521, 2.711934, 1.057396
39.611938, 38.393417, 1.523144, 0.538211, 0.984933, 3.939731, 2.790728, 1.113211
39.350193, 38.489094, 1.526352, 0.537498, 0.988853, 3.955414, 2.869837, 1.170608
39.020477, 38.542233, 1.528131, 0.537102, 0.991030, 3.964119, 2.949119, 1.229590
38.324524, 38.520462, 1.527403, 0.537264, 0.990138, 3.960553, 3.028330, 1.290157
39.197548, 38.588169, 1.529669, 0.536759, 0.992910, 3.971642, 3.107763, 1.352312
38.761597, 38.605511, 1.530249, 0.536629, 0.993620, 3.974480, 3.187252, 1.416057
38.726086, 38.617569, 1.530652, 0.536539, 0.994114, 3.976455, 3.266781, 1.481393
39.021160, 38.657928, 1.532002, 0.536237, 0.995765, 3.983060, 3.346442, 1.548321
39.448166, 38.736954, 1.534642, 0.535645, 0.998997, 3.995989, 3.426362, 1.616849
39.691395, 38.832397, 1.537826, 0.534928, 1.002898, 4.011593, 3.506594, 1.686980
40.288937, 38.978050, 1.542678, 0.533832, 1.008846, 4.035385, 3.587302, 1.758726
41.437351, 39.223980, 1.550847, 0.531973, 1.018874, 4.075498, 3.668812, 1.832103
39.533165, 39.254898, 1.551872, 0.531738, 1.020134, 4.080535, 3.750422, 1.907111
41.601532, 39.489563, 1.559637, 0.529954, 1.029683, 4.118731, 3.832797, 1.983767
39.011852, 39.441792, 1.558059, 0.530318, 1.027740, 4.110962, 3.915016, 2.062067
37.777435, 39.275356, 1.552550, 0.531583, 1.020967, 4.083869, 3.996694, 2.142001
38.589729, 39.206795, 1.550277, 0.532103, 1.018174, 4.072697, 4.078147, 2.223564
39.832062, 39.269321, 1.552350, 0.531629, 1.020721, 4.082885, 4.159805, 2.306760
39.611603, 39.303551, 1.553484, 0.531369, 1.022115, 4.088460, 4.241574, 2.391592
38.769737, 39.250168, 1.551715, 0.531774, 1.019941, 4.079765, 4.323170, 2.478055
38.988266, 39.223976, 1.550847, 0.531973, 1.018874, 4.075498, 4.404680, 2.566149
40.138203, 39.315399, 1.553877, 0.531279, 1.022598, 4.090390, 4.486487, 2.655879
40.068836, 39.390743, 1.556370, 0.530707, 1.025664, 4.102655, 4.568541, 2.747249
39.751259, 39.426796, 1.557563, 0.530432, 1.027130, 4.108522, 4.650711, 2.840264
39.639362, 39.448051, 1.558265, 0.530270, 1.027995, 4.111980, 4.732951, 2.934923
40.434376, 39.546684, 1.561523, 0.529519, 1.032005, 4.128018, 4.815511, 3.031233
40.254372, 39.617455, 1.563858, 0.528978, 1.034880, 4.139520, 4.898302, 3.129199
39.916351, 39.647343, 1.564843, 0.528750, 1.036094, 4.144374, 4.981189, 3.228822
39.884674, 39.671078, 1.565625, 0.528568, 1.037057, 4.148229, 5.064154, 3.330106
39.496643, 39.653633, 1.565050, 0.528701, 1.036349, 4.145396, 5.147062, 3.433047
39.687191, 39.656990, 1.565161, 0.528676, 1.036485, 4.145941, 5.229980, 3.537647
39.611607, 39.652451, 1.565012, 0.528711, 1.036301, 4.145205, 5.312884, 3.643904
39.631905, 39.650394, 1.564944, 0.528726, 1.036217, 4.144870, 5.395782, 3.751820
39.410583, 39.626415, 1.564153, 0.528910, 1.035244, 4.140975, 5.478601, 3.861392
39.882774, 39.652050, 1.564998, 0.528714, 1.036285, 4.145139, 5.561504, 3.972622
40.062019, 39.693047, 1.566349, 0.528400, 1.037949, 4.151796, 5.644540, 4.085513
39.938961, 39.717636, 1.567159, 0.528212, 1.038947, 4.155788, 5.727655, 4.200066
40.103333, 39.756207, 1.568428, 0.527916, 1.040512, 4.162049, 5.810896, 4.316284
40.581329, 39.838718, 1.571142, 0.527283, 1.043859, 4.175435, 5.894405, 4.434172
40.585449, 39.913391, 1.573595, 0.526709, 1.046885, 4.187542, 5.978156, 4.553735
40.681137, 39.990166, 1.576114, 0.526118, 1.049996, 4.199983, 6.062155, 4.674978
40.703285, 40.061478, 1.578452, 0.525569, 1.052883, 4.211531, 6.146386, 4.797905
39.976089, 40.052940, 1.578172, 0.525635, 1.052537, 4.210149, 6.230588, 4.922517
39.942352, 40.041882, 1.577809, 0.525720, 1.052089, 4.208358, 6.314755, 5.048812
40.085232, 40.046215, 1.577951, 0.525687, 1.052265, 4.209060, 6.398937, 5.176791
40.101341, 40.051727, 1.578132, 0.525644, 1.052488, 4.209952, 6.483136, 5.306454
40.340248, 40.080578, 1.579077, 0.525421, 1.053656, 4.214623, 6.567428, 5.437802
39.819443, 40.054466, 1.578222, 0.525623, 1.052599, 4.210396, 6.651636, 5.570835
39.824043, 40.031425, 1.577467, 0.525801, 1.051666, 4.206665, 6.735769, 5.705551
39.899017, 40.018185, 1.577033, 0.525903, 1.051130, 4.204521, 6.819860, 5.841948
40.070171, 40.023384, 1.577203, 0.525863, 1.051341, 4.205363, 6.903967, 5.980027
39.510201, 39.972065, 1.575520, 0.526258, 1.049263, 4.197050, 6.987908, 6.119785
39.343700, 39.909229, 1.573458, 0.526741, 1.046717, 4.186868, 7.071645, 6.261218
40.718296, 39.990135, 1.576113, 0.526119, 1.049994, 4.199977, 7.155645, 6.404331
41.495728, 40.140694, 1.581045, 0.524957, 1.056088, 4.224352, 7.240132, 6.549134
42.093857, 40.336010, 1.587427, 0.523445, 1.063982, 4.255928, 7.325251, 6.695639
42.283573, 40.530766, 1.593773, 0.521931, 1.071841, 4.287365, 7.410998, 6.843859
42.256241, 40.703312, 1.599379, 0.520585, 1.078794, 4.315176, 7.497302, 6.993805
42.104733, 40.843452, 1.603922, 0.519488, 1.084433, 4.337734, 7.584056, 7.145486
41.895546, 40.948662, 1.607326, 0.518663, 1.088663, 4.354652, 7.671149, 7.298909
41.746128, 41.028408, 1.609902, 0.518036, 1.091867, 4.367466, 7.758499, 7.454079
41.358444, 41.061413, 1.610968, 0.517776, 1.093192, 4.372767, 7.845954, 7.610998
41.291695, 41.084442, 1.611711, 0.517595, 1.094116, 4.376466, 7.933483, 7.769667
41.509262, 41.126923, 1.613081, 0.517260, 1.095821, 4.383285, 8.021149, 7.930090
40.459423, 41.060173, 1.610928, 0.517786, 1.093142, 4.372568, 8.108600, 8.092262
39.127670, 40.866924, 1.604681, 0.519304, 1.085377, 4.341510, 8.195430, 8.256171
39.071556, 40.687386, 1.598862, 0.520709, 1.078152, 4.312610, 8.281682, 8.421804
39.676357, 40.586281, 1.595578, 0.521499, 1.074079, 4.296317, 8.367608, 8.589156
40.562946, 40.583946, 1.595502, 0.521517, 1.073985, 4.295940, 8.453526, 8.758226
40.237797, 40.549332, 1.594376, 0.521787, 1.072590, 4.290359, 8.539333, 8.929013
39.440319, 40.438431, 1.590766, 0.522650, 1.068117, 4.272467, 8.624783, 9.101509
38.335403, 40.228127, 1.583904, 0.524281, 1.059623, 4.238493, 8.709553, 9.275701
39.424187, 40.147732, 1.581275, 0.524903, 1.056373, 4.225491, 8.794063, 9.451582
39.668835, 40.099842, 1.579708, 0.525273, 1.054435, 4.217741, 8.878417, 9.629150
37.840900, 39.873947, 1.572299, 0.527013, 1.045287, 4.181148, 8.962040, 9.808392
31.337019, 39.020256, 1.544082, 0.533513, 1.010569, 4.042274, 9.042886, 9.989249
26.920694, 37.810299, 1.503503, 0.542524, 0.960979, 3.843916, 9.119764, 10.171644
23.718088, 36.401077, 1.455397, 0.552713, 0.902684, 3.610736, 9.191979, 10.355484
18.896070, 34.650578, 1.394418, 0.564903, 0.829515, 3.318060, 9.258341, 10.540650
15.545535, 32.740074, 1.326383, 0.577606, 0.748777, 2.995107, 9.318243, 10.727015
12.199264, 30.685993, 1.251591, 0.590546, 0.661045, 2.644179, 9.371126, 10.914438
9.227872, 28.540180, 1.171743, 0.603254, 0.568489, 2.273957, 9.416605, 11.102771
6.908378, 26.377001, 1.089586, 0.615208, 0.474378, 1.897512, 9.454556, 11.291862
5.953516, 24.334652, 1.010591, 0.625690, 0.384901, 1.539604, 9.485348, 11.481568
5.138239, 22.415010, 0.935169, 0.634817, 0.300352, 1.201408, 9.509376, 11.671756
4.642653, 20.637775, 0.864405, 0.642633, 0.221772, 0.887089, 9.527118, 11.862298
2.619466, 18.835945, 0.791813, 0.649925, 0.141888, 0.567551, 9.538468, 12.053067
0.545969, 17.006948, 0.717326, 0.656670, 0.060656, 0.242624, 9.543321, 12.243934
-5.865074, 14.719747, 0.623159, 0.664163, -0.041004, -0.164015, 9.540040, 12.434734
0.900581, 13.337830, 0.565773, 0.668177, -0.102405, -0.409619, 9.531848, 12.625371
0.457623, 12.049809, 0.511989, 0.671570, -0.159581, -0.638324, 9.519081, 12.815753
0.333780, 10.878205, 0.462840, 0.674360, -0.211520, -0.846080, 9.502159, 13.005796
0.406758, 9.831060, 0.418749, 0.676616, -0.257867, -1.031469, 9.481530, 13.195427
-3.857802, 8.462174, 0.360901, 0.679224, -0.318323, -1.273291, 9.456064, 13.384548
-1.001408, 7.515816, 0.320787, 0.680800, -0.360014, -1.440055, 9.427263, 13.573093
-0.473221, 6.716913, 0.286854, 0.681987, -0.395133, -1.580531, 9.395653, 13.761006
5.408517, 6.586073, 0.281291, 0.682168, -0.400877, -1.603508, 9.363583, 13.948278
4.069506, 6.334416, 0.270588, 0.682508, -0.411920, -1.647680, 9.330629, 14.134891
0.228999, 5.723875, 0.244599, 0.683276, -0.438678, -1.754711, 9.295535, 14.320801
0.358672, 5.187355, 0.221737, 0.683888, -0.462150, -1.848601, 9.258563, 14.505972
0.265952, 4.695214, 0.200750, 0.684396, -0.483646, -1.934582, 9.219872, 14.690370
0.079990, 4.233692, 0.181055, 0.684826, -0.503771, -2.015085, 9.179570, 14.873961
0.115492, 3.821872, 0.163471, 0.685173, -0.521702, -2.086808, 9.137834, 15.056718
0.126837, 3.452368, 0.147686, 0.685454, -0.537767, -2.151069, 9.094812, 15.238614
-0.115679, 3.095564, 0.132439, 0.685698, -0.553259, -2.213037, 9.050551, 15.419625
0.195430, 2.805550, 0.120041, 0.685877, -0.565836, -2.263342, 9.005284, 15.599731
0.242435, 2.549239, 0.109082, 0.686020, -0.576938, -2.307753, 8.959129, 15.778914
0.092450, 2.303560, 0.098575, 0.686145, -0.587570, -2.350278, 8.912124, 15.957157
0.416521, 2.114856, 0.090504, 0.686232, -0.595728, -2.382912, 8.864466, 16.134447
0.218905, 1.925261, 0.082394, 0.686312, -0.603919, -2.415675, 8.816153, 16.310770
0.011545, 1.733889, 0.074206, 0.686386, -0.612179, -2.448717, 8.767179, 16.486115
0.392036, 1.599704, 0.068465, 0.686432, -0.617967, -2.471869, 8.717741, 16.660469
0.184936, 1.458227, 0.062412, 0.686478, -0.624066, -2.496264, 8.667816, 16.833826
0.171852, 1.329590, 0.056907, 0.686515, -0.629608, -2.518433, 8.617448, 17.006174
-0.034578, 1.193173, 0.051069, 0.686551, -0.635482, -2.541928, 8.566609, 17.177505
0.299192, 1.103775, 0.047243, 0.686573, -0.639329, -2.557317, 8.515463, 17.347815
0.302165, 1.023614, 0.043813, 0.686590, -0.642778, -2.571111, 8.464041, 17.517096
0.311136, 0.952366, 0.040763, 0.686605, -0.645842, -2.583367, 8.412374, 17.685343
0.045938, 0.861723, 0.036884, 0.686622, -0.649738, -2.598953, 8.360394, 17.852551
0.289370, 0.804488, 0.034434, 0.686632, -0.652198, -2.608792, 8.308219, 18.018715
0.450229, 0.769062, 0.032918, 0.686638, -0.653720, -2.614880, 8.255921, 18.183834
0.264511, 0.718607, 0.030759, 0.686646, -0.655887, -2.623550, 8.203450, 18.347902
0.206760, 0.667422, 0.028568, 0.686653, -0.658086, -2.632342, 8.150804, 18.510918
0.415096, 0.642190, 0.027488, 0.686657, -0.659169, -2.636676, 8.098070, 18.672878
0.149447, 0.592915, 0.025379, 0.686663, -0.661284, -2.645138, 8.045167, 18.833782
0.241220, 0.557746, 0.023873, 0.686667, -0.662794, -2.651176, 7.992144, 18.993626
0.495506, 0.551522, 0.023607, 0.686668, -0.663061, -2.652244, 7.939099, 19.152407
0.254440, 0.521814, 0.022336, 0.686671, -0.664336, -2.657344, 7.885952, 19.310125
0.265043, 0.496136, 0.021236, 0.686674, -0.665438, -2.661751, 7.832717, 19.466780
0.264776, 0.473000, 0.020246, 0.686677, -0.666430, -2.665722, 7.779403, 19.622368
-0.137647, 0.411936, 0.017632, 0.686682, -0.669050, -2.676199, 7.725879, 19.776886
0.425769, 0.413319, 0.017692, 0.686682, -0.668991, -2.675962, 7.672359, 19.930334
0.138312, 0.385818, 0.016515, 0.686684, -0.670170, -2.680680, 7.618746, 20.082708
0.068989, 0.354135, 0.015158, 0.686687, -0.671528, -2.686114, 7.565023, 20.234009
-0.046169, 0.314105, 0.013445, 0.686690, -0.673245, -2.692979, 7.511164, 20.384232
0.023071, 0.285002, 0.012199, 0.686692, -0.674492, -2.697969, 7.457204, 20.533375
0.311952, 0.287697, 0.012315, 0.686691, -0.674377, -2.697507, 7.403254, 20.681440
0.266060, 0.285533, 0.012222, 0.686692, -0.674470, -2.697878, 7.349297, 20.828426
0.046030, 0.261583, 0.011197, 0.686693, -0.675496, -2.701984, 7.295257, 20.974331
0.241026, 0.259527, 0.011109, 0.686693, -0.675584, -2.702337, 7.241210, 21.119156
-0.150382, 0.218536, 0.009354, 0.686695, -0.677341, -2.709363, 7.187023, 21.262896
0.369050, 0.233587, 0.009998, 0.686694, -0.676696, -2.706783, 7.132887, 21.405554
0.334856, 0.243714, 0.010432, 0.686694, -0.676262, -2.705047, 7.078786, 21.547129
0.417532, 0.261096, 0.011176, 0.686693, -0.675517, -2.702068, 7.024745, 21.687624
0.241801, 0.259167, 0.011093, 0.686693, -0.675600, -2.702399, 6.970697, 21.827038
0.080893, 0.241339, 0.010330, 0.686694, -0.676364, -2.705454, 6.916588, 21.965370
0.218597, 0.239065, 0.010233, 0.686694, -0.676461, -2.705844, 6.862471, 22.102619
0.172855, 0.232444, 0.009950, 0.686694, -0.676745, -2.706979, 6.808331, 22.238787
0.503887, 0.259588, 0.011111, 0.686693, -0.675582, -2.702326, 6.754285, 22.373873
0.379208, 0.271550, 0.011623, 0.686692, -0.675069, -2.700275, 6.700279, 22.507879
0.206884, 0.265084, 0.011347, 0.686693, -0.675346, -2.701384, 6.646252, 22.640804
0.220233, 0.260599, 0.011155, 0.686693, -0.675538, -2.702153, 6.592208, 22.772648
0.309704, 0.265509, 0.011365, 0.686693, -0.675328, -2.701311, 6.538182, 22.903412
0.080649, 0.247023, 0.010574, 0.686694, -0.676120, -2.704480, 6.484093, 23.033094
-0.115306, 0.210790, 0.009023, 0.686695, -0.677673, -2.710691, 6.429879, 23.161692
0.426797, 0.232391, 0.009947, 0.686694, -0.676747, -2.706988, 6.375739, 23.289206
0.274688, 0.236621, 0.010128, 0.686694, -0.676566, -2.706263, 6.321614, 23.415638
0.219789, 0.234937, 0.010056, 0.686694, -0.676638, -2.706552, 6.267483, 23.540987
0.298891, 0.241333, 0.010330, 0.686694, -0.676364, -2.705456, 6.213374, 23.665255
0.206512, 0.237851, 0.010181, 0.686694, -0.676513, -2.706052, 6.159253, 23.788439
0.208137, 0.234879, 0.010054, 0.686694, -0.676640, -2.706562, 6.105122, 23.910542
0.046440, 0.216035, 0.009247, 0.686695, -0.677448, -2.709792, 6.050926, 24.031561
0.241704, 0.218602, 0.009357, 0.686695, -0.677338, -2.709352, 5.996739, 24.151495
0.242288, 0.220971, 0.009458, 0.686695, -0.677236, -2.708946, 5.942560, 24.270346
0.368753, 0.235749, 0.010091, 0.686694, -0.676603, -2.706413, 5.888432, 24.388115
0.138535, 0.226028, 0.009675, 0.686695, -0.677020, -2.708079, 5.834270, 24.504801
0.230611, 0.226486, 0.009695, 0.686695, -0.677000, -2.708000, 5.780110, 24.620403
-0.150686, 0.188769, 0.008080, 0.686696, -0.678616, -2.714465, 5.725821, 24.734921
0.057584, 0.175650, 0.007519, 0.686697, -0.679178, -2.716713, 5.671487, 24.848351
0.298054, 0.187891, 0.008042, 0.686696, -0.678654, -2.714615, 5.617195, 24.960695
0.426026, 0.211704, 0.009062, 0.686695, -0.677634, -2.710534, 5.562984, 25.071955
0.069323, 0.197466, 0.008452, 0.686696, -0.678244, -2.712974, 5.508725, 25.182129
0.057653, 0.183485, 0.007854, 0.686697, -0.678843, -2.715370, 5.454417, 25.291218
0.034662, 0.168602, 0.007217, 0.686697, -0.679480, -2.717921, 5.400059, 25.399220
0.321174, 0.183860, 0.007870, 0.686696, -0.678827, -2.715306, 5.345753, 25.506134
0.253112, 0.190785, 0.008166, 0.686696, -0.678530, -2.714119, 5.291471, 25.611963
0.080910, 0.179797, 0.007696, 0.686697, -0.679001, -2.716002, 5.237151, 25.716707
0.045818, 0.166399, 0.007123, 0.686697, -0.679574, -2.718298, 5.182785, 25.820362
0.034433, 0.153203, 0.006558, 0.686698, -0.680140, -2.720559, 5.128373, 25.922930
0.171955, 0.155078, 0.006638, 0.686697, -0.680059, -2.720238, 5.073968, 26.024408
0.241123, 0.163682, 0.007006, 0.686697, -0.679691, -2.718764, 5.019593, 26.124800
0.138117, 0.161126, 0.006897, 0.686697, -0.679800, -2.719202, 4.965209, 26.224104
0.392351, 0.184248, 0.007887, 0.686696, -0.678810, -2.715240, 4.910904, 26.322323
0.298174, 0.195641, 0.008374, 0.686696, -0.678322, -2.713287, 4.856638, 26.419456
0.288380, 0.204915, 0.008771, 0.686696, -0.677924, -2.711698, 4.802404, 26.515505
0.450411, 0.229464, 0.009822, 0.686695, -0.676872, -2.707490, 4.748255, 26.610470
0.184008, 0.224919, 0.009627, 0.686695, -0.677067, -2.708269, 4.694089, 26.704351
0.345498, 0.236977, 0.010144, 0.686694, -0.676551, -2.706202, 4.639966, 26.797152
-0.080504, 0.205229, 0.008785, 0.686696, -0.677911, -2.711644, 4.585732, 26.888866
0.046234, 0.189329, 0.008104, 0.686696, -0.678592, -2.714369, 4.531445, 26.979496
0.197051, 0.190101, 0.008137, 0.686696, -0.678559, -2.714236, 4.477160, 27.069038
0.068755, 0.177967, 0.007618, 0.686697, -0.679079, -2.716316, 4.422834, 27.157495
0.184415, 0.178612, 0.007645, 0.686697, -0.679051, -2.716205, 4.368510, 27.244865
0.080568, 0.168807, 0.007226, 0.686697, -0.679471, -2.717885, 4.314152, 27.331148
0.287742, 0.180701, 0.007735, 0.686697, -0.678962, -2.715847, 4.259835, 27.416346
0.265470, 0.189178, 0.008098, 0.686696, -0.678599, -2.714395, 4.205547, 27.500456
-0.092468, 0.161013, 0.006892, 0.686697, -0.679805, -2.719221, 4.151163, 27.583479
0.356441, 0.180556, 0.007729, 0.686697, -0.678968, -2.715872, 4.096846, 27.665417
0.023215, 0.164822, 0.007055, 0.686697, -0.679642, -2.718569, 4.042474, 27.746265
0.427658, 0.191105, 0.008180, 0.686696, -0.678516, -2.714064, 3.988193, 27.826029
0.115213, 0.183516, 0.007855, 0.686696, -0.678841, -2.715365, 3.933886, 27.904707
-0.149507, 0.150214, 0.006430, 0.686698, -0.680268, -2.721071, 3.879464, 27.982296
0.172716, 0.152464, 0.006526, 0.686698, -0.680171, -2.720686, 3.825051, 28.058798
0.310636, 0.168281, 0.007203, 0.686697, -0.679494, -2.717976, 3.770691, 28.134212
0.253366, 0.176790, 0.007567, 0.686697, -0.679129, -2.716518, 3.716361, 28.208540
0.333713, 0.192482, 0.008239, 0.686696, -0.678457, -2.713828, 3.662084, 28.281782
0.092431, 0.182477, 0.007811, 0.686697, -0.678886, -2.715543, 3.607774, 28.353937
0.424150, 0.206644, 0.008845, 0.686696, -0.677850, -2.711401, 3.553545, 28.425009
0.494412, 0.235421, 0.010077, 0.686694, -0.676617, -2.706469, 3.499416, 28.494997
0.046440, 0.216523, 0.009268, 0.686695, -0.677427, -2.709708, 3.445222, 28.563902
0.392509, 0.234122, 0.010021, 0.686694, -0.676673, -2.706692, 3.391088, 28.631723
0.276733, 0.238383, 0.010204, 0.686694, -0.676490, -2.705961, 3.336969, 28.698463
0.173168, 0.231861, 0.009925, 0.686694, -0.676770, -2.707079, 3.282827, 28.764120
0.220189, 0.230694, 0.009875, 0.686694, -0.676820, -2.707279, 3.228682, 28.828693
-0.057537, 0.201871, 0.008641, 0.686696, -0.678055, -2.712219, 3.174438, 28.892181
0.011436, 0.182828, 0.007826, 0.686697, -0.678871, -2.715483, 3.120128, 28.954584
0.359471, 0.200492, 0.008582, 0.686696, -0.678114, -2.712456, 3.065879, 29.015902
0.171990, 0.197642, 0.008460, 0.686696, -0.678236, -2.712944, 3.011620, 29.076134
0.160299, 0.193907, 0.008300, 0.686696, -0.678396, -2.713584, 2.957348, 29.135281
-0.057839, 0.168733, 0.007222, 0.686697, -0.679475, -2.717898, 2.902990, 29.193340
0.240930, 0.175952, 0.007531, 0.686697, -0.679165, -2.716661, 2.848657, 29.250313
0.218334, 0.180191, 0.007713, 0.686697, -0.678984, -2.715935, 2.794338, 29.306200
0.299733, 0.192145, 0.008225, 0.686696, -0.678472, -2.713886, 2.740061, 29.361002
0.485545, 0.221485, 0.009480, 0.686695, -0.677214, -2.708858, 2.685884, 29.414721
-0.161461, 0.183190, 0.007841, 0.686697, -0.678855, -2.715421, 2.631575, 29.467352
0.346752, 0.199547, 0.008541, 0.686696, -0.678154, -2.712618, 2.577323, 29.518898
0.104153, 0.190007, 0.008133, 0.686696, -0.678563, -2.714252, 2.523038, 29.569359
-0.069477, 0.164059, 0.007022, 0.686697, -0.679675, -2.718699, 2.468664, 29.618732
0.173904, 0.165043, 0.007065, 0.686697, -0.679633, -2.718531, 2.414293, 29.667019
0.334385, 0.181977, 0.007789, 0.686697, -0.678907, -2.715629, 2.359981, 29.714218
0.231965, 0.186976, 0.008003, 0.686696, -0.678693, -2.714772, 2.305685, 29.760332
0.011491, 0.169428, 0.007252, 0.686697, -0.679445, -2.717779, 2.251330, 29.805359
0.324225, 0.184907, 0.007915, 0.686696, -0.678782, -2.715127, 2.197027, 29.849300
0.300035, 0.196420, 0.008408, 0.686696, -0.678288, -2.713153, 2.142764, 29.892157
0.356084, 0.212387, 0.009091, 0.686695, -0.677604, -2.710417, 2.088556, 29.933928
0.323505, 0.223498, 0.009567, 0.686695, -0.677128, -2.708513, 2.034386, 29.974615
0.057874, 0.206936, 0.008858, 0.686696, -0.677838, -2.711351, 1.980159, 30.014217
0.298532, 0.216096, 0.009250, 0.686695, -0.677445, -2.709781, 1.925963, 30.052736
0.242630, 0.218749, 0.009363, 0.686695, -0.677332, -2.709327, 1.871776, 30.090172
0.483788, 0.245253, 0.010498, 0.686694, -0.676196, -2.704784, 1.817681, 30.126526
-0.034302, 0.217298, 0.009301, 0.686695, -0.677394, -2.709575, 1.763489, 30.161797
0.369719, 0.232540, 0.009954, 0.686694, -0.676741, -2.706963, 1.709350, 30.195984
0.138173, 0.223103, 0.009550, 0.686695, -0.677145, -2.708580, 1.655179, 30.229088
0.426368, 0.243429, 0.010420, 0.686694, -0.676274, -2.705096, 1.601077, 30.261110
0.243860, 0.243473, 0.010422, 0.686694, -0.676272, -2.705089, 1.546975, 30.292049
0.287627, 0.247888, 0.010611, 0.686694, -0.676083, -2.704332, 1.492888, 30.321907
0.115399, 0.234639, 0.010044, 0.686694, -0.676651, -2.706603, 1.438756, 30.350681
0.321431, 0.243318, 0.010415, 0.686694, -0.676279, -2.705115, 1.384654, 30.378374
0.000000, 0.218986, 0.009374, 0.686695, -0.677321, -2.709286, 1.330468, 30.404984
0.229319, 0.220020, 0.009418, 0.686695, -0.677277, -2.709109, 1.276286, 30.430510
-0.207843, 0.177233, 0.007586, 0.686697, -0.679110, -2.716442, 1.221957, 30.454948
0.138173, 0.173327, 0.007419, 0.686697, -0.679278, -2.717111, 1.167615, 30.478300
0.184601, 0.174455, 0.007467, 0.686697, -0.679229, -2.716918, 1.113276, 30.500566
0.150870, 0.172096, 0.007366, 0.686697, -0.679330, -2.717322, 1.058930, 30.521746
0.415263, 0.196413, 0.008407, 0.686696, -0.678289, -2.713155, 1.004667, 30.541840
0.227724, 0.199544, 0.008541, 0.686696, -0.678155, -2.712618, 0.950414, 30.560848
0.196336, 0.199223, 0.008528, 0.008528, 0.000000, 0.000000, 0.950414, 30.579857
0.160524, 0.195353, 0.008362, 0.008362, 0.000000, 0.000000, 0.950414, 30.598866
-0.034683, 0.172350, 0.007377, 0.007377, 0.000000, 0.000000, 0.950414, 30.617874
0.207885, 0.175903, 0.007529, 0.007529, 0.000000, 0.000000, 0.950414, 30.636883
0.241607, 0.182474, 0.007811, 0.007811, 0.000000, 0.000000, 0.950414, 30.655891
0.034357, 0.167662, 0.007177, 0.007177, 0.000000, 0.000000, 0.950414, 30.674900
-0.241704, 0.126725, 0.005424, 0.005424, 0.000000, 0.000000, 0.950414, 30.693909
0.219258, 0.135979, 0.005820, 0.005820, 0.000000, 0.000000, 0.950414, 30.712917
0.080942, 0.130475, 0.005585, 0.005585, 0.000000, 0.000000, 0.950414, 30.731926
0.173064, 0.134734, 0.005767, 0.005767, 0.000000, 0.000000, 0.950414, 30.750935
0.425342, 0.163795, 0.007011, 0.007011, 0.000000, 0.000000, 0.950414, 30.769943
0.369198, 0.184335, 0.007890, 0.007890, 0.000000, 0.000000, 0.950414, 30.788952
0.115167, 0.177418, 0.007594, 0.007594, 0.000000, 0.000000, 0.950414, 30.807961
0.172300, 0.176906, 0.007572, 0.007572, 0.000000, 0.000000, 0.950414, 30.826969
-0.092282, 0.149988, 0.006420, 0.006420, 0.000000, 0.000000, 0.950414, 30.845978
0.376940, 0.172683, 0.007392, 0.007392, 0.000000, 0.000000, 0.950414, 30.864986
0.208516, 0.176266, 0.007545, 0.007545, 0.000000, 0.000000, 0.950414, 30.883995
0.323897, 0.191029, 0.008177, 0.008177, 0.000000, 0.000000, 0.950414, 30.903004
0.104575, 0.182384, 0.007807, 0.007807, 0.000000, 0.000000, 0.950414, 30.922012
0.449234, 0.209069, 0.008949, 0.008949, 0.000000, 0.000000, 0.950414, 30.941021
0.114890, 0.199651, 0.008546, 0.008546, 0.000000, 0.000000, 0.950414, 30.960030
0.254338, 0.205120, 0.008780, 0.008780, 0.000000, 0.000000, 0.950414, 30.979038
0.161656, 0.200773, 0.008594, 0.008594, 0.000000, 0.000000, 0.950414, 30.998047
0.114867, 0.192183, 0.008226, 0.008226, 0.000000, 0.000000, 0.950414, 31.017056
0.139039, 0.186868, 0.007999, 0.007999, 0.000000, 0.000000, 0.950414, 31.036064
0.232625, 0.191444, 0.008195, 0.008195, 0.000000, 0.000000, 0.950414, 31.055073
0.239969, 0.196296, 0.008402, 0.008402, 0.000000, 0.000000, 0.950414, 31.074081
0.000000, 0.176667, 0.007562, 0.007562, 0.000000, 0.000000, 0.950414, 31.093090
0.172681, 0.176268, 0.007545, 0.007545, 0.000000, 0.000000, 0.950414, 31.112099
0.254030, 0.184044, 0.007878, 0.007878, 0.000000, 0.000000, 0.950414, 31.131107
0.242435, 0.189883, 0.008128, 0.008128, 0.000000, 0.000000, 0.950414, 31.150116
0.312140, 0.202109, 0.008651, 0.008651, 0.000000, 0.000000, 0.950414, 31.169125
0.150564, 0.196955, 0.008430, 0.008430, 0.000000, 0.000000, 0.950414, 31.188133
0.126811, 0.189940, 0.008130, 0.008130, 0.000000, 0.000000, 0.950414, 31.207142
0.161428, 0.187089, 0.008008, 0.008008, 0.000000, 0.000000, 0.950414, 31.226151
0.346124, 0.202993, 0.008689, 0.008689, 0.000000, 0.000000, 0.950414, 31.245159
0.240592, 0.206753, 0.008850, 0.008850, 0.000000, 0.000000, 0.950414, 31.264168
0.069281, 0.193005, 0.008261, 0.008261, 0.000000, 0.000000, 0.950414, 31.283176
0.428783, 0.216583, 0.009271, 0.009271, 0.000000, 0.000000, 0.950414, 31.302185
0.207050, 0.215630, 0.009230, 0.009230, 0.000000, 0.000000, 0.950414, 31.321194
0.206305, 0.214697, 0.009190, 0.009190, 0.000000, 0.000000, 0.950414, 31.340202
0.229733, 0.216201, 0.009254, 0.009254, 0.000000, 0.000000, 0.950414, 31.359211
0.266006, 0.221181, 0.009467, 0.009467, 0.000000, 0.000000, 0.950414, 31.378220
0.172924, 0.216356, 0.009261, 0.009261, 0.000000, 0.000000, 0.950414, 31.397228
0.252706, 0.219991, 0.009417, 0.009417, 0.000000, 0.000000, 0.950414, 31.416237
0.507539, 0.248746, 0.010647, 0.010647, 0.000000, 0.000000, 0.950414, 31.435246
0.311638, 0.255035, 0.010917, 0.010917, 0.000000, 0.000000, 0.950414, 31.454254
0.220278, 0.251559, 0.010768, 0.010768, 0.000000, 0.000000, 0.950414, 31.473263
0.356441, 0.262047, 0.011217, 0.011217, 0.000000, 0.000000, 0.950414, 31.492271
0.150382, 0.250881, 0.010739, 0.010739, 0.000000, 0.000000, 0.950414, 31.511280
0.069017, 0.232694, 0.009960, 0.009960, 0.000000, 0.000000, 0.950414, 31.530289
0.115609, 0.220986, 0.009459, 0.009459, 0.000000, 0.000000, 0.950414, 31.549297
0.115725, 0.210460, 0.009009, 0.009009, 0.000000, 0.000000, 0.950414, 31.568306
0.172404, 0.206654, 0.008846, 0.008846, 0.000000, 0.000000, 0.950414, 31.587315
0.241607, 0.210149, 0.008995, 0.008995, 0.000000, 0.000000, 0.950414, 31.606323
0.218861, 0.211021, 0.009033, 0.009033, 0.000000, 0.000000, 0.950414, 31.625332
0.297995, 0.219718, 0.009405, 0.009405, 0.000000, 0.000000, 0.950414, 31.644341
0.162639, 0.214010, 0.009161, 0.009161, 0.000000, 0.000000, 0.950414, 31.663349
0.450048, 0.237614, 0.010171, 0.010171, 0.000000, 0.000000, 0.950414, 31.682358
0.218246, 0.235677, 0.010088, 0.010088, 0.000000, 0.000000, 0.950414, 31.701366
0.218553, 0.233965, 0.010015, 0.010015, 0.000000, 0.000000, 0.950414, 31.720375
0.323245, 0.242893, 0.010397, 0.010397, 0.000000, 0.000000, 0.950414, 31.739384
0.393540, 0.257958, 0.011042, 0.011042, 0.000000, 0.000000, 0.950414, 31.758392
0.403403, 0.272502, 0.011664, 0.011664, 0.000000, 0.000000, 0.950414, 31.777401
0.184824, 0.263734, 0.011289, 0.011289, 0.000000, 0.000000, 0.950414, 31.796410
0.391013, 0.276462, 0.011834, 0.011834, 0.000000, 0.000000, 0.950414, 31.815418
0.057734, 0.254589, 0.010897, 0.010897, 0.000000, 0.000000, 0.950414, 31.834427
-0.091636, 0.219967, 0.009415, 0.009415, 0.000000, 0.000000, 0.950414, 31.853436
0.508665, 0.248837, 0.010651, 0.010651, 0.000000, 0.000000, 0.950414, 31.872444
0.092468, 0.233200, 0.009982, 0.009982, 0.000000, 0.000000, 0.950414, 31.891453
0.069003, 0.216780, 0.009279, 0.009279, 0.000000, 0.000000, 0.950414, 31.910461
0.057572, 0.200859, 0.008598, 0.008598, 0.000000, 0.000000, 0.950414, 31.929470
0.289019, 0.209675, 0.008975, 0.008975, 0.000000, 0.000000, 0.950414, 31.948479
0.069114, 0.195619, 0.008373, 0.008373, 0.000000, 0.000000, 0.950414, 31.967487
0.092245, 0.185282, 0.007931, 0.007931, 0.000000, 0.000000, 0.950414, 31.986496
0.092487, 0.176002, 0.007534, 0.007534, 0.000000, 0.000000, 0.950414, 32.005505
0.333245, 0.191727, 0.008207, 0.008207, 0.000000, 0.000000, 0.950414, 32.024513
0.034536, 0.176008, 0.007534, 0.007534, 0.000000, 0.000000, 0.950414, 32.043522
0.081254, 0.166532, 0.007128, 0.007128, 0.000000, 0.000000, 0.950414, 32.062531
0.366761, 0.186555, 0.007985, 0.007985, 0.000000, 0.000000, 0.950414, 32.081539
0.217679, 0.189667, 0.008119, 0.008119, 0.000000, 0.000000, 0.950414, 32.100548
0.448332, 0.215534, 0.009226, 0.009226, 0.000000, 0.000000, 0.950414, 32.119556
0.151206, 0.209101, 0.008950, 0.008950, 0.000000, 0.000000, 0.950414, 32.138565
0.173518, 0.205543, 0.008798, 0.008798, 0.000000, 0.000000, 0.950414, 32.157574
0.265096, 0.211498, 0.009053, 0.009053, 0.000000, 0.000000, 0.950414, 32.176582
0.492141, 0.239562, 0.010254, 0.010254, 0.000000, 0.000000, 0.950414, 32.195591
0.046290, 0.220235, 0.009427, 0.009427, 0.000000, 0.000000, 0.950414, 32.214600
0.286247, 0.226836, 0.009710, 0.009710, 0.000000, 0.000000, 0.950414, 32.233608
0.497306, 0.253883, 0.010867, 0.010867, 0.000000, 0.000000, 0.950414, 32.252617
0.115725, 0.240068, 0.010276, 0.010276, 0.000000, 0.000000, 0.950414, 32.271626
0.011566, 0.217217, 0.009298, 0.009298, 0.000000, 0.000000, 0.950414, 32.290634
-0.045763, 0.190919, 0.008172, 0.008172, 0.000000, 0.000000, 0.950414, 32.309643
0.034627, 0.175290, 0.007503, 0.007503, 0.000000, 0.000000, 0.950414, 32.328651
0.264830, 0.184244, 0.007886, 0.007886, 0.000000, 0.000000, 0.950414, 32.347660
-0.139151, 0.151904, 0.006502, 0.006502, 0.000000, 0.000000, 0.950414, 32.366669
0.184082, 0.155122, 0.006640, 0.006640, 0.000000, 0.000000, 0.950414, 32.385677
0.196693, 0.159279, 0.006818, 0.006818, 0.000000, 0.000000, 0.950414, 32.404686
0.334183, 0.176770, 0.007566, 0.007566, 0.000000, 0.000000, 0.950414, 32.423695
0.241656, 0.183258, 0.007844, 0.007844, 0.000000, 0.000000, 0.950414, 32.442703
0.195587, 0.184491, 0.007897, 0.007897, 0.000000, 0.000000, 0.950414, 32.461712
0.081123, 0.174154, 0.007455, 0.007455, 0.000000, 0.000000, 0.950414, 32.480721
0.516785, 0.208417, 0.008921, 0.008921, 0.000000, 0.000000, 0.950414, 32.499729
0.334924, 0.221068, 0.009463, 0.009463, 0.000000, 0.000000, 0.950414, 32.518738
0.458356, 0.244797, 0.010478, 0.010478, 0.000000, 0.000000, 0.950414, 32.537746
0.137757, 0.234093, 0.010020, 0.010020, 0.000000, 0.000000, 0.950414, 32.556755
0.184082, 0.229092, 0.009806, 0.009806, 0.000000, 0.000000, 0.950414, 32.575764
0.184082, 0.224591, 0.009613, 0.009613, 0.000000, 0.000000, 0.950414, 32.594772
0.057746, 0.207906, 0.008899, 0.008899, 0.000000, 0.000000, 0.950414, 32.613781
0.369719, 0.224088, 0.009592, 0.009592, 0.000000, 0.000000, 0.950414, 32.632790
0.402189, 0.241898, 0.010354, 0.010354, 0.000000, 0.000000, 0.950414, 32.651798
0.265416, 0.244250, 0.010455, 0.010455, 0.000000, 0.000000, 0.950414, 32.670807
0.046150, 0.224440, 0.009607, 0.009607, 0.000000, 0.000000, 0.950414, 32.689816
-0.022955, 0.199700, 0.008548, 0.008548, 0.000000, 0.000000, 0.950414, 32.708824
0.230472, 0.202777, 0.008680, 0.008680, 0.000000, 0.000000, 0.950414, 32.727833
0.103671, 0.192867, 0.008255, 0.008255, 0.000000, 0.000000, 0.950414, 32.746841
0.011484, 0.174729, 0.007479, 0.007479, 0.000000, 0.000000, 0.950414, 32.765850
0.346333, 0.191889, 0.008214, 0.008214, 0.000000, 0.000000, 0.950414, 32.784859
0.322206, 0.204921, 0.008771, 0.008771, 0.000000, 0.000000, 0.950414, 32.803867
0.208642, 0.205293, 0.008787, 0.008787, 0.000000, 0.000000, 0.950414, 32.822876
0.264193, 0.211183, 0.009039, 0.009039, 0.000000, 0.000000, 0.950414, 32.841885
0.425001, 0.232565, 0.009955, 0.009955, 0.000000, 0.000000, 0.950414, 32.860893
0.276566, 0.236965, 0.010143, 0.010143, 0.000000, 0.000000, 0.950414, 32.879902
-0.022955, 0.210973, 0.009031, 0.009031, 0.000000, 0.000000, 0.950414, 32.898911
-0.046048, 0.185271, 0.007930, 0.007930, 0.000000, 0.000000, 0.950414, 32.917919
0.137951, 0.180539, 0.007728, 0.007728, 0.000000, 0.000000, 0.950414, 32.936928
0.462146, 0.208699, 0.008933, 0.008933, 0.000000, 0.000000, 0.950414, 32.955936
0.276011, 0.215431, 0.009221, 0.009221, 0.000000, 0.000000, 0.950414, 32.974945
0.254184, 0.219306, 0.009387, 0.009387, 0.000000, 0.000000, 0.950414, 32.993954
0.057804, 0.203156, 0.008696, 0.008696, 0.000000, 0.000000, 0.950414, 33.012962
-0.068727, 0.175967, 0.007532, 0.007532, 0.000000, 0.000000, 0.950414, 33.031971
0.447703, 0.203141, 0.008695, 0.008695, 0.000000, 0.000000, 0.950414, 33.050980
0.114775, 0.194304, 0.008317, 0.008317, 0.000000, 0.000000, 0.950414, 33.069988
0.264723, 0.201346, 0.008618, 0.008618, 0.000000, 0.000000, 0.950414, 33.088997
0.334049, 0.214617, 0.009186, 0.009186, 0.000000, 0.000000, 0.950414, 33.108006
0.413514, 0.234506, 0.010038, 0.010038, 0.000000, 0.000000, 0.950414, 33.127014
0.425598, 0.253615, 0.010856, 0.010856, 0.000000, 0.000000, 0.950414, 33.146023
0.310949, 0.259349, 0.011101, 0.011101, 0.000000, 0.000000, 0.950414, 33.165031
0.600417, 0.293456, 0.012561, 0.012561, 0.000000, 0.000000, 0.950414, 33.184040
0.435875, 0.307698, 0.013171, 0.013171, 0.000000, 0.000000, 0.950414, 33.203049
0.114798, 0.288408, 0.012345, 0.012345, 0.000000, 0.000000, 0.950414, 33.222057
0.254286, 0.284995, 0.012199, 0.012199, 0.000000, 0.000000, 0.950414, 33.241066
0.218817, 0.278378, 0.011916, 0.011916, 0.000000, 0.000000, 0.950414, 33.260075
0.173029, 0.267843, 0.011465, 0.011465, 0.000000, 0.000000, 0.950414, 33.279083
0.310824, 0.272141, 0.011649, 0.011649, 0.000000, 0.000000, 0.950414, 33.298092
0.046188, 0.249545, 0.010682, 0.010682, 0.000000, 0.000000, 0.950414, 33.317101
-0.011549, 0.223436, 0.009564, 0.009564, 0.000000, 0.000000, 0.950414, 33.336109
0.309332, 0.232026, 0.009932, 0.009932, 0.000000, 0.000000, 0.950414, 33.355118
0.265310, 0.235354, 0.010074, 0.010074, 0.000000, 0.000000, 0.950414, 33.374126
0.393540, 0.251173, 0.010751, 0.010751, 0.000000, 0.000000, 0.950414, 33.393135
0.311011, 0.257156, 0.011007, 0.011007, 0.000000, 0.000000, 0.950414, 33.412144
0.172612, 0.248702, 0.010645, 0.010645, 0.000000, 0.000000, 0.950414, 33.431152
0.289311, 0.252763, 0.010819, 0.010819, 0.000000, 0.000000, 0.950414, 33.450161
0.546432, 0.282130, 0.012076, 0.012076, 0.000000, 0.000000, 0.950414, 33.469170
0.276066, 0.281523, 0.012050, 0.012050, 0.000000, 0.000000, 0.950414, 33.488178
0.495805, 0.302952, 0.012968, 0.012968, 0.000000, 0.000000, 0.950414, 33.507187
0.092264, 0.281883, 0.012066, 0.012066, 0.000000, 0.000000, 0.950414, 33.526196
0.219390, 0.275634, 0.011798, 0.011798, 0.000000, 0.000000, 0.950414, 33.545204
0.244156, 0.272486, 0.011663, 0.011663, 0.000000, 0.000000, 0.950414, 33.564213
0.034446, 0.248682, 0.010645, 0.010645, 0.000000, 0.000000, 0.950414, 33.583221
0.368013, 0.260615, 0.011155, 0.011155, 0.000000, 0.000000, 0.950414, 33.602230
0.207259, 0.255279, 0.010927, 0.010927, 0.000000, 0.000000, 0.950414, 33.621239
0.242483, 0.254000, 0.010872, 0.010872, 0.000000, 0.000000, 0.950414, 33.640247
0.220367, 0.250636, 0.010728, 0.010728, 0.000000, 0.000000, 0.950414, 33.659256
0.251848, 0.250758, 0.010733, 0.010733, 0.000000, 0.000000, 0.950414, 33.678265
-0.057711, 0.219911, 0.009413, 0.009413, 0.000000, 0.000000, 0.950414, 33.697273
0.300823, 0.228002, 0.009759, 0.009759, 0.000000, 0.000000, 0.950414, 33.716282
0.438244, 0.249026, 0.010659, 0.010659, 0.000000, 0.000000, 0.950414, 33.735291
0.448152, 0.268939, 0.011512, 0.011512, 0.000000, 0.000000, 0.950414, 33.754299
0.149928, 0.257038, 0.011002, 0.011002, 0.000000, 0.000000, 0.950414, 33.773308
0.298952, 0.261229, 0.011182, 0.011182, 0.000000, 0.000000, 0.950414, 33.792316
0.254646, 0.260571, 0.011153, 0.011153, 0.000000, 0.000000, 0.950414, 33.811325
-0.023075, 0.232206, 0.009939, 0.009939, 0.000000, 0.000000, 0.950414, 33.830334
0.425342, 0.251520, 0.010766, 0.010766, 0.000000, 0.000000, 0.950414, 33.849342
0.081024, 0.234470, 0.010036, 0.010036, 0.000000, 0.000000, 0.950414, 33.868351
0.057549, 0.216778, 0.009279, 0.009279, 0.000000, 0.000000, 0.950414, 33.887360
-0.023085, 0.192792, 0.008252, 0.008252, 0.000000, 0.000000, 0.950414, 33.906368
-0.080471, 0.165465, 0.007083, 0.007083, 0.000000, 0.000000, 0.950414, 33.925377
0.173869, 0.166306, 0.007119, 0.007119, 0.000000, 0.000000, 0.950414, 33.944386
0.241753, 0.173850, 0.007442, 0.007442, 0.000000, 0.000000, 0.950414, 33.963394
0.393302, 0.195796, 0.008381, 0.008381, 0.000000, 0.000000, 0.950414, 33.982403
0.069449, 0.183161, 0.007840, 0.007840, 0.000000, 0.000000, 0.950414, 34.001411
0.264830, 0.191328, 0.008190, 0.008190, 0.000000, 0.000000, 0.950414, 34.020420
0.323375, 0.204533, 0.008755, 0.008755, 0.000000, 0.000000, 0.950414, 34.039429
-0.034550, 0.180624, 0.007731, 0.007731, 0.000000, 0.000000, 0.950414, 34.058437
0.218773, 0.184439, 0.007895, 0.007895, 0.000000, 0.000000, 0.950414, 34.077446
0.321238, 0.198119, 0.008480, 0.008480, 0.000000, 0.000000, 0.950414, 34.096455
0.461030, 0.224410, 0.009606, 0.009606, 0.000000, 0.000000, 0.950414, 34.115463
0.417110, 0.243680, 0.010431, 0.010431, 0.000000, 0.000000, 0.950414, 34.134472
0.345637, 0.253876, 0.010867, 0.010867, 0.000000, 0.000000, 0.950414, 34.153481
0.000000, 0.228488, 0.009780, 0.009780, 0.000000, 0.000000, 0.950414, 34.172489
0.185011, 0.224140, 0.009594, 0.009594, 0.000000, 0.000000, 0.950414, 34.191498
0.368382, 0.238565, 0.010212, 0.010212, 0.000000, 0.000000, 0.950414, 34.210506
0.172855, 0.231994, 0.009930, 0.009930, 0.000000, 0.000000, 0.950414, 34.229515
-0.058062, 0.202988, 0.008689, 0.008689, 0.000000, 0.000000, 0.950414, 34.248524
0.149777, 0.197667, 0.008461, 0.008461, 0.000000, 0.000000, 0.950414, 34.267532
0.057388, 0.183639, 0.007861, 0.007861, 0.000000, 0.000000, 0.950414, 34.286541
0.114729, 0.176748, 0.007566, 0.007566, 0.000000, 0.000000, 0.950414, 34.305550
0.023020, 0.161375, 0.006908, 0.006908, 0.000000, 0.000000, 0.950414, 34.324558
0.241850, 0.169423, 0.007252, 0.007252, 0.000000, 0.000000, 0.950414, 34.343567
0.208137, 0.173294, 0.007418, 0.007418, 0.000000, 0.000000, 0.950414, 34.362576
0.161364, 0.172101, 0.007367, 0.007367, 0.000000, 0.000000, 0.950414, 34.381584
0.441711, 0.199062, 0.008521, 0.008521, 0.000000, 0.000000, 0.950414, 34.400593
0.404624, 0.219618, 0.009401, 0.009401, 0.000000, 0.000000, 0.950414, 34.419601
0.539103, 0.251567, 0.010768, 0.010768, 0.000000, 0.000000, 0.950414, 34.438610
0.046197, 0.231030, 0.009889, 0.009889, 0.000000, 0.000000, 0.950414, 34.457619
