0.011482, 0.001148, 0.000049, 0.000049, 0.000000, 0.000000, 0.000000, 0.000000
0.254543, 0.026488, 0.001134, 0.001134, 0.000000, 0.000000, 0.000000, 0.000000
0.011570, 0.024996, 0.001070, 0.001070, 0.000000, 0.000000, 0.000000, 0.000000
0.114591, 0.033955, 0.001453, 0.001453, 0.000000, 0.000000, 0.000000, 0.000000
0.069987, 0.037559, 0.001608, 0.001608, 0.000000, 0.000000, 0.000000, 0.000000
0.092375, 0.043040, 0.001842, 0.001842, 0.000000, 0.000000, 0.000000, 0.000000
0.416773, 0.080414, 0.003442, 0.003442, 0.000000, 0.000000, 0.000000, 0.000000
0.104132, 0.082785, 0.003544, 0.003544, 0.000000, 0.000000, 0.000000, 0.000000
0.092041, 0.083711, 0.003583, 0.003583, 0.000000, 0.000000, 0.000000, 0.000000
0.196852, 0.095025, 0.004067, 0.004067, 0.000000, 0.000000, 0.000000, 0.000000
-0.080294, 0.077493, 0.003317, 0.003317, 0.000000, 0.000000, 0.000000, 0.000000
0.439749, 0.113719, 0.004868, 0.004868, 0.000000, 0.000000, 0.000000, 0.000000
0.323375, 0.134684, 0.005765, 0.005765, 0.000000, 0.000000, 0.000000, 0.000000
0.069240, 0.128140, 0.005485, 0.005485, 0.000000, 0.000000, 0.000000, 0.000000
0.115539, 0.126880, 0.005431, 0.005431, 0.000000, 0.000000, 0.000000, 0.000000
0.173904, 0.131582, 0.005632, 0.005632, 0.000000, 0.000000, 0.000000, 0.000000
0.299794, 0.148403, 0.006352, 0.006352, 0.000000, 0.000000, 0.000000, 0.000000
0.219700, 0.155533, 0.006657, 0.006657, 0.000000, 0.000000, 0.000000, 0.000000
-0.185198, 0.121460, 0.005199, 0.005199, 0.000000, 0.000000, 0.000000, 0.000000
0.103713, 0.119685, 0.005123, 0.005123, 0.000000, 0.000000, 0.000000, 0.000000
0.219567, 0.129673, 0.005551, 0.005551, 0.000000, 0.000000, 0.000000, 0.000000
0.404298, 0.157136, 0.006726, 0.006726, 0.000000, 0.000000, 0.000000, 0.000000
0.205770, 0.161999, 0.006934, 0.006934, 0.000000, 0.000000, 0.000000, 0.000000
0.322206, 0.178020, 0.007620, 0.007620, 0.000000, 0.000000, 0.000000, 0.000000
0.207509, 0.180969, 0.007746, 0.007746, 0.000000, 0.000000, 0.000000, 0.000000
0.265523, 0.189424, 0.008108, 0.008108, 0.000000, 0.000000, 0.000000, 0.000000
0.219125, 0.192394, 0.008235, 0.008235, 0.000000, 0.000000, 0.000000, 0.000000
0.057711, 0.178926, 0.007659, 0.007659, 0.000000, 0.000000, 0.000000, 0.000000
0.427486, 0.203782, 0.008723, 0.008723, 0.000000, 0.000000, 0.000000, 0.000000
0.161104, 0.199514, 0.008540, 0.008540, 0.000000, 0.000000, 0.000000, 0.000000
0.160203, 0.195583, 0.008372, 0.008372, 0.000000, 0.000000, 0.000000, 0.000000
0.229779, 0.199003, 0.008518, 0.008518, 0.000000, 0.000000, 0.000000, 0.000000
0.171509, 0.196253, 0.008400, 0.008400, 0.000000, 0.000000, 0.000000, 0.000000
0.288438, 0.205472, 0.008795, 0.008795, 0.000000, 0.000000, 0.000000, 0.000000
0.231731, 0.208098, 0.008907, 0.008907, 0.000000, 0.000000, 0.000000, 0.000000
0.242239, 0.211512, 0.009054, 0.009054, 0.000000, 0.000000, 0.000000, 0.000000
-0.184378, 0.171923, 0.007359, 0.007359, 0.000000, 0.000000, 0.000000, 0.000000
-0.069225, 0.147808, 0.006327, 0.006327, 0.000000, 0.000000, 0.000000, 0.000000
0.023071, 0.135334, 0.005793, 0.005793, 0.000000, 0.000000, 0.000000, 0.000000
0.219656, 0.143766, 0.006154, 0.006154, 0.000000, 0.000000, 0.000000, 0.000000
0.173133, 0.146703, 0.006280, 0.006280, 0.000000, 0.000000, 0.000000, 0.000000
0.173133, 0.149346, 0.006393, 0.006393, 0.000000, 0.000000, 0.000000, 0.000000
0.416352, 0.176047, 0.007536, 0.007536, 0.000000, 0.000000, 0.000000, 0.000000
0.196336, 0.178076, 0.007622, 0.007622, 0.000000, 0.000000, 0.000000, 0.000000
-0.104174, 0.149851, 0.006414, 0.006414, 0.000000, 0.000000, 0.000000, 0.000000
0.034481, 0.138314, 0.005920, 0.005920, 0.000000, 0.000000, 0.000000, 0.000000
0.299432, 0.154426, 0.006610, 0.006610, 0.000000, 0.000000, 0.000000, 0.000000
0.255007, 0.164484, 0.007041, 0.007041, 0.000000, 0.000000, 0.000000, 0.000000
0.092562, 0.157291, 0.006733, 0.006733, 0.000000, 0.000000, 0.000000, 0.000000
0.334519, 0.175014, 0.007491, 0.007491, 0.000000, 0.000000, 0.000000, 0.000000
0.275072, 0.185020, 0.007920, 0.007920, 0.000000, 0.000000, 0.000000, 0.000000
0.069745, 0.173493, 0.007426, 0.007426, 0.000000, 0.000000, 0.000000, 0.000000
0.092468, 0.165390, 0.007079, 0.007079, 0.000000, 0.000000, 0.000000, 0.000000
-0.115609, 0.137290, 0.005877, 0.005877, 0.000000, 0.000000, 0.000000, 0.000000
0.150079, 0.138569, 0.005931, 0.005931, 0.000000, 0.000000, 0.000000, 0.000000
-0.126939, 0.112018, 0.004795, 0.004795, 0.000000, 0.000000, 0.000000, 0.000000
0.345775, 0.135394, 0.005795, 0.005795, 0.000000, 0.000000, 0.000000, 0.000000
0.207969, 0.142652, 0.006106, 0.006106, 0.000000, 0.000000, 0.000000, 0.000000
0.378146, 0.166201, 0.007114, 0.007114, 0.000000, 0.000000, 0.000000, 0.000000
-0.173553, 0.132226, 0.005660, 0.005660, 0.000000, 0.000000, 0.000000, 0.000000
0.195902, 0.138593, 0.005932, 0.005932, 0.000000, 0.000000, 0.000000, 0.000000
0.564301, 0.181164, 0.007755, 0.007755, 0.000000, 0.000000, 0.000000, 0.000000
0.219390, 0.184987, 0.007918, 0.007918, 0.000000, 0.000000, 0.000000, 0.000000
0.218553, 0.188343, 0.008062, 0.008062, 0.000000, 0.000000, 0.000000, 0.000000
-0.092693, 0.160240, 0.006859, 0.006859, 0.000000, 0.000000, 0.000000, 0.000000
0.550904, 0.199306, 0.008531, 0.008531, 0.000000, 0.000000, 0.000000, 0.000000
-0.494511, 0.129924, 0.005561, 0.005561, 0.000000, 0.000000, 0.000000, 0.000000
0.436924, 0.160624, 0.006875, 0.006875, 0.000000, 0.000000, 0.000000, 0.000000
0.171681, 0.161730, 0.006923, 0.006923, 0.000000, 0.000000, 0.000000, 0.000000
0.206511, 0.166208, 0.007114, 0.007114, 0.000000, 0.000000, 0.000000, 0.000000
0.443149, 0.193902, 0.008300, 0.008300, 0.000000, 0.000000, 0.000000, 0.000000
0.103692, 0.184881, 0.007914, 0.007914, 0.000000, 0.000000, 0.000000, 0.000000
-0.240399, 0.142353, 0.006093, 0.006093, 0.000000, 0.000000, 0.000000, 0.000000
0.125174, 0.140635, 0.006020, 0.006020, 0.000000, 0.000000, 0.000000, 0.000000
-0.114545, 0.115117, 0.004927, 0.004927, 0.000000, 0.000000, 0.000000, 0.000000
-0.912818, 0.012324, 0.000528, 0.000528, 0.000000, 0.000000, 0.000000, 0.000000
0.091417, 0.020233, 0.000866, 0.000866, 0.000000, 0.000000, 0.000000, 0.000000
-0.959983, -0.077789, -0.003330, -0.003330, 0.000000, 0.000000, 0.000000, 0.000000
-0.034433, -0.073453, -0.003144, -0.003144, 0.000000, 0.000000, 0.000000, 0.000000
1.346266, 0.068519, 0.002933, 0.002933, 0.000000, 0.000000, 0.000000, 0.000000
0.000000, 0.061667, 0.002640, 0.002640, 0.000000, 0.000000, 0.000000, 0.000000
2.345976, 0.290098, 0.012417, 0.012417, 0.000000, 0.000000, 0.000000, 0.000000
3.603743, 0.621462, 0.026601, 0.026601, 0.000000, 0.000000, 0.000000, 0.000000
4.384423, 0.997759, 0.042706, 0.042706, 0.000000, 0.000000, 0.000000, 0.000000
4.861653, 1.384148, 0.059242, 0.059242, 0.000000, 0.000000, 0.000000, 0.000000
5.829102, 1.828643, 0.078260, 0.078260, 0.000000, 0.000000, 0.000000, 0.000000
7.713188, 2.417098, 0.103431, 0.103431, 0.000000, 0.000000, 0.000000, 0.000000
9.565292, 3.131917, 0.133992, 0.133992, 0.000000, 0.000000, 0.000000, 0.000000
10.655022, 3.884228, 0.166134, 0.166134, 0.000000, 0.000000, 0.000000, 0.000000
12.710018, 4.766807, 0.203804, 0.203804, 0.000000, 0.000000, 0.000000, 0.000000
14.276320, 5.717758, 0.244338, 0.244338, 0.000000, 0.000000, 0.000000, 0.000000
16.159746, 6.761957, 0.288769, 0.288769, 0.000000, 0.000000, 0.000000, 0.000000
17.501692, 7.835931, 0.334366, 0.334366, 0.000000, 0.000000, 0.000000, 0.000000
20.144144, 9.066752, 0.386477, 0.386477, 0.000000, 0.000000, 0.000000, 0.000000
22.301903, 10.390267, 0.442313, 0.442313, 0.000000, 0.000000, 0.000000, 0.000000
24.186590, 11.769899, 0.500265, 0.500265, 0.000000, 0.000000, 0.000000, 0.000000
25.664059, 13.159315, 0.558335, 0.558335, 0.000000, 0.000000, 0.000000, 0.000000
27.025114, 14.545895, 0.615959, 0.615959, 0.000000, 0.000000, 0.000000, 0.000000
28.312237, 15.922529, 0.672812, 0.672812, 0.000000, 0.000000, 0.000000, 0.000000
29.541193, 17.284395, 0.728674, 0.728674, 0.000000, 0.000000, 0.000000, 0.000000
30.673590, 18.623314, 0.783193, 0.783193, 0.000000, 0.000000, 0.000000, 0.000000
33.866505, 20.147633, 0.844740, 0.844740, 0.000000, 0.000000, 0.000000, 0.000000
36.418152, 21.774685, 0.909773, 0.909773, 0.000000, 0.000000, 0.000000, 0.000000
37.083626, 23.305578, 0.970295, 0.970295, 0.000000, 0.000000, 0.000000, 0.000000
37.004341, 24.675455, 1.023864, 0.623995, 0.399869, 1.599476, 0.031990, 0.000640
38.080948, 26.016005, 1.075721, 0.617118, 0.458603, 1.834413, 0.068678, 0.002013
41.790619, 27.593466, 1.135986, 0.608592, 0.527393, 2.109573, 0.110869, 0.004231
43.870293, 29.221149, 1.197266, 0.599312, 0.597954, 2.391816, 0.158706, 0.007405
43.312321, 30.630266, 1.249539, 0.590887, 0.658652, 2.634609, 0.211398, 0.011633
42.534023, 31.820642, 1.293110, 0.583491, 0.709619, 2.838476, 0.268167, 0.016996
42.903542, 32.928932, 1.333175, 0.576379, 0.756796, 3.027185, 0.328711, 0.023570
43.380043, 33.974045, 1.370499, 0.569474, 0.801025, 3.204102, 0.392793, 0.031426
43.732342, 34.949875, 1.404938, 0.562856, 0.842082, 3.368328, 0.460160, 0.040629
40.533615, 35.508247, 1.424461, 0.558996, 0.865466, 3.461863, 0.529397, 0.051217
39.361374, 35.893559, 1.437855, 0.556301, 0.881554, 3.526216, 0.599921, 0.063216
41.935246, 36.497726, 1.458725, 0.552025, 0.906700, 3.626800, 0.672457, 0.076665
43.006783, 37.148632, 1.481027, 0.547349, 0.933678, 3.734713, 0.747151, 0.091608
42.723190, 37.706089, 1.499976, 0.543289, 0.956688, 3.826751, 0.823686, 0.108082
42.373909, 38.172871, 1.515734, 0.539849, 0.975885, 3.903540, 0.901757, 0.126117
41.407162, 38.496300, 1.526593, 0.537445, 0.989149, 3.956594, 0.980889, 0.145735
43.013023, 38.947971, 1.541677, 0.534058, 1.007619, 4.030474, 1.061499, 0.166965
43.288532, 39.382027, 1.556082, 0.530773, 1.025309, 4.101237, 1.143523, 0.189835
44.117157, 39.855541, 1.571695, 0.527154, 1.044541, 4.178164, 1.227087, 0.214377
43.846439, 40.254631, 1.584770, 0.524076, 1.060694, 4.242778, 1.311942, 0.240616
43.230732, 40.552242, 1.594471, 0.521764, 1.072707, 4.290829, 1.397759, 0.268571
42.998802, 40.796898, 1.602414, 0.519853, 1.082561, 4.330243, 1.484364, 0.298258
43.424164, 41.059624, 1.610910, 0.517790, 1.093120, 4.372480, 1.571813, 0.329694
44.056110, 41.359272, 1.620559, 0.515424, 1.105135, 4.420541, 1.660224, 0.362899
44.497543, 41.673100, 1.630617, 0.512931, 1.117687, 4.470747, 1.749639, 0.397892
44.109917, 41.916782, 1.638394, 0.510984, 1.127410, 4.509638, 1.839832, 0.434688
44.138359, 42.138939, 1.645458, 0.509202, 1.136256, 4.545023, 1.930732, 0.473303
44.402328, 42.365276, 1.652629, 0.507378, 1.145251, 4.581004, 2.022352, 0.513750
44.086143, 42.537365, 1.658064, 0.505986, 1.152078, 4.608312, 2.114518, 0.556040
44.217422, 42.705372, 1.663356, 0.504622, 1.158733, 4.634933, 2.207217, 0.600185
43.524906, 42.787327, 1.665932, 0.503955, 1.161976, 4.647905, 2.300175, 0.646188
43.862103, 42.894806, 1.669305, 0.503080, 1.166226, 4.664902, 2.393473, 0.694058
43.886086, 42.993935, 1.672411, 0.502270, 1.170141, 4.680564, 2.487084, 0.743799
44.798470, 43.174389, 1.678052, 0.500793, 1.177260, 4.709038, 2.581265, 0.795425
44.599205, 43.316872, 1.682495, 0.499623, 1.182872, 4.731489, 2.675895, 0.848942
44.170296, 43.402214, 1.685151, 0.498921, 1.186230, 4.744922, 2.770793, 0.904358
44.093544, 43.471348, 1.687300, 0.498351, 1.188949, 4.755795, 2.865909, 0.961677
44.024982, 43.526711, 1.689019, 0.497894, 1.191125, 4.764498, 2.961199, 1.020900
43.905895, 43.564629, 1.690195, 0.497581, 1.192614, 4.770456, 3.056608, 1.082033
43.838547, 43.592022, 1.691045, 0.497355, 1.193690, 4.774759, 3.152104, 1.145075
43.829300, 43.615749, 1.691780, 0.497159, 1.194621, 4.778486, 3.247673, 1.210028
43.996056, 43.653778, 1.692958, 0.496844, 1.196114, 4.784456, 3.343362, 1.276895
44.327900, 43.721191, 1.695045, 0.496286, 1.198759, 4.795035, 3.439263, 1.345681
44.799530, 43.829025, 1.698378, 0.495392, 1.202986, 4.811943, 3.535502, 1.416391
44.418182, 43.887939, 1.700196, 0.494903, 1.205293, 4.821173, 3.631925, 1.489029
45.157104, 44.014854, 1.704107, 0.493847, 1.210260, 4.841040, 3.728746, 1.563604
45.348923, 44.148262, 1.708209, 0.492735, 1.215474, 4.861897, 3.825984, 1.640124
45.313309, 44.264767, 1.711784, 0.491761, 1.220023, 4.880091, 3.923586, 1.718596
46.028294, 44.441120, 1.717181, 0.490283, 1.226898, 4.907592, 4.021738, 1.799030
45.435040, 44.540512, 1.720216, 0.489449, 1.230768, 4.923071, 4.120199, 1.881434
45.251530, 44.611614, 1.722384, 0.488851, 1.233534, 4.934135, 4.218882, 1.965812
46.007439, 44.751198, 1.726632, 0.487674, 1.238958, 4.955833, 4.317999, 2.052172
46.497547, 44.925835, 1.731933, 0.486198, 1.245735, 4.982939, 4.417658, 2.140525
45.908180, 45.024071, 1.734908, 0.485366, 1.249542, 4.998166, 4.517621, 2.230878
45.907341, 45.112396, 1.737578, 0.484617, 1.252961, 5.011845, 4.617858, 2.323235
46.109516, 45.212109, 1.740587, 0.483769, 1.256818, 5.027272, 4.718403, 2.417603
46.073570, 45.298256, 1.743183, 0.483036, 1.260147, 5.040589, 4.819215, 2.513987
47.189968, 45.487427, 1.748869, 0.481422, 1.267448, 5.069790, 4.920611, 2.612400
47.073730, 45.646057, 1.753623, 0.480064, 1.273559, 5.094235, 5.022496, 2.712849
45.992126, 45.680664, 1.754658, 0.479768, 1.274891, 5.099563, 5.124487, 2.815339
46.445530, 45.757149, 1.756944, 0.479111, 1.277833, 5.111331, 5.226714, 2.919873
47.863590, 45.967793, 1.763223, 0.477300, 1.285923, 5.143694, 5.329587, 3.026465
48.672146, 46.238228, 1.771249, 0.474964, 1.296285, 5.185141, 5.433290, 3.135131
48.799789, 46.494385, 1.778815, 0.472742, 1.306073, 5.224293, 5.537776, 3.245886
48.484108, 46.693356, 1.784668, 0.471009, 1.313658, 5.254633, 5.642869, 3.358743
48.402477, 46.864269, 1.789678, 0.469517, 1.320161, 5.280643, 5.748482, 3.473713
48.096317, 46.987473, 1.793279, 0.468438, 1.324841, 5.299364, 5.854469, 3.590802
48.682419, 47.156967, 1.798221, 0.466951, 1.331270, 5.325079, 5.960970, 3.710022
47.920406, 47.233311, 1.800441, 0.466279, 1.334162, 5.336646, 6.067703, 3.831376
48.566811, 47.366661, 1.804312, 0.465105, 1.339207, 5.356829, 6.174840, 3.954873
48.799915, 47.509987, 1.808461, 0.463840, 1.344622, 5.378488, 6.282410, 4.080521
48.156761, 47.574665, 1.810330, 0.463268, 1.347063, 5.388250, 6.390175, 4.208324
48.522415, 47.669441, 1.813065, 0.462429, 1.350636, 5.402545, 6.498226, 4.338288
48.201057, 47.722603, 1.814596, 0.461957, 1.352639, 5.410556, 6.606437, 4.470417
49.026100, 47.852951, 1.818345, 0.460800, 1.357545, 5.430179, 6.715040, 4.604718
49.035824, 47.971237, 1.821739, 0.459748, 1.361990, 5.447962, 6.823999, 4.741198
48.935959, 48.067711, 1.824501, 0.458889, 1.365612, 5.462449, 6.933249, 4.879863
48.429375, 48.103878, 1.825535, 0.458566, 1.366969, 5.467875, 7.042606, 5.020715
47.791023, 48.072594, 1.824640, 0.458845, 1.365795, 5.463181, 7.151869, 5.163752
47.805531, 48.045887, 1.823876, 0.459083, 1.364793, 5.459173, 7.261053, 5.308973
47.982380, 48.039536, 1.823695, 0.459140, 1.364555, 5.458220, 7.370217, 5.456378
48.202705, 48.055851, 1.824162, 0.458994, 1.365167, 5.460669, 7.479430, 5.605966
49.375267, 48.187794, 1.827932, 0.457817, 1.370115, 5.480459, 7.589039, 5.757747
48.561424, 48.225159, 1.828997, 0.457483, 1.371514, 5.486058, 7.698761, 5.911722
48.369373, 48.239578, 1.829409, 0.457354, 1.372055, 5.488218, 7.808525, 6.067892
49.104874, 48.326107, 1.831873, 0.456580, 1.375293, 5.501173, 7.918549, 6.226263
48.226997, 48.316196, 1.831591, 0.456669, 1.374923, 5.499690, 8.028543, 6.386834
49.082367, 48.392815, 1.833771, 0.455983, 1.377788, 5.511152, 8.138765, 6.549609
49.252346, 48.478767, 1.836212, 0.455212, 1.381000, 5.523999, 8.249246, 6.714594
48.669243, 48.497814, 1.836752, 0.455041, 1.381711, 5.526845, 8.359782, 6.881790
49.514717, 48.599503, 1.839633, 0.454127, 1.385506, 5.542024, 8.470623, 7.051202
48.725842, 48.612137, 1.839991, 0.454014, 1.385977, 5.543909, 8.581501, 7.222832
47.832603, 48.534184, 1.837783, 0.454714, 1.383069, 5.532275, 8.692146, 7.396675
47.556068, 48.436371, 1.835008, 0.455592, 1.379416, 5.517664, 8.802500, 7.572725
47.444149, 48.337151, 1.832188, 0.456481, 1.375706, 5.502826, 8.912557, 7.750977
47.750298, 48.278465, 1.830517, 0.457006, 1.373510, 5.494042, 9.022437, 7.931425
48.018070, 48.252426, 1.829775, 0.457239, 1.372536, 5.490142, 9.132240, 8.114070
47.820282, 48.209213, 1.828543, 0.457626, 1.370917, 5.483669, 9.241914, 8.298908
48.095314, 48.197823, 1.828218, 0.457727, 1.370490, 5.481962, 9.351553, 8.485939
48.668884, 48.244930, 1.829561, 0.457306, 1.372255, 5.489020, 9.461333, 8.675166
48.929928, 48.313431, 1.831513, 0.456694, 1.374819, 5.499276, 9.571319, 8.866592
48.402351, 48.322323, 1.831766, 0.456614, 1.375152, 5.500607, 9.681331, 9.060219
48.721729, 48.362263, 1.832902, 0.456256, 1.376646, 5.506583, 9.791462, 9.256048
48.927795, 48.418816, 1.834509, 0.455749, 1.378760, 5.515040, 9.901763, 9.454083
49.334923, 48.510426, 1.837110, 0.454928, 1.382182, 5.528728, 10.012338, 9.654330
48.785839, 48.537968, 1.837890, 0.454680, 1.383210, 5.532841, 10.122994, 9.856791
49.040775, 48.588249, 1.839315, 0.454228, 1.385086, 5.540345, 10.233801, 10.061466
48.607559, 48.590179, 1.839369, 0.454211, 1.385158, 5.540633, 10.344614, 10.268358
48.066715, 48.537834, 1.837887, 0.454681, 1.383205, 5.532821, 10.455271, 10.477464
48.493687, 48.533421, 1.837762, 0.454721, 1.383040, 5.532162, 10.565914, 10.688782
48.781124, 48.558189, 1.838463, 0.454499, 1.383965, 5.535859, 10.676631, 10.902314
48.469967, 48.549366, 1.838213, 0.454578, 1.383636, 5.534542, 10.787322, 11.118061
48.358051, 48.530235, 1.837671, 0.454750, 1.382921, 5.531686, 10.897956, 11.336020
49.059696, 48.583183, 1.839171, 0.454274, 1.384897, 5.539589, 11.008748, 11.556195
48.796345, 48.604500, 1.839775, 0.454082, 1.385692, 5.542769, 11.119603, 11.778587
48.790565, 48.623108, 1.840301, 0.453915, 1.386386, 5.545545, 11.230515, 12.003198
49.056000, 48.666397, 1.841526, 0.453526, 1.388000, 5.552000, 11.341555, 12.230029
48.813984, 48.681156, 1.841943, 0.453393, 1.388550, 5.554200, 11.452639, 12.459082
48.767056, 48.689747, 1.842186, 0.453315, 1.388870, 5.555481, 11.563748, 12.690356
48.797573, 48.700531, 1.842490, 0.453218, 1.389272, 5.557088, 11.674891, 12.923854
48.452721, 48.675751, 1.841790, 0.453441, 1.388349, 5.553394, 11.785958, 13.159573
48.071362, 48.615311, 1.840081, 0.453985, 1.386096, 5.544382, 11.896846, 13.397510
48.074909, 48.561272, 1.838551, 0.454471, 1.384080, 5.536319, 12.007572, 13.637661
48.666359, 48.571781, 1.838848, 0.454377, 1.384472, 5.537888, 12.118330, 13.880028
48.995289, 48.614132, 1.840047, 0.453996, 1.386052, 5.544206, 12.229214, 14.124612
48.726124, 48.625332, 1.840364, 0.453895, 1.386469, 5.545877, 12.340131, 14.371414
48.562069, 48.619007, 1.840185, 0.453952, 1.386233, 5.544933, 12.451030, 14.620435
49.286053, 48.685711, 1.842072, 0.453352, 1.388720, 5.554879, 12.562127, 14.871677
48.696037, 48.686745, 1.842101, 0.453342, 1.388758, 5.555033, 12.673227, 15.125142
48.617878, 48.679859, 1.841906, 0.453404, 1.388502, 5.554007, 12.784307, 15.380828
49.099983, 48.721870, 1.843093, 0.453026, 1.390067, 5.560267, 12.895513, 15.638739
49.103680, 48.760052, 1.844171, 0.452682, 1.391489, 5.565955, 13.006832, 15.898875
49.569492, 48.840996, 1.846453, 0.451952, 1.394501, 5.578003, 13.118392, 16.161243
49.339100, 48.890808, 1.847856, 0.451503, 1.396353, 5.585412, 13.230101, 16.425846
48.605213, 48.862247, 1.847052, 0.451760, 1.395291, 5.581164, 13.341724, 16.692680
48.781414, 48.854164, 1.846824, 0.451833, 1.394991, 5.579962, 13.453323, 16.961746
48.483704, 48.817120, 1.845780, 0.452168, 1.393613, 5.574450, 13.564813, 17.233042
49.453159, 48.880722, 1.847572, 0.451594, 1.395978, 5.583912, 13.676491, 17.506571
49.583244, 48.950974, 1.849548, 0.450959, 1.398589, 5.594355, 13.788378, 17.782339
49.151386, 48.971016, 1.850111, 0.450778, 1.399333, 5.597333, 13.900325, 18.060345
48.862942, 48.960209, 1.849807, 0.450876, 1.398932, 5.595727, 14.012239, 18.340590
49.548500, 49.019039, 1.851460, 0.450343, 1.401116, 5.604465, 14.124329, 18.623075
49.646671, 49.081802, 1.853221, 0.449775, 1.403445, 5.613781, 14.236605, 18.907808
49.216980, 49.095322, 1.853600, 0.449653, 1.403947, 5.615787, 14.348921, 19.194786
49.426933, 49.128483, 1.854529, 0.449352, 1.405176, 5.620705, 14.461335, 19.484013
49.236950, 49.139328, 1.854832, 0.449254, 1.405578, 5.622313, 14.573781, 19.775488
49.362083, 49.161602, 1.855456, 0.449052, 1.406404, 5.625615, 14.686294, 20.069214
49.359497, 49.181393, 1.856010, 0.448873, 1.407137, 5.628549, 14.798864, 20.365191
48.905697, 49.153824, 1.855238, 0.449123, 1.406116, 5.624462, 14.911354, 20.663418
49.086136, 49.147057, 1.855049, 0.449184, 1.405865, 5.623459, 15.023823, 20.963894
49.285294, 49.160881, 1.855436, 0.449059, 1.406377, 5.625508, 15.136333, 21.266621
49.274307, 49.172222, 1.855753, 0.448956, 1.406797, 5.627189, 15.248877, 21.571598
49.390545, 49.194054, 1.856364, 0.448758, 1.407606, 5.630424, 15.361485, 21.878828
49.481586, 49.222809, 1.857168, 0.448497, 1.408671, 5.634685, 15.474179, 22.188313
49.164154, 49.216942, 1.857004, 0.448550, 1.408454, 5.633816, 15.586856, 22.500050
49.290504, 49.224297, 1.857210, 0.448483, 1.408726, 5.634905, 15.699554, 22.814041
49.194233, 49.221291, 1.857126, 0.448511, 1.408615, 5.634460, 15.812243, 23.130285
49.531471, 49.252308, 1.857993, 0.448229, 1.409763, 5.639054, 15.925025, 23.448786
49.349785, 49.262054, 1.858265, 0.448141, 1.410124, 5.640497, 16.037834, 23.769543
49.343349, 49.270184, 1.858492, 0.448067, 1.410425, 5.641700, 16.150669, 24.092556
49.414921, 49.284657, 1.858896, 0.447935, 1.410961, 5.643843, 16.263546, 24.417828
49.337967, 49.289986, 1.859045, 0.447887, 1.411158, 5.644632, 16.376438, 24.745356
49.845982, 49.345585, 1.860596, 0.447382, 1.413215, 5.652859, 16.489496, 25.075146
50.016479, 49.412674, 1.862466, 0.446771, 1.415694, 5.662778, 16.602753, 25.407200
50.182941, 49.489700, 1.864609, 0.446070, 1.418539, 5.674158, 16.716236, 25.741524
50.088486, 49.549580, 1.866273, 0.445524, 1.420749, 5.682997, 16.829897, 26.078121
50.635273, 49.658150, 1.869285, 0.444533, 1.424752, 5.699008, 16.943876, 26.416998
51.741821, 49.866516, 1.875046, 0.442627, 1.432420, 5.729679, 17.058470, 26.758167
52.699715, 50.149837, 1.882840, 0.440025, 1.442815, 5.771260, 17.173895, 27.101645
54.547623, 50.589615, 1.894847, 0.435966, 1.458881, 5.835525, 17.290606, 27.447456
53.459484, 50.876602, 1.902622, 0.433303, 1.469319, 5.877277, 17.408152, 27.795620
54.023373, 51.191280, 1.911093, 0.430370, 1.480722, 5.922889, 17.526609, 28.146152
55.479458, 51.620098, 1.922542, 0.426353, 1.496189, 5.984756, 17.646305, 28.499079
53.417080, 51.799797, 1.927309, 0.424663, 1.502646, 6.010583, 17.766518, 28.854408
47.435909, 51.363407, 1.915701, 0.428761, 1.486941, 5.947762, 17.885473, 29.212118
41.072327, 50.334297, 1.887890, 0.438325, 1.449564, 5.798257, 18.001438, 29.572147
37.207500, 49.021618, 1.851532, 0.450320, 1.401212, 5.604848, 18.113535, 29.934418
32.332157, 47.352673, 1.803906, 0.465228, 1.338678, 5.354713, 18.220629, 30.298830
25.020617, 45.119469, 1.737792, 0.484557, 1.253235, 5.012939, 18.320887, 30.665247
20.729301, 42.680450, 1.662572, 0.504825, 1.157747, 4.630987, 18.413506, 31.033518
18.709944, 40.283401, 1.585710, 0.523853, 1.061857, 4.247428, 18.498455, 31.403486
16.313852, 37.886448, 1.506077, 0.541964, 0.964113, 3.856452, 18.575584, 31.774998
11.443456, 35.242149, 1.415174, 0.560842, 0.854332, 3.417328, 18.643930, 32.147877
8.085875, 32.526524, 1.318685, 0.578986, 0.739699, 2.958795, 18.703106, 32.521938
4.250484, 29.698919, 1.215072, 0.596496, 0.618576, 2.474306, 18.752592, 32.896992
-0.222440, 26.706783, 1.102214, 0.613442, 0.488773, 1.955091, 18.791695, 33.272827
-1.594379, 23.876667, 0.992697, 0.992697, 0.000000, 0.000000, 18.791695, 33.648663
-8.692440, 20.619757, 0.863683, 0.863683, 0.000000, 0.000000, 18.791695, 34.024498
0.786252, 18.636406, 0.783724, 0.783724, 0.000000, 0.000000, 18.791695, 34.400333
-0.425177, 16.730247, 0.705992, 0.705992, 0.000000, 0.000000, 18.791695, 34.776169
-0.080038, 15.049219, 0.636788, 0.636788, 0.000000, 0.000000, 18.791695, 35.152004
0.200582, 13.564356, 0.575203, 0.575203, 0.000000, 0.000000, 18.791695, 35.527840
-0.784174, 12.129503, 0.515324, 0.515324, 0.000000, 0.000000, 18.791695, 35.903675
0.709034, 10.987456, 0.467432, 0.467432, 0.000000, 0.000000, 18.791695, 36.279510
-0.080663, 9.880645, 0.420840, 0.420840, 0.000000, 0.000000, 18.791695, 36.655346
-5.489632, 8.343617, 0.355881, 0.355881, 0.000000, 0.000000, 18.791695, 37.031181
0.255213, 7.534777, 0.321591, 0.321591, 0.000000, 0.000000, 18.791695, 37.407017
0.080343, 6.789334, 0.289932, 0.289932, 0.000000, 0.000000, 18.791695, 37.782852
0.171441, 6.127544, 0.261785, 0.261785, 0.000000, 0.000000, 18.791695, 38.158688
0.069393, 5.521729, 0.235988, 0.235988, 0.000000, 0.000000, 18.791695, 38.534523
0.251747, 4.994731, 0.213525, 0.213525, 0.000000, 0.000000, 18.791695, 38.910358
0.274962, 4.522755, 0.193392, 0.193392, 0.000000, 0.000000, 18.791695, 39.286194
0.126913, 4.083170, 0.174629, 0.174629, 0.000000, 0.000000, 18.791695, 39.662029
0.184341, 3.693288, 0.157979, 0.157979, 0.000000, 0.000000, 18.791695, 40.037865
0.034634, 3.327422, 0.142348, 0.142348, 0.000000, 0.000000, 18.791695, 40.413700
-0.046113, 2.990069, 0.127929, 0.127929, 0.000000, 0.000000, 18.791695, 40.789536
0.022914, 2.693353, 0.115244, 0.115244, 0.000000, 0.000000, 18.791695, 41.165371
0.114729, 2.435491, 0.104218, 0.104218, 0.000000, 0.000000, 18.791695, 41.541206
0.126684, 2.204610, 0.094343, 0.094343, 0.000000, 0.000000, 18.791695, 41.917042
0.103922, 1.994541, 0.085358, 0.085358, 0.000000, 0.000000, 18.791695, 42.292877
-0.115492, 1.783538, 0.076331, 0.076331, 0.000000, 0.000000, 18.791695, 42.668713
0.403403, 1.645525, 0.070426, 0.070426, 0.000000, 0.000000, 18.791695, 43.044548
0.092693, 1.490241, 0.063781, 0.063781, 0.000000, 0.000000, 18.791695, 43.420383
0.207217, 1.361939, 0.058291, 0.058291, 0.000000, 0.000000, 18.791695, 43.796219
0.254646, 1.251209, 0.053553, 0.053553, 0.000000, 0.000000, 18.791695, 44.172054
0.206636, 1.146752, 0.049083, 0.049083, 0.000000, 0.000000, 18.791695, 44.547890
0.185123, 1.050589, 0.044967, 0.044967, 0.000000, 0.000000, 18.791695, 44.923725
0.242679, 0.969798, 0.041509, 0.041509, 0.000000, 0.000000, 18.791695, 45.299561
0.103588, 0.883177, 0.037802, 0.037802, 0.000000, 0.000000, 18.791695, 45.675396
0.207592, 0.815619, 0.034911, 0.034911, 0.000000, 0.000000, 18.791695, 46.051231
0.471039, 0.781161, 0.033436, 0.033436, 0.000000, 0.000000, 18.791695, 46.427067
0.069198, 0.709964, 0.030389, 0.030389, 0.000000, 0.000000, 18.791695, 46.802902
0.471039, 0.686072, 0.029366, 0.029366, 0.000000, 0.000000, 18.791695, 47.178738
0.184750, 0.635940, 0.027220, 0.027220, 0.000000, 0.000000, 18.791695, 47.554573
0.104069, 0.582753, 0.024944, 0.024944, 0.000000, 0.000000, 18.791695, 47.930408
0.219169, 0.546394, 0.023388, 0.023388, 0.000000, 0.000000, 18.791695, 48.306244
0.401787, 0.531933, 0.022769, 0.022769, 0.000000, 0.000000, 18.791695, 48.682079
0.092956, 0.488036, 0.020890, 0.020890, 0.000000, 0.000000, 18.791695, 49.057915
0.404624, 0.479695, 0.020533, 0.020533, 0.000000, 0.000000, 18.791695, 49.433750
0.000000, 0.431725, 0.018479, 0.018479, 0.000000, 0.000000, 18.791695, 49.809586
0.252960, 0.413849, 0.017714, 0.017714, 0.000000, 0.000000, 18.791695, 50.185421
0.057549, 0.378219, 0.016189, 0.016189, 0.000000, 0.000000, 18.791695, 50.561256
0.127581, 0.353155, 0.015116, 0.015116, 0.000000, 0.000000, 18.791695, 50.937092
0.172231, 0.335062, 0.014342, 0.014342, 0.000000, 0.000000, 18.791695, 51.312927
0.218334, 0.323390, 0.013842, 0.013842, 0.000000, 0.000000, 18.791695, 51.688763
0.000000, 0.291051, 0.012458, 0.012458, 0.000000, 0.000000, 18.791695, 52.064598
0.149627, 0.276908, 0.011853, 0.011853, 0.000000, 0.000000, 18.791695, 52.440434
0.218115, 0.271029, 0.011601, 0.011601, 0.000000, 0.000000, 18.791695, 52.816269
0.104216, 0.254348, 0.010887, 0.010887, 0.000000, 0.000000, 18.791695, 53.192104
0.161493, 0.245062, 0.010490, 0.010490, 0.000000, 0.000000, 18.791695, 53.567940
0.300398, 0.250596, 0.010727, 0.010727, 0.000000, 0.000000, 18.791695, 53.943775
0.277124, 0.253249, 0.010840, 0.010840, 0.000000, 0.000000, 18.791695, 54.319611
0.253723, 0.253296, 0.010842, 0.010842, 0.000000, 0.000000, 18.791695, 54.695446
0.057816, 0.233748, 0.010005, 0.010005, 0.000000, 0.000000, 18.791695, 55.071281
0.368160, 0.247189, 0.010581, 0.010581, 0.000000, 0.000000, 18.791695, 55.447117
0.461308, 0.268601, 0.011497, 0.011497, 0.000000, 0.000000, 18.791695, 55.822952
0.451868, 0.286928, 0.012282, 0.012282, 0.000000, 0.000000, 18.791695, 56.198788
0.332046, 0.291440, 0.012475, 0.012475, 0.000000, 0.000000, 18.791695, 56.574623
0.138312, 0.276127, 0.011819, 0.011819, 0.000000, 0.000000, 18.791695, 56.950459
0.139208, 0.262435, 0.011233, 0.011233, 0.000000, 0.000000, 18.791695, 57.326294
0.080391, 0.244231, 0.010454, 0.010454, 0.000000, 0.000000, 18.791695, 57.702129
0.184638, 0.238271, 0.010199, 0.010199, 0.000000, 0.000000, 18.791695, 58.077965
0.310387, 0.245483, 0.010508, 0.010508, 0.000000, 0.000000, 18.791695, 58.453800
0.220055, 0.242940, 0.010399, 0.010399, 0.000000, 0.000000, 18.791695, 58.829636
0.046244, 0.223270, 0.009557, 0.009557, 0.000000, 0.000000, 18.791695, 59.205471
-0.069114, 0.194032, 0.008305, 0.008305, 0.000000, 0.000000, 18.791695, 59.581306
0.069365, 0.181565, 0.007772, 0.007772, 0.000000, 0.000000, 18.791695, 59.957142
0.069100, 0.170319, 0.007290, 0.007290, 0.000000, 0.000000, 18.791695, 60.332977
0.126658, 0.165953, 0.007103, 0.007103, 0.000000, 0.000000, 18.791695, 60.708813
0.011503, 0.150508, 0.006442, 0.006442, 0.000000, 0.000000, 18.791695, 61.084648
0.092060, 0.144663, 0.006192, 0.006192, 0.000000, 0.000000, 18.791695, 61.460484
0.323245, 0.162521, 0.006957, 0.006957, 0.000000, 0.000000, 18.791695, 61.836319
0.507539, 0.197023, 0.008433, 0.008433, 0.000000, 0.000000, 18.791695, 62.212154
0.231590, 0.200480, 0.008581, 0.008581, 0.000000, 0.000000, 18.791695, 62.587990
0.287511, 0.209183, 0.008954, 0.008954, 0.000000, 0.000000, 18.791695, 62.963825
0.461308, 0.234395, 0.010033, 0.010033, 0.000000, 0.000000, 18.791695, 63.339661
0.011535, 0.212109, 0.009079, 0.009079, 0.000000, 0.000000, 18.791695, 63.715496
-0.057700, 0.185128, 0.007924, 0.007924, 0.000000, 0.000000, 18.791695, 64.091331
0.161852, 0.182801, 0.007825, 0.007825, 0.000000, 0.000000, 18.791695, 64.467163
0.103880, 0.174909, 0.007487, 0.007487, 0.000000, 0.000000, 18.791695, 64.842995
0.439305, 0.201348, 0.008619, 0.008619, 0.000000, 0.000000, 18.791695, 65.218826
0.034509, 0.184664, 0.007904, 0.007904, 0.000000, 0.000000, 18.791695, 65.594658
0.355870, 0.201785, 0.008637, 0.008637, 0.000000, 0.000000, 18.791695, 65.970490
0.414345, 0.223041, 0.009547, 0.009547, 0.000000, 0.000000, 18.791695, 66.346321
0.612579, 0.261995, 0.011214, 0.011214, 0.000000, 0.000000, 18.791695, 66.722153
0.194377, 0.255233, 0.010925, 0.010925, 0.000000, 0.000000, 18.791695, 67.097984
-0.057124, 0.223997, 0.009588, 0.009588, 0.000000, 0.000000, 18.791695, 67.473816
0.285278, 0.230125, 0.009850, 0.009850, 0.000000, 0.000000, 18.791695, 67.849648
-0.023225, 0.204790, 0.008766, 0.008766, 0.000000, 0.000000, 18.791695, 68.225479
0.184601, 0.202771, 0.008679, 0.008679, 0.000000, 0.000000, 18.791695, 68.601311
0.000000, 0.182494, 0.007812, 0.007812, 0.000000, 0.000000, 18.791695, 68.977142
0.011533, 0.165398, 0.007080, 0.007080, 0.000000, 0.000000, 18.791695, 69.352974
-0.069170, 0.141941, 0.006076, 0.006076, 0.000000, 0.000000, 18.791695, 69.728806
0.115515, 0.139299, 0.005963, 0.005963, 0.000000, 0.000000, 18.791695, 70.104637
0.552675, 0.180636, 0.007732, 0.007732, 0.000000, 0.000000, 18.791695, 70.480469
0.207802, 0.183353, 0.007848, 0.007848, 0.000000, 0.000000, 18.791695, 70.856300
0.242826, 0.189300, 0.008103, 0.008103, 0.000000, 0.000000, 18.791695, 71.232132
0.068810, 0.177251, 0.007587, 0.007587, 0.000000, 0.000000, 18.791695, 71.607964
0.333646, 0.192891, 0.008257, 0.008257, 0.000000, 0.000000, 18.791695, 71.983795
0.267409, 0.200342, 0.008575, 0.008575, 0.000000, 0.000000, 18.791695, 72.359627
0.161137, 0.196422, 0.008408, 0.008408, 0.000000, 0.000000, 18.791695, 72.735458
0.440460, 0.220826, 0.009452, 0.009452, 0.000000, 0.000000, 18.791695, 73.111290
0.103985, 0.209142, 0.008952, 0.008952, 0.000000, 0.000000, 18.791695, 73.487122
-0.034536, 0.184774, 0.007909, 0.007909, 0.000000, 0.000000, 18.791695, 73.862953
0.229733, 0.189270, 0.008102, 0.008102, 0.000000, 0.000000, 18.791695, 74.238785
0.069226, 0.177265, 0.007588, 0.007588, 0.000000, 0.000000, 18.791695, 74.614616
0.313152, 0.190854, 0.008169, 0.008169, 0.000000, 0.000000, 18.791695, 74.990448
0.322984, 0.204067, 0.008735, 0.008735, 0.000000, 0.000000, 18.791695, 75.366280
0.206801, 0.204340, 0.008747, 0.008747, 0.000000, 0.000000, 18.791695, 75.742111
0.266221, 0.210528, 0.009011, 0.009011, 0.000000, 0.000000, 18.791695, 76.117943
-0.069576, 0.182518, 0.007813, 0.007813, 0.000000, 0.000000, 18.791695, 76.493774
0.494016, 0.213668, 0.009146, 0.009146, 0.000000, 0.000000, 18.791695, 76.869606
-0.160910, 0.176210, 0.007543, 0.007543, 0.000000, 0.000000, 18.791695, 77.245438
0.218334, 0.180422, 0.007723, 0.007723, 0.000000, 0.000000, 18.791695, 77.621269
0.138786, 0.176259, 0.007545, 0.007545, 0.000000, 0.000000, 18.791695, 77.997101
0.743316, 0.232964, 0.009972, 0.009972, 0.000000, 0.000000, 18.791695, 78.372932
0.206677, 0.230336, 0.009859, 0.009859, 0.000000, 0.000000, 18.791695, 78.748764
-0.126227, 0.194679, 0.008333, 0.008333, 0.000000, 0.000000, 18.791695, 79.124596
0.080975, 0.183309, 0.007846, 0.007846, 0.000000, 0.000000, 18.791695, 79.500427
0.023140, 0.167292, 0.007161, 0.007161, 0.000000, 0.000000, 18.791695, 79.876259
0.265791, 0.177142, 0.007582, 0.007582, 0.000000, 0.000000, 18.791695, 80.252090
0.231731, 0.182601, 0.007816, 0.007816, 0.000000, 0.000000, 18.791695, 80.627922
0.230195, 0.187360, 0.008020, 0.008020, 0.000000, 0.000000, 18.791695, 81.003754
0.068906, 0.175515, 0.007513, 0.007513, 0.000000, 0.000000, 18.791695, 81.379585
-0.046160, 0.153347, 0.006564, 0.006564, 0.000000, 0.000000, 18.791695, 81.755417
0.390934, 0.177106, 0.007581, 0.007581, 0.000000, 0.000000, 18.791695, 82.131248
-0.022969, 0.157099, 0.006724, 0.006724, 0.000000, 0.000000, 18.791695, 82.507080
0.298592, 0.171248, 0.007330, 0.007330, 0.000000, 0.000000, 18.791695, 82.882912
0.333579, 0.187481, 0.008025, 0.008025, 0.000000, 0.000000, 18.791695, 83.258743
0.391799, 0.207913, 0.008900, 0.008900, 0.000000, 0.000000, 18.791695, 83.634575
0.288032, 0.215925, 0.009242, 0.009242, 0.000000, 0.000000, 18.791695, 84.010406
0.277012, 0.222033, 0.009504, 0.009504, 0.000000, 0.000000, 18.791695, 84.386238
0.264830, 0.226313, 0.009687, 0.009687, 0.000000, 0.000000, 18.791695, 84.762070
0.322400, 0.235922, 0.010098, 0.010098, 0.000000, 0.000000, 18.791695, 85.137901
0.277515, 0.240081, 0.010276, 0.010276, 0.000000, 0.000000, 18.791695, 85.513733
0.150140, 0.231087, 0.009891, 0.009891, 0.000000, 0.000000, 18.791695, 85.889565
-0.022946, 0.205684, 0.008804, 0.008804, 0.000000, 0.000000, 18.791695, 86.265396
0.161137, 0.201229, 0.008613, 0.008613, 0.000000, 0.000000, 18.791695, 86.641228
-0.011505, 0.179956, 0.007703, 0.007703, 0.000000, 0.000000, 18.791695, 87.017059
0.011505, 0.163111, 0.006982, 0.006982, 0.000000, 0.000000, 18.791695, 87.392891
0.229273, 0.169727, 0.007265, 0.007265, 0.000000, 0.000000, 18.791695, 87.768723
0.252504, 0.178004, 0.007619, 0.007619, 0.000000, 0.000000, 18.791695, 88.144554
0.218378, 0.182042, 0.007792, 0.007792, 0.000000, 0.000000, 18.791695, 88.520386
0.368604, 0.200698, 0.008591, 0.008591, 0.000000, 0.000000, 18.791695, 88.896217
0.644262, 0.245054, 0.010489, 0.010489, 0.000000, 0.000000, 18.791695, 89.272049
0.333981, 0.253947, 0.010870, 0.010870, 0.000000, 0.000000, 18.791695, 89.647881
0.566122, 0.285165, 0.012206, 0.012206, 0.000000, 0.000000, 18.791695, 90.023712
0.205975, 0.277246, 0.011867, 0.011867, 0.000000, 0.000000, 18.791695, 90.399544
0.275513, 0.277072, 0.011860, 0.011860, 0.000000, 0.000000, 18.791695, 90.775375
0.000000, 0.249365, 0.010674, 0.010674, 0.000000, 0.000000, 18.791695, 91.151207
0.301371, 0.254566, 0.010896, 0.010896, 0.000000, 0.000000, 18.791695, 91.527039
0.138590, 0.242968, 0.010400, 0.010400, 0.000000, 0.000000, 18.791695, 91.902870
0.242973, 0.242969, 0.010400, 0.010400, 0.000000, 0.000000, 18.791695, 92.278702
-0.046244, 0.214047, 0.009162, 0.009162, 0.000000, 0.000000, 18.791695, 92.654533
0.151176, 0.207760, 0.008893, 0.008893, 0.000000, 0.000000, 18.791695, 93.030365
0.424745, 0.229459, 0.009822, 0.009822, 0.000000, 0.000000, 18.791695, 93.406197
0.138367, 0.220350, 0.009432, 0.009432, 0.000000, 0.000000, 18.791695, 93.782028
0.381042, 0.236419, 0.010120, 0.010120, 0.000000, 0.000000, 18.791695, 94.157860
0.389605, 0.251737, 0.010775, 0.010775, 0.000000, 0.000000, 18.791695, 94.533691
0.080407, 0.234604, 0.010042, 0.010042, 0.000000, 0.000000, 18.791695, 94.909523
0.115539, 0.222698, 0.009532, 0.009532, 0.000000, 0.000000, 18.791695, 95.285355
0.149807, 0.215409, 0.009220, 0.009220, 0.000000, 0.000000, 18.791695, 95.661186
0.126607, 0.206529, 0.008840, 0.008840, 0.000000, 0.000000, 18.791695, 96.037018
0.379132, 0.223789, 0.009579, 0.009579, 0.000000, 0.000000, 18.791695, 96.412849
0.023033, 0.203713, 0.008720, 0.008720, 0.000000, 0.000000, 18.791695, 96.788681
0.069463, 0.190288, 0.008145, 0.008145, 0.000000, 0.000000, 18.791695, 97.164513
0.346752, 0.205935, 0.008815, 0.008815, 0.000000, 0.000000, 18.791695, 97.540344
0.321303, 0.217472, 0.009309, 0.009309, 0.000000, 0.000000, 18.791695, 97.916176
0.127247, 0.208449, 0.008922, 0.008922, 0.000000, 0.000000, 18.791695, 98.292007
0.185310, 0.206135, 0.008823, 0.008823, 0.000000, 0.000000, 18.791695, 98.667839
0.115329, 0.197055, 0.008435, 0.008435, 0.000000, 0.000000, 18.791695, 99.043671
0.241075, 0.201457, 0.008623, 0.008623, 0.000000, 0.000000, 18.791695, 99.419502
-0.149028, 0.166408, 0.007123, 0.007123, 0.000000, 0.000000, 18.791695, 99.795334
0.286304, 0.178398, 0.007636, 0.007636, 0.000000, 0.000000, 18.791695, 100.171165
0.357445, 0.196302, 0.008403, 0.008403, 0.000000, 0.000000, 18.791695, 100.546997
0.092375, 0.185910, 0.007958, 0.007958, 0.000000, 0.000000, 18.791695, 100.922829
0.195823, 0.186901, 0.008000, 0.008000, 0.000000, 0.000000, 18.791695, 101.298660
-0.057503, 0.162461, 0.006954, 0.006954, 0.000000, 0.000000, 18.791695, 101.674492
0.150504, 0.161265, 0.006903, 0.006903, 0.000000, 0.000000, 18.791695, 102.050323
0.299192, 0.175058, 0.007493, 0.007493, 0.000000, 0.000000, 18.791695, 102.426155
0.207300, 0.178282, 0.007631, 0.007631, 0.000000, 0.000000, 18.791695, 102.801987
0.148939, 0.175348, 0.007506, 0.007506, 0.000000, 0.000000, 18.791695, 103.177818
0.057618, 0.163575, 0.007002, 0.007002, 0.000000, 0.000000, 18.791695, 103.553650
0.195352, 0.166752, 0.007138, 0.007138, 0.000000, 0.000000, 18.791695, 103.929482
0.207384, 0.170816, 0.007312, 0.007312, 0.000000, 0.000000, 18.791695, 104.305313
0.196534, 0.173387, 0.007422, 0.007422, 0.000000, 0.000000, 18.791695, 104.681145
0.185310, 0.174580, 0.007473, 0.007473, 0.000000, 0.000000, 18.791695, 105.056976
0.230380, 0.180160, 0.007712, 0.007712, 0.000000, 0.000000, 18.791695, 105.432808
0.195626, 0.181706, 0.007778, 0.007778, 0.000000, 0.000000, 18.791695, 105.808640
0.379589, 0.201495, 0.008625, 0.008625, 0.000000, 0.000000, 18.791695, 106.184471
0.218949, 0.203240, 0.008700, 0.008700, 0.000000, 0.000000, 18.791695, 106.560303
0.068837, 0.189800, 0.008124, 0.008124, 0.000000, 0.000000, 18.791695, 106.936134
0.312078, 0.202028, 0.008648, 0.008648, 0.000000, 0.000000, 18.791695, 107.311966
0.289253, 0.210750, 0.009021, 0.009021, 0.000000, 0.000000, 18.791695, 107.687798
-0.034760, 0.186199, 0.007970, 0.007970, 0.000000, 0.000000, 18.791695, 108.063629
0.449234, 0.212503, 0.009096, 0.009096, 0.000000, 0.000000, 18.791695, 108.439461
0.218993, 0.213152, 0.009124, 0.009124, 0.000000, 0.000000, 18.791695, 108.815292
0.114500, 0.203286, 0.008701, 0.008701, 0.000000, 0.000000, 18.791695, 109.191124
0.057284, 0.188686, 0.008077, 0.008077, 0.000000, 0.000000, 18.791695, 109.566956
0.219656, 0.191783, 0.008209, 0.008209, 0.000000, 0.000000, 18.791695, 109.942787
-0.068741, 0.165731, 0.007094, 0.007094, 0.000000, 0.000000, 18.791695, 110.318619
0.228907, 0.172048, 0.007364, 0.007364, 0.000000, 0.000000, 18.791695, 110.694450
0.196653, 0.174509, 0.007470, 0.007470, 0.000000, 0.000000, 18.791695, 111.070282
0.046337, 0.161692, 0.006921, 0.006921, 0.000000, 0.000000, 18.791695, 111.446114
0.172750, 0.162798, 0.006968, 0.006968, 0.000000, 0.000000, 18.791695, 111.821945
0.242288, 0.170747, 0.007309, 0.007309, 0.000000, 0.000000, 18.791695, 112.197777
0.173238, 0.170996, 0.007319, 0.007319, 0.000000, 0.000000, 18.791695, 112.573608
0.160781, 0.169974, 0.007276, 0.007276, 0.000000, 0.000000, 18.791695, 112.949440
0.380812, 0.191058, 0.008178, 0.008178, 0.000000, 0.000000, 18.791695, 113.325272
0.240785, 0.196031, 0.008391, 0.008391, 0.000000, 0.000000, 18.791695, 113.701103
0.102824, 0.186710, 0.007992, 0.007992, 0.000000, 0.000000, 18.791695, 114.076935
0.322789, 0.200318, 0.008574, 0.008574, 0.000000, 0.000000, 18.791695, 114.452766
0.196257, 0.199912, 0.008557, 0.008557, 0.000000, 0.000000, 18.791695, 114.828598
0.126684, 0.192589, 0.008244, 0.008244, 0.000000, 0.000000, 18.791695, 115.204430
-0.092245, 0.164106, 0.007024, 0.007024, 0.000000, 0.000000, 18.791695, 115.580261
0.184899, 0.166185, 0.007113, 0.007113, 0.000000, 0.000000, 18.791695, 115.956093
0.207802, 0.170347, 0.007292, 0.007292, 0.000000, 0.000000, 18.791695, 116.331924
0.046328, 0.157945, 0.006761, 0.006761, 0.000000, 0.000000, 18.791695, 116.707756
0.320981, 0.174248, 0.007459, 0.007459, 0.000000, 0.000000, 18.791695, 117.083588
0.173238, 0.174147, 0.007454, 0.007454, 0.000000, 0.000000, 18.791695, 117.459419
-0.011535, 0.155579, 0.006659, 0.006659, 0.000000, 0.000000, 18.791695, 117.835251
0.023066, 0.142328, 0.006092, 0.006092, 0.000000, 0.000000, 18.791695, 118.211082
0.299432, 0.158038, 0.006765, 0.006765, 0.000000, 0.000000, 18.791695, 118.586914
0.207760, 0.163010, 0.006978, 0.006978, 0.000000, 0.000000, 18.791695, 118.962746
0.219213, 0.168631, 0.007218, 0.007218, 0.000000, 0.000000, 18.791695, 119.338577
0.277851, 0.179553, 0.007686, 0.007686, 0.000000, 0.000000, 18.791695, 119.714409
0.069184, 0.168516, 0.007213, 0.007213, 0.000000, 0.000000, 18.791695, 120.090240
0.114477, 0.163112, 0.006982, 0.006982, 0.000000, 0.000000, 18.791695, 120.466072
0.380123, 0.184813, 0.007911, 0.007911, 0.000000, 0.000000, 18.791695, 120.841904
0.149687, 0.181300, 0.007760, 0.007760, 0.000000, 0.000000, 18.791695, 121.217735
0.333044, 0.196475, 0.008410, 0.008410, 0.000000, 0.000000, 18.791695, 121.593567
-0.126709, 0.164156, 0.007027, 0.007027, 0.000000, 0.000000, 18.791695, 121.969398
0.299132, 0.177654, 0.007604, 0.007604, 0.000000, 0.000000, 18.791695, 122.345230
0.138423, 0.173731, 0.007436, 0.007436, 0.000000, 0.000000, 18.791695, 122.721062
0.230565, 0.179414, 0.007680, 0.007680, 0.000000, 0.000000, 18.791695, 123.096893
0.323114, 0.193784, 0.008295, 0.008295, 0.000000, 0.000000, 18.791695, 123.472725
0.300580, 0.204464, 0.008752, 0.008752, 0.000000, 0.000000, 18.791695, 123.848557
0.333780, 0.217395, 0.009305, 0.009305, 0.000000, 0.000000, 18.791695, 124.224388
0.277908, 0.223447, 0.009564, 0.009564, 0.000000, 0.000000, 18.791695, 124.600220
-0.022937, 0.198808, 0.008510, 0.008510, 0.000000, 0.000000, 18.791695, 124.976051
0.093088, 0.188236, 0.008057, 0.008057, 0.000000, 0.000000, 18.791695, 125.351883
0.355158, 0.204929, 0.008772, 0.008772, 0.000000, 0.000000, 18.791695, 125.727715
0.264511, 0.210887, 0.009027, 0.009027, 0.000000, 0.000000, 18.791695, 126.103546
0.046123, 0.194410, 0.008322, 0.008322, 0.000000, 0.000000, 18.791695, 126.479378
0.161461, 0.191115, 0.008181, 0.008181, 0.000000, 0.000000, 18.791695, 126.855209
0.403322, 0.212336, 0.009089, 0.009089, 0.000000, 0.000000, 18.791695, 127.231041
0.150261, 0.206128, 0.008823, 0.008823, 0.000000, 0.000000, 18.791695, 127.606873
0.219125, 0.207428, 0.008879, 0.008879, 0.000000, 0.000000, 18.791695, 127.982704
0.230010, 0.209686, 0.008975, 0.008975, 0.000000, 0.000000, 18.791695, 128.358536
0.240881, 0.212806, 0.009109, 0.009109, 0.000000, 0.000000, 18.791695, 128.734375
0.046272, 0.196152, 0.008396, 0.008396, 0.000000, 0.000000, 18.791695, 129.110214
0.092078, 0.185745, 0.007951, 0.007951, 0.000000, 0.000000, 18.791695, 129.486053
0.184564, 0.185627, 0.007946, 0.007946, 0.000000, 0.000000, 18.791695, 129.861893
0.289370, 0.196001, 0.008390, 0.008390, 0.000000, 0.000000, 18.791695, 130.237732
0.299432, 0.206344, 0.008832, 0.008832, 0.000000, 0.000000, 18.791695, 130.613571
0.173798, 0.203090, 0.008693, 0.008693, 0.000000, 0.000000, 18.791695, 130.989410
0.300580, 0.212839, 0.009110, 0.009110, 0.000000, 0.000000, 18.791695, 131.365250
-0.057607, 0.185794, 0.007953, 0.007953, 0.000000, 0.000000, 18.791695, 131.741089
-0.081073, 0.159107, 0.006810, 0.006810, 0.000000, 0.000000, 18.791695, 132.116928
-0.068645, 0.136332, 0.005836, 0.005836, 0.000000, 0.000000, 18.791695, 132.492767
0.300945, 0.152793, 0.006540, 0.006540, 0.000000, 0.000000, 18.791695, 132.868607
0.231590, 0.160673, 0.006877, 0.006877, 0.000000, 0.000000, 18.791695, 133.244446
0.172059, 0.161812, 0.006926, 0.006926, 0.000000, 0.000000, 18.791695, 133.620285
0.367717, 0.182402, 0.007808, 0.007808, 0.000000, 0.000000, 18.791695, 133.996124
-0.126252, 0.151537, 0.006486, 0.006486, 0.000000, 0.000000, 18.791695, 134.371964
0.217853, 0.158168, 0.006770, 0.006770, 0.000000, 0.000000, 18.791695, 134.747803
0.469909, 0.189342, 0.008105, 0.008105, 0.000000, 0.000000, 18.791695, 135.123642
0.115005, 0.181909, 0.007786, 0.007786, 0.000000, 0.000000, 18.791695, 135.499481
0.253265, 0.189044, 0.008092, 0.008092, 0.000000, 0.000000, 18.791695, 135.875320
0.404869, 0.210627, 0.009016, 0.009016, 0.000000, 0.000000, 18.791695, 136.251160
0.309890, 0.220553, 0.009441, 0.009441, 0.000000, 0.000000, 18.791695, 136.626999
0.161558, 0.214654, 0.009188, 0.009188, 0.000000, 0.000000, 18.791695, 137.002838
0.127170, 0.205905, 0.008814, 0.008814, 0.000000, 0.000000, 18.791695, 137.378677
0.057445, 0.191059, 0.008178, 0.008178, 0.000000, 0.000000, 18.791695, 137.754517
0.252757, 0.197229, 0.008442, 0.008442, 0.000000, 0.000000, 18.791695, 138.130356
-0.080520, 0.169454, 0.007253, 0.007253, 0.000000, 0.000000, 18.791695, 138.506195
0.206677, 0.173176, 0.007413, 0.007413, 0.000000, 0.000000, 18.791695, 138.882034
0.242777, 0.180136, 0.007711, 0.007711, 0.000000, 0.000000, 18.791695, 139.257874
0.230148, 0.185138, 0.007925, 0.007925, 0.000000, 0.000000, 18.791695, 139.633713
0.393540, 0.205978, 0.008817, 0.008817, 0.000000, 0.000000, 18.791695, 140.009552
0.413680, 0.226748, 0.009706, 0.009706, 0.000000, 0.000000, 18.791695, 140.385391
-0.069253, 0.197148, 0.008439, 0.008439, 0.000000, 0.000000, 18.791695, 140.761230
0.196852, 0.197118, 0.008437, 0.008437, 0.000000, 0.000000, 18.791695, 141.137070
0.309642, 0.208371, 0.008919, 0.008919, 0.000000, 0.000000, 18.791695, 141.512909
0.185123, 0.206046, 0.008820, 0.008820, 0.000000, 0.000000, 18.791695, 141.888748
0.431225, 0.228564, 0.009783, 0.009783, 0.000000, 0.000000, 18.791695, 142.264587
0.310824, 0.236790, 0.010136, 0.010136, 0.000000, 0.000000, 18.791695, 142.640427
0.267192, 0.239830, 0.010266, 0.010266, 0.000000, 0.000000, 18.791695, 143.016266
0.046234, 0.220470, 0.009437, 0.009437, 0.000000, 0.000000, 18.791695, 143.392105
0.208558, 0.219279, 0.009386, 0.009386, 0.000000, 0.000000, 18.791695, 143.767944
0.206801, 0.218031, 0.009333, 0.009333, 0.000000, 0.000000, 18.791695, 144.143784
-0.022996, 0.193929, 0.008301, 0.008301, 0.000000, 0.000000, 18.791695, 144.519623
0.276067, 0.202142, 0.008653, 0.008653, 0.000000, 0.000000, 18.791695, 144.895462
0.277852, 0.209713, 0.008977, 0.008977, 0.000000, 0.000000, 18.791695, 145.271301
0.276566, 0.216399, 0.009263, 0.009263, 0.000000, 0.000000, 18.791695, 145.647141
0.231123, 0.217871, 0.009326, 0.009326, 0.000000, 0.000000, 18.791695, 146.022980
0.416100, 0.237694, 0.010174, 0.010174, 0.000000, 0.000000, 18.791695, 146.398819
0.103692, 0.224294, 0.009601, 0.009601, 0.000000, 0.000000, 18.791695, 146.774658
0.092171, 0.211082, 0.009035, 0.009035, 0.000000, 0.000000, 18.791695, 147.150497
0.150534, 0.205027, 0.008776, 0.008776, 0.000000, 0.000000, 18.791695, 147.526337
0.426626, 0.227187, 0.009725, 0.009725, 0.000000, 0.000000, 18.791695, 147.902176
0.207425, 0.225211, 0.009640, 0.009640, 0.000000, 0.000000, 18.791695, 148.278015
0.219390, 0.224628, 0.009615, 0.009615, 0.000000, 0.000000, 18.791695, 148.653854
0.381581, 0.240324, 0.010287, 0.010287, 0.000000, 0.000000, 18.791695, 149.029694
0.365955, 0.252887, 0.010825, 0.010825, 0.000000, 0.000000, 18.791695, 149.405533
0.217636, 0.249362, 0.010674, 0.010674, 0.000000, 0.000000, 18.791695, 149.781372
