0.078811, 0.007881, 0.000337, 0.000007, 0.000000
-0.034460, 0.003647, 0.000156, 0.000010, 0.000000
0.011587, 0.004441, 0.000190, 0.000014, 0.000001
0.276233, 0.031620, 0.001353, 0.000041, 0.000001
-0.023168, 0.026141, 0.001119, 0.000063, 0.000003
-0.023281, 0.021199, 0.000907, 0.000081, 0.000004
0.265363, 0.045615, 0.001953, 0.000120, 0.000007
0.290603, 0.070114, 0.003001, 0.000180, 0.000010
0.186250, 0.081728, 0.003498, 0.000250, 0.000015
0.475423, 0.121097, 0.005183, 0.000354, 0.000022
0.115913, 0.120579, 0.005161, 0.000457, 0.000032
0.058263, 0.114347, 0.004895, 0.000555, 0.000043
0.172855, 0.120198, 0.005145, 0.000658, 0.000056
0.323766, 0.140555, 0.006016, 0.000778, 0.000071
0.194688, 0.145968, 0.006248, 0.000903, 0.000089
-0.011496, 0.130222, 0.005574, 0.001015, 0.000110
0.337303, 0.150930, 0.006460, 0.001144, 0.000133
0.278752, 0.163712, 0.007008, 0.001284, 0.000158
0.217984, 0.169139, 0.007240, 0.001429, 0.000187
0.000000, 0.152225, 0.006516, 0.001559, 0.000218
0.069211, 0.143924, 0.006161, 0.001682, 0.000252
0.127067, 0.142238, 0.006088, 0.001804, 0.000288
0.092301, 0.137244, 0.005875, 0.001922, 0.000326
0.763127, 0.199833, 0.008554, 0.002093, 0.000368
0.866126, 0.266462, 0.011406, 0.002321, 0.000415
-0.457074, 0.194109, 0.008309, 0.002487, 0.000464
0.593953, 0.234093, 0.010020, 0.002687, 0.000518
-0.387200, 0.171964, 0.007361, 0.002835, 0.000575
-0.323214, 0.122446, 0.005241, 0.002940, 0.000633
0.550799, 0.165281, 0.007075, 0.003081, 0.000695
1.501526, 0.298906, 0.012794, 0.003337, 0.000762
1.863525, 0.455368, 0.019491, 0.003727, 0.000836
3.012174, 0.711048, 0.030435, 0.004335, 0.000923
4.264257, 1.066369, 0.045642, 0.005248, 0.001028
5.456916, 1.505424, 0.064431, 0.006537, 0.001159
5.986718, 1.953553, 0.083604, 0.008209, 0.001323
7.353719, 2.493570, 0.106702, 0.010343, 0.001530
7.490599, 2.993273, 0.128066, 0.012904, 0.001788
7.517306, 3.445676, 0.147401, 0.015852, 0.002105
7.581244, 3.859233, 0.165066, 0.019154, 0.002488
8.451926, 4.318502, 0.184675, 0.022847, 0.002945
9.381676, 4.824820, 0.206279, 0.026973, 0.003484
10.294544, 5.371792, 0.229599, 0.031565, 0.004116
11.400670, 5.974679, 0.255278, 0.036670, 0.004849
11.785403, 6.555752, 0.280002, 0.042270, 0.005695
13.346672, 7.234844, 0.308859, 0.048447, 0.006663
14.564757, 7.967835, 0.339959, 0.055247, 0.007768
16.400766, 8.811128, 0.375668, 0.062760, 0.009024
18.925804, 9.822596, 0.418392, 0.071128, 0.010446
19.236191, 10.763955, 0.458037, 0.080289, 0.012052
19.873409, 11.674900, 0.496284, 0.090214, 0.013856
20.842642, 12.591674, 0.534648, 0.100907, 0.015874
21.702215, 13.502728, 0.572638, 0.112360, 0.018122
21.897554, 14.342210, 0.607516, 0.124510, 0.020612
22.517817, 15.159771, 0.641357, 0.137337, 0.023359
23.197815, 15.963575, 0.674502, 0.150828, 0.026375
25.843615, 16.951580, 0.715059, 0.165129, 0.029678
26.714525, 17.927876, 0.754927, 0.180227, 0.033282
27.259916, 18.861080, 0.792831, 0.196084, 0.037204
29.738829, 19.948854, 0.836747, 0.212819, 0.041460
30.581240, 21.012093, 0.879381, 0.230406, 0.046068
30.570305, 21.967915, 0.917449, 0.248755, 0.051043
32.900326, 23.061155, 0.960677, 0.267969, 0.056403
34.599472, 24.214987, 1.005921, 0.288087, 0.062165
35.323696, 25.325857, 1.049096, 0.309069, 0.068346
36.747787, 26.468050, 1.093076, 0.330931, 0.074965
38.123184, 27.633564, 1.137506, 0.353681, 0.082038
38.667595, 28.736967, 1.179136, 0.377264, 0.089584
39.816078, 29.844879, 1.220495, 0.401674, 0.097617
41.007832, 30.961174, 1.261706, 0.426908, 0.106155
42.059799, 32.071037, 1.302205, 0.452952, 0.115214
43.258362, 33.189770, 1.342532, 0.479802, 0.124810
44.694149, 34.340206, 1.383469, 0.507472, 0.134960
45.950954, 35.501282, 1.424219, 0.535956, 0.145679
47.624126, 36.713566, 1.466141, 0.565279, 0.156984
49.100815, 37.952290, 1.508300, 0.595445, 0.168893
49.702190, 39.127281, 1.547638, 0.626398, 0.181421
49.520088, 40.166561, 1.581891, 0.658036, 0.194582
51.048820, 41.254787, 1.617200, 0.690380, 0.208390
52.658764, 42.395184, 1.653574, 0.723451, 0.222859
53.526237, 43.508289, 1.688447, 0.757220, 0.238003
53.009254, 44.458385, 1.717709, 0.791574, 0.253834
52.854618, 45.298008, 1.743176, 0.826438, 0.270363
53.381588, 46.106365, 1.767341, 0.861784, 0.287599
53.893108, 46.885040, 1.790285, 0.897590, 0.305551
54.769600, 47.673496, 1.813182, 0.933854, 0.324228
55.190334, 48.425179, 1.834690, 0.970548, 0.343639
53.987423, 48.981403, 1.850403, 1.007556, 0.363790
52.681038, 49.351368, 1.860757, 1.044771, 0.384685
51.523968, 49.568626, 1.866802, 1.082107, 0.406327
51.544453, 49.766209, 1.872276, 1.119552, 0.428718
52.317066, 50.021294, 1.879310, 1.157139, 0.451861
52.448387, 50.264004, 1.885968, 1.194858, 0.475758
51.936161, 50.431221, 1.890535, 1.232669, 0.500412
51.867378, 50.574837, 1.894445, 1.270558, 0.525823
52.207275, 50.738079, 1.898875, 1.308535, 0.551994
52.551636, 50.919434, 1.903778, 1.346611, 0.578926
52.102272, 51.037716, 1.906966, 1.384750, 0.606621
51.677830, 51.101727, 1.908688, 1.422924, 0.635079
51.722309, 51.163784, 1.910355, 1.461131, 0.664302
51.325226, 51.179928, 1.910788, 1.499346, 0.694289
50.749126, 51.136848, 1.909631, 1.537539, 0.725039
50.794220, 51.102585, 1.908711, 1.575713, 0.756554
50.741692, 51.066494, 1.907740, 1.613868, 0.788831
50.505871, 51.010433, 1.906232, 1.651993, 0.821871
51.070629, 51.016453, 1.906394, 1.690121, 0.855673
50.966438, 51.011452, 1.906259, 1.728246, 0.890238
49.665806, 50.876888, 1.902630, 1.766299, 0.925564
50.363510, 50.825550, 1.901242, 1.804323, 0.961651
51.260971, 50.869091, 1.902419, 1.842372, 0.998498
51.478973, 50.930080, 1.904066, 1.880453, 1.036107
50.736500, 50.910721, 1.903543, 1.918524, 1.074478
49.893391, 50.808987, 1.900795, 1.956540, 1.113608
49.752064, 50.703293, 1.897932, 1.994498, 1.153498
50.546116, 50.687576, 1.897506, 2.032449, 1.194147
50.602161, 50.679035, 1.897275, 2.070394, 1.235555
49.551361, 50.566269, 1.894212, 2.108278, 1.277721
49.248039, 50.434444, 1.890623, 2.146091, 1.320642
49.439854, 50.334984, 1.887909, 2.183849, 1.364319
50.115726, 50.313057, 1.887309, 2.221595, 1.408751
51.143219, 50.396072, 1.889577, 2.259387, 1.453939
50.756031, 50.432068, 1.890558, 2.297198, 1.499883
49.714901, 50.360352, 1.888602, 2.334970, 1.546582
49.640175, 50.288334, 1.886633, 2.372702, 1.594036
49.685131, 50.228012, 1.884983, 2.410402, 1.642244
50.679176, 50.273129, 1.886217, 2.448126, 1.691207
50.772507, 50.323067, 1.887583, 2.485878, 1.740924
50.292103, 50.319969, 1.887498, 2.523628, 1.791397
49.725166, 50.260490, 1.885872, 2.561345, 1.842624
50.725040, 50.306946, 1.887142, 2.599088, 1.894606
50.616226, 50.337875, 1.887988, 2.636848, 1.947343
50.079357, 50.312023, 1.887281, 2.674594, 2.000835
49.930195, 50.273842, 1.886237, 2.712318, 2.055081
50.627056, 50.309162, 1.887203, 2.750062, 2.110082
50.352283, 50.313473, 1.887321, 2.787809, 2.165838
50.429214, 50.325047, 1.887637, 2.825562, 2.222350
50.781998, 50.370743, 1.888885, 2.863339, 2.279616
50.242249, 50.357895, 1.888534, 2.901110, 2.337639
50.758064, 50.397911, 1.889627, 2.938902, 2.396417
49.807766, 50.338898, 1.888016, 2.976663, 2.455950
49.704506, 50.275459, 1.886281, 3.014388, 2.516238
50.525410, 50.300453, 1.886965, 3.052128, 2.577280
50.181938, 50.288601, 1.886641, 3.089860, 2.639077
49.972763, 50.257019, 1.885777, 3.127576, 2.701629
49.137306, 50.145046, 1.882709, 3.165230, 2.764934
49.234505, 50.053993, 1.880209, 3.202834, 2.828990
48.995728, 49.948166, 1.877297, 3.240380, 2.893798
48.707516, 49.824100, 1.873875, 3.277858, 2.959355
49.022110, 49.743900, 1.871659, 3.315291, 3.025661
49.376808, 49.707191, 1.870643, 3.352704, 3.092715
48.800285, 49.616501, 1.868130, 3.390066, 3.160516
49.071659, 49.562016, 1.866619, 3.427398, 3.229064
48.996048, 49.505417, 1.865046, 3.464699, 3.298358
49.548920, 49.509766, 1.865167, 3.502003, 3.368398
50.107449, 49.569534, 1.866827, 3.539339, 3.439185
51.000771, 49.712658, 1.870794, 3.576755, 3.510720
51.169804, 49.858372, 1.874822, 3.614252, 3.583005
51.171635, 49.989697, 1.878440, 3.651820, 3.656041
51.450027, 50.135731, 1.882453, 3.689470, 3.729831
50.746727, 50.196831, 1.884128, 3.727152, 3.804374
51.566166, 50.333763, 1.887875, 3.764910, 3.879672
52.986958, 50.599083, 1.895104, 3.802812, 3.955728
53.681126, 50.907288, 1.903450, 3.840881, 4.032546
53.614628, 51.178020, 1.910737, 3.879095, 4.110128
53.988033, 51.459023, 1.918254, 3.917460, 4.188477
53.223778, 51.635498, 1.922952, 3.955920, 4.267595
54.615108, 51.933460, 1.930842, 3.994536, 4.347486
54.637283, 52.203842, 1.937956, 4.033296, 4.428152
55.473328, 52.530792, 1.946501, 4.072226, 4.509597
56.245583, 52.902271, 1.956133, 4.111348, 4.591824
55.809547, 53.193001, 1.963614, 4.150620, 4.674836
56.612965, 53.534996, 1.972350, 4.190067, 4.758637
58.020569, 53.983555, 1.983700, 4.229741, 4.843232
59.881474, 54.573345, 1.998440, 4.269710, 4.928627
62.341686, 55.350178, 2.017530, 4.310061, 5.014828
62.752285, 56.090389, 2.035376, 4.350768, 5.101843
64.620621, 56.943413, 2.055519, 4.391879, 5.189681
66.760925, 57.925163, 2.078139, 4.433441, 5.278349
68.580307, 58.990677, 2.101997, 4.475481, 5.367859
70.752686, 60.166878, 2.127490, 4.518031, 5.458220
72.401344, 61.390324, 2.153055, 4.561092, 5.549441
73.763603, 62.627651, 2.177912, 4.604650, 5.641534
77.558937, 64.120781, 2.206554, 4.648781, 5.734510
79.569702, 65.665672, 2.234612, 4.693473, 5.828380
82.769600, 67.376068, 2.263779, 4.738749, 5.923155
81.208405, 68.759300, 2.285893, 4.784467, 6.018844
79.776932, 69.861061, 2.302555, 4.830518, 6.115455
78.830849, 70.758041, 2.315492, 4.876828, 6.212991
80.653107, 71.747551, 2.329104, 4.923410, 6.311460
81.950844, 72.767883, 2.342413, 4.970258, 6.410865
82.349304, 73.726028, 2.354235, 5.017343, 6.511212
83.654503, 74.718880, 2.365790, 5.064659, 6.612505
83.548592, 75.601852, 2.375470, 5.112168, 6.714748
84.802963, 76.521965, 2.384957, 5.159867, 6.817945
84.473343, 77.317101, 2.392659, 5.207720, 6.922100
85.905487, 78.175941, 2.400461, 5.255729, 7.027215
88.333305, 79.191681, 2.408993, 5.303909, 7.133293
88.577332, 80.130249, 2.416203, 5.352233, 7.240337
87.316872, 80.848907, 2.421286, 5.400659, 7.348351
88.395119, 81.603531, 2.426213, 5.449183, 7.457334
91.188622, 82.562042, 2.431864, 5.497820, 7.567290
91.332886, 83.439125, 2.436439, 5.546549, 7.678221
91.677238, 84.262939, 2.440216, 5.595354, 7.790128
88.019554, 84.638603, 2.441771, 5.644189, 7.903012
87.578629, 84.932602, 2.442914, 5.693047, 8.016872
91.137924, 85.553131, 2.445117, 5.741950, 8.131711
91.215576, 86.119377, 2.446877, 5.790887, 8.247529
91.742134, 86.681656, 2.448388, 5.839855, 8.364326
91.832497, 87.196739, 2.449565, 5.888846, 8.482103
93.602768, 87.837341, 2.450753, 5.937861, 8.600861
96.086258, 88.662231, 2.451832, 5.986897, 8.720598
94.760475, 89.272057, 2.452302, 6.035944, 8.841317
93.355309, 89.680382, 2.452462, 6.084993, 8.963017
93.055878, 90.017929, 2.452500, 6.134043, 9.085698
94.027100, 90.418846, 2.452435, 6.183092, 9.209360
94.355057, 90.812469, 2.452253, 6.232137, 9.334002
93.591576, 91.090378, 2.452056, 6.281178, 9.459626
93.031891, 91.284531, 2.451884, 6.330215, 9.586230
94.919891, 91.648064, 2.451485, 6.379245, 9.713815
94.750710, 91.958328, 2.451068, 6.428267, 9.842381
95.126358, 92.275131, 2.450567, 6.477278, 9.971926
94.579231, 92.505539, 2.450155, 6.526281, 10.102451
95.074127, 92.762398, 2.449650, 6.575274, 10.233956
94.179512, 92.904106, 2.449350, 6.624261, 10.366442
91.814575, 92.795151, 2.449582, 6.673253, 10.499907
94.781601, 92.993797, 2.449153, 6.722236, 10.634352
94.692589, 93.163673, 2.448762, 6.771211, 10.769776
93.069542, 93.154259, 2.448785, 6.820187, 10.906180
93.812859, 93.220116, 2.448628, 6.869159, 11.043564
95.702675, 93.468369, 2.448008, 6.918119, 11.181926
95.650826, 93.686615, 2.447425, 6.967068, 11.321267
96.116463, 93.929596, 2.446734, 7.016002, 11.461587
94.881401, 94.024780, 2.446452, 7.064931, 11.602885
94.786026, 94.100906, 2.446221, 7.113856, 11.745162
95.251335, 94.215950, 2.445864, 7.162773, 11.888417
95.049149, 94.299271, 2.445599, 7.211685, 12.032651
94.446419, 94.313988, 2.445552, 7.260596, 12.177863
95.537964, 94.436386, 2.445152, 7.309499, 12.324053
96.411774, 94.633926, 2.444483, 7.358389, 12.471221
96.443787, 94.814911, 2.443845, 7.407266, 12.619367
96.055298, 94.938950, 2.443394, 7.456133, 12.768489
95.101723, 94.955231, 2.443334, 7.505000, 12.918589
94.767052, 94.936417, 2.443403, 7.553868, 13.069666
96.416397, 95.084412, 2.442850, 7.602726, 13.221721
96.334961, 95.209465, 2.442370, 7.651573, 13.374752
95.898407, 95.278358, 2.442100, 7.700415, 13.528760
96.571663, 95.407692, 2.441585, 7.749246, 13.683744
96.340172, 95.500938, 2.441205, 7.798070, 13.839705
95.312294, 95.482071, 2.441283, 7.846896, 13.996643
95.582428, 95.492104, 2.441242, 7.895721, 14.154557
97.993301, 95.742226, 2.440194, 7.944525, 14.313448
96.639740, 95.831978, 2.439806, 7.993321, 14.473314
95.856911, 95.834473, 2.439795, 8.042117, 14.634156
96.282639, 95.879288, 2.439600, 8.090909, 14.795975
96.018898, 95.893250, 2.439538, 8.139700, 14.958769
95.433617, 95.847290, 2.439739, 8.188495, 15.122539
97.456322, 96.008194, 2.439028, 8.237275, 15.287284
97.323280, 96.139702, 2.438433, 8.286044, 15.453005
96.608841, 96.186615, 2.438217, 8.334808, 15.619701
95.387619, 96.106712, 2.438583, 8.383580, 15.787373
96.923012, 96.188339, 2.438209, 8.432344, 15.956019
96.436035, 96.213112, 2.438095, 8.481107, 16.125641
96.747307, 96.266533, 2.437846, 8.529863, 16.296238
97.418213, 96.381699, 2.437303, 8.578609, 16.467810
96.464615, 96.389992, 2.437263, 8.627355, 16.640356
95.651634, 96.316154, 2.437613, 8.676106, 16.813879
96.909531, 96.375488, 2.437333, 8.724854, 16.988377
96.785393, 96.416481, 2.437137, 8.773596, 17.163849
96.609680, 96.435799, 2.437045, 8.822337, 17.340296
96.584877, 96.450706, 2.436973, 8.871077, 17.517717
98.115486, 96.617188, 2.436162, 8.919800, 17.696114
96.842598, 96.639732, 2.436051, 8.968521, 17.875484
97.038269, 96.679588, 2.435853, 9.017239, 18.055830
96.807190, 96.692352, 2.435789, 9.065954, 18.237148
96.760979, 96.699219, 2.435755, 9.114669, 18.419441
95.658371, 96.595131, 2.436271, 9.163394, 18.602709
95.833740, 96.518990, 2.436643, 9.212127, 18.786951
96.738396, 96.540932, 2.436536, 9.260858, 18.972168
97.470398, 96.633881, 2.436080, 9.309579, 19.158360
97.516617, 96.722153, 2.435640, 9.358292, 19.345526
96.967209, 96.746658, 2.435517, 9.407001, 19.533667
97.068085, 96.778801, 2.435355, 9.455709, 19.722780
97.201904, 96.821114, 2.435141, 9.504412, 19.912868
96.410255, 96.780029, 2.435349, 9.553119, 20.103931
95.784721, 96.680496, 2.435848, 9.601835, 20.295969
96.168327, 96.629280, 2.436102, 9.650558, 20.488979
96.681206, 96.634476, 2.436077, 9.699279, 20.682964
95.985924, 96.569618, 2.436396, 9.748007, 20.877924
96.296547, 96.542313, 2.436529, 9.796738, 21.073858
96.134659, 96.501549, 2.436728, 9.845472, 21.270767
96.209862, 96.472382, 2.436868, 9.894210, 21.468651
95.528816, 96.378029, 2.437320, 9.942956, 21.667509
93.417503, 96.081978, 2.438696, 9.991730, 21.867344
93.955887, 95.869370, 2.439643, 10.040523, 22.068155
93.937485, 95.676178, 2.440475, 10.089332, 22.269941
94.546722, 95.563232, 2.440948, 10.138150, 22.472704
88.356361, 94.842545, 2.443746, 10.187025, 22.676445
88.612030, 94.219490, 2.445853, 10.235942, 22.881165
85.336304, 93.331169, 2.448356, 10.284909, 23.086863
84.788704, 92.476921, 2.450209, 10.333914, 23.293541
84.573807, 91.686607, 2.451437, 10.382942, 23.501200
82.851395, 90.803085, 2.452259, 10.431988, 23.709839
81.873543, 89.910133, 2.452497, 10.481038, 23.919460
77.400665, 88.659187, 2.451828, 10.530075, 24.130062
73.457726, 87.139038, 2.449443, 10.579064, 24.341644
69.907890, 85.415924, 2.444655, 10.627957, 24.554203
66.394249, 83.513756, 2.436802, 10.676693, 24.767736
62.195496, 81.381927, 2.424809, 10.725189, 24.982241
61.087273, 79.352463, 2.410274, 10.773395, 25.197708
57.581020, 77.175316, 2.391320, 10.821221, 25.414133
56.122871, 75.070068, 2.369708, 10.868615, 25.631506
51.756660, 72.738724, 2.342043, 10.915456, 25.849815
47.990387, 70.263893, 2.308435, 10.961624, 26.069048
44.753586, 67.712860, 2.269286, 11.007010, 26.289188
43.715374, 65.313110, 2.228351, 11.051577, 26.510220
40.546150, 62.836414, 2.182006, 11.095217, 26.732124
19.607805, 58.513554, 2.091403, 11.137045, 26.954865
26.776098, 55.339809, 2.017278, 11.177390, 27.178411
24.126041, 52.218433, 1.938339, 11.216157, 27.402735
23.272247, 49.323814, 1.859989, 11.253357, 27.627802
21.684738, 46.559906, 1.780745, 11.288972, 27.853580
18.961966, 43.800114, 1.697485, 11.322922, 28.080038
17.918083, 41.211910, 1.615819, 11.355238, 28.307142
15.317658, 38.622486, 1.530817, 11.385855, 28.534859
13.774373, 36.137676, 1.446307, 11.414781, 28.763155
13.339734, 33.857883, 1.366373, 11.442108, 28.991997
10.626097, 31.534704, 1.282694, 11.467762, 29.221352
8.165488, 29.197783, 1.196393, 11.491690, 29.451185
4.813925, 26.759398, 1.104226, 11.513774, 29.681461
1.730822, 24.256540, 1.007543, 11.533925, 29.912140
0.683966, 21.899282, 0.914724, 11.552219, 30.143185
0.231252, 19.732479, 0.828035, 11.568780, 30.374559
-1.818952, 17.577335, 0.740637, 11.583592, 30.606232
-0.629058, 15.756696, 0.665984, 11.596912, 30.838169
0.195733, 14.200600, 0.601641, 11.608945, 31.070349
-2.194537, 12.561086, 0.533371, 11.619613, 31.302740
0.150533, 11.320030, 0.481399, 11.629241, 31.535324
0.623376, 10.250365, 0.436422, 11.637969, 31.768084
-0.985553, 9.126774, 0.389014, 11.645749, 32.000999
0.656154, 8.279712, 0.353174, 11.652813, 32.234055
0.195744, 7.471315, 0.318898, 11.659191, 32.467239
0.103901, 6.734573, 0.287605, 11.664944, 32.700539
0.828950, 6.144011, 0.262486, 11.670194, 32.933941
-0.334924, 5.496118, 0.234896, 11.674891, 33.167439
0.246305, 4.971136, 0.212519, 11.679142, 33.401020
0.207718, 4.494794, 0.192199, 11.682986, 33.634678
0.162179, 4.061533, 0.173705, 11.686460, 33.868408
0.104512, 3.665831, 0.156806, 11.689596, 34.102200
0.230472, 3.322295, 0.142128, 11.692439, 34.336048
0.023159, 2.992381, 0.128028, 11.695000, 34.569946
0.254440, 2.718587, 0.116323, 11.697326, 34.803894
-0.034851, 2.443243, 0.104549, 11.699417, 35.037884
-0.034683, 2.195451, 0.093952, 11.701296, 35.271908
0.023248, 1.978231, 0.084660, 11.702989, 35.505966
0.322400, 1.812648, 0.077576, 11.704540, 35.740059
0.034767, 1.634860, 0.069969, 11.705939, 35.974178
0.057216, 1.477095, 0.063219, 11.707204, 36.208321
0.139151, 1.343301, 0.057494, 11.708354, 36.442486
0.242190, 1.233190, 0.052782, 11.709410, 36.676674
0.149627, 1.124834, 0.048145, 11.710373, 36.910881
0.290014, 1.041352, 0.044572, 11.711265, 37.145107
0.219434, 0.959160, 0.041054, 11.712086, 37.379349
-0.115376, 0.851706, 0.036455, 11.712815, 37.613605
0.000000, 0.766536, 0.032810, 11.713471, 37.847874
-0.150049, 0.674877, 0.028887, 11.714049, 38.082153
0.196812, 0.627071, 0.026841, 11.714586, 38.316444
0.034732, 0.567837, 0.024305, 11.715073, 38.550747
0.229549, 0.534008, 0.022857, 11.715529, 38.785057
-0.046262, 0.475981, 0.020374, 11.715937, 39.019375
0.023154, 0.430698, 0.018436, 11.716306, 39.253700
-0.162475, 0.371381, 0.015897, 11.716623, 39.488033
0.000000, 0.334243, 0.014307, 11.716909, 39.722370
0.173413, 0.318160, 0.013619, 11.717182, 39.956715
0.104575, 0.296801, 0.012704, 11.717436, 40.191063
-0.034697, 0.263652, 0.011285, 11.717662, 40.425415
0.057793, 0.243066, 0.010404, 11.717870, 40.659771
-0.103985, 0.208361, 0.008919, 11.718048, 40.894131
0.276789, 0.215204, 0.009212, 11.718232, 41.128494
-0.046272, 0.189056, 0.008092, 11.718394, 41.362862
-0.034557, 0.166695, 0.007135, 11.718537, 41.597233
0.011538, 0.151179, 0.006471, 11.718667, 41.831608
0.428783, 0.178939, 0.007659, 11.718821, 42.065983
0.542360, 0.215281, 0.009215, 11.719005, 42.300362
0.312141, 0.224967, 0.009630, 11.719197, 42.534744
0.417110, 0.244182, 0.010452, 11.719406, 42.769131
0.207134, 0.240477, 0.010293, 11.719612, 43.003525
0.255213, 0.241950, 0.010356, 11.719819, 43.237923
0.034732, 0.221229, 0.009469, 11.720009, 43.472324
0.057560, 0.204862, 0.008769, 11.720184, 43.706730
-0.126379, 0.171738, 0.007351, 11.720331, 43.941135
0.115353, 0.166099, 0.007110, 11.720473, 44.175545
-0.046215, 0.144868, 0.006201, 11.720597, 44.409958
0.034648, 0.133846, 0.005729, 11.720712, 44.644371
0.081320, 0.128593, 0.005504, 11.720821, 44.878788
-0.207134, 0.095020, 0.004067, 11.720902, 45.113205
0.185085, 0.104027, 0.004453, 11.720991, 45.347626
0.150504, 0.108675, 0.004652, 11.721085, 45.582047
0.127144, 0.110522, 0.004731, 11.721179, 45.816471
0.297697, 0.129239, 0.005532, 11.721290, 46.050896
0.230890, 0.139404, 0.005967, 11.721409, 46.285324
-0.092899, 0.116174, 0.004973, 11.721508, 46.519753
0.150321, 0.119589, 0.005119, 11.721610, 46.754185
0.161428, 0.123773, 0.005298, 11.721716, 46.988621
0.011563, 0.112552, 0.004818, 11.721812, 47.223057
-0.034788, 0.097818, 0.004187, 11.721896, 47.457493
-0.011566, 0.086879, 0.003719, 11.721971, 47.691933
0.162114, 0.094403, 0.004041, 11.722052, 47.926373
-0.196415, 0.065321, 0.002796, 11.722108, 48.160816
0.115144, 0.070303, 0.003009, 11.722168, 48.395260
-0.011535, 0.062119, 0.002659, 11.722221, 48.629704
0.149928, 0.070900, 0.003035, 11.722282, 48.864151
-0.068989, 0.056911, 0.002436, 11.722331, 49.098598
-0.278357, 0.023384, 0.001001, 11.722351, 49.333046
0.450138, 0.066060, 0.002828, 11.722407, 49.567493
0.115283, 0.070982, 0.003038, 11.722468, 49.801941
0.161754, 0.080059, 0.003427, 11.722537, 50.036392
0.104195, 0.082473, 0.003530, 11.722608, 50.270844
-0.116692, 0.062556, 0.002678, 11.722661, 50.505299
0.069267, 0.063227, 0.002706, 11.722715, 50.739754
0.092468, 0.066152, 0.002832, 11.722772, 50.974209
0.068686, 0.066405, 0.002842, 11.722829, 51.208664
0.218685, 0.081633, 0.003494, 11.722898, 51.443123
0.266490, 0.100119, 0.004285, 11.722984, 51.677582
0.126990, 0.102806, 0.004401, 11.723072, 51.912045
0.241171, 0.116642, 0.004993, 11.723172, 52.146507
-0.172093, 0.087769, 0.003757, 11.723248, 52.380974
0.034718, 0.082464, 0.003530, 11.723318, 52.615440
0.000000, 0.074217, 0.003177, 11.723382, 52.849907
-0.127478, 0.054048, 0.002313, 11.723429, 53.084377
0.115144, 0.060157, 0.002575, 11.723480, 53.318848
0.057491, 0.059891, 0.002564, 11.723532, 53.553318
0.368827, 0.090784, 0.003886, 11.723609, 53.787788
-0.302288, 0.051477, 0.002203, 11.723653, 54.022263
0.000000, 0.046329, 0.001983, 11.723693, 54.256737
0.218817, 0.063578, 0.002721, 11.723747, 54.491211
-0.069100, 0.050310, 0.002153, 11.723790, 54.725685
0.081139, 0.053393, 0.002285, 11.723836, 54.960163
-0.126760, 0.035378, 0.001514, 11.723866, 55.194641
0.172959, 0.049136, 0.002103, 11.723908, 55.429119
0.080617, 0.052284, 0.002238, 11.723953, 55.663597
0.196613, 0.066717, 0.002856, 11.724010, 55.898079
0.069003, 0.066946, 0.002866, 11.724068, 56.132561
0.162048, 0.076456, 0.003273, 11.724133, 56.367043
0.403241, 0.109134, 0.004671, 11.724227, 56.601528
-0.127067, 0.085514, 0.003660, 11.724300, 56.836014
-0.219390, 0.055024, 0.002355, 11.724347, 57.070499
0.265043, 0.076026, 0.003254, 11.724412, 57.304989
0.022973, 0.070720, 0.003027, 11.724472, 57.539478
-0.034536, 0.060195, 0.002577, 11.724524, 57.773968
0.139095, 0.068085, 0.002914, 11.724582, 58.008461
0.023131, 0.063589, 0.002722, 11.724636, 58.242954
0.057584, 0.062989, 0.002696, 11.724690, 58.477448
-0.103859, 0.046304, 0.001982, 11.724730, 58.711941
-0.080682, 0.033605, 0.001438, 11.724759, 58.946438
0.368160, 0.067061, 0.002870, 11.724816, 59.180935
0.209532, 0.081308, 0.003480, 11.724886, 59.415432
0.115098, 0.084687, 0.003625, 11.724958, 59.649933
-0.057711, 0.070447, 0.003015, 11.725019, 59.884434
-3.383520, -0.274949, -0.011769, 11.724783, 60.118931
-1.742649, -0.421719, -0.018051, 11.724422, 60.353420
1.886538, -0.190894, -0.008171, 11.724258, 60.587906
0.289077, -0.142897, -0.006117, 11.724136, 60.822388
0.965566, -0.032050, -0.001372, 11.724109, 61.056870
3.093427, 0.280497, 0.012006, 11.724349, 61.291355
0.457898, 0.298238, 0.012766, 11.724605, 61.525848
-0.382894, 0.230124, 0.009850, 11.724802, 61.760345
-0.254749, 0.181637, 0.007775, 11.724957, 61.994846
-0.126913, 0.150782, 0.006454, 11.725086, 62.229347
-0.288379, 0.106866, 0.004574, 11.725178, 62.463852
0.080649, 0.104244, 0.004462, 11.725267, 62.698357
8.311821, 0.925002, 0.039592, 11.726059, 62.932877
3.495389, 1.182041, 0.050593, 11.727071, 63.167419
1.314961, 1.195333, 0.051162, 11.728094, 63.401981
-0.272187, 1.048581, 0.044881, 11.728992, 63.636562
-2.392110, 0.704512, 0.030155, 11.729594, 63.871155
-4.563329, 0.177727, 0.007607, 11.729747, 64.105751
-3.184194, -0.158465, -0.006783, 11.729611, 64.340340
-6.996259, -0.842244, -0.036050, 11.728890, 64.574921
-5.871843, -1.345204, -0.057575, 11.727739, 64.809479
-7.628350, -1.973519, -0.084458, 11.726050, 65.043999
-8.678466, -2.644013, -0.113135, 11.723787, 65.278473
-11.326242, -3.512236, -0.150244, 11.720782, 65.512886
-14.024522, -4.563465, -0.195129, 11.716880, 65.747223
-14.170259, -5.524145, -0.236090, 11.712158, 65.981468
-15.177649, -6.489495, -0.277184, 11.706614, 66.215599
-15.888735, -7.429419, -0.317120, 11.700273, 66.449608
-17.331244, -8.419601, -0.359099, 11.693090, 66.683472
-18.501480, -9.427790, -0.401730, 11.685056, 66.917175
-19.497772, -10.434788, -0.444188, 11.676172, 67.150696
-22.773489, -11.668658, -0.496022, 11.666252, 67.384018
-23.314533, -12.833246, -0.544735, 11.655357, 67.617126
-24.597153, -14.009637, -0.593714, 11.643483, 67.849998
-26.514446, -15.260118, -0.645502, 11.630573, 68.082611
-28.195623, -16.553669, -0.698750, 11.616598, 68.314941
-27.856997, -17.684002, -0.744989, 11.601698, 68.546974
-28.043158, -18.719917, -0.787111, 11.585956, 68.778694
-27.894461, -19.637371, -0.824202, 11.569471, 69.010086
-30.062201, -20.679853, -0.866090, 11.552150, 69.241127
-32.874058, -21.899273, -0.914724, 11.533855, 69.471802
-32.499142, -22.959259, -0.956663, 11.514722, 69.702095
-32.041946, -23.867527, -0.992339, 11.494875, 69.931992
-33.005409, -24.781315, -1.027980, 11.474316, 70.161476
-33.086628, -25.611847, -1.060148, 11.453113, 70.390541
-34.732719, -26.523933, -1.095217, 11.431209, 70.619164
-36.584263, -27.529966, -1.133576, 11.408537, 70.847336
-38.557255, -28.632694, -1.175220, 11.385033, 71.075035
-38.436024, -29.613028, -1.211877, 11.360795, 71.302254
-38.863880, -30.538113, -1.246143, 11.335872, 71.528969
-38.845314, -31.368834, -1.276637, 11.310339, 71.755173
-38.023170, -32.034267, -1.300871, 11.284322, 71.980858
-38.389675, -32.669807, -1.323852, 11.257845, 72.206017
-37.041725, -33.106998, -1.339566, 11.231053, 72.430641
-37.076347, -33.503933, -1.353766, 11.203978, 72.654724
-37.843372, -33.937878, -1.369215, 11.176593, 72.878258
-36.450695, -34.189159, -1.378126, 11.149031, 73.101242
-36.363346, -34.406578, -1.385814, 11.121314, 73.323669
-36.576294, -34.623550, -1.393466, 11.093445, 73.545540
-36.606564, -34.821854, -1.400443, 11.065436, 73.766846
-34.910469, -34.830715, -1.400754, 11.037421, 73.987595
-35.825668, -34.930210, -1.404248, 11.009336, 74.207779
-36.217781, -35.058968, -1.408763, 10.981161, 74.427399
-37.641800, -35.317249, -1.417798, 10.952806, 74.646454
-37.254730, -35.510998, -1.424557, 10.924314, 74.864937
-36.837849, -35.643684, -1.429177, 10.895731, 75.082855
-37.287064, -35.808022, -1.434887, 10.867033, 75.300194
-38.735157, -36.100735, -1.445029, 10.838133, 75.516960
-38.160866, -36.306747, -1.452145, 10.809090, 75.733139
-38.638874, -36.539959, -1.460177, 10.779886, 75.948738
-38.589050, -36.744869, -1.467215, 10.750542, 76.163750
-37.485420, -36.818924, -1.469754, 10.721147, 76.378174
-37.749947, -36.912025, -1.472942, 10.691688, 76.592010
-38.627712, -37.083595, -1.478807, 10.662111, 76.805252
-38.292702, -37.204506, -1.482933, 10.632453, 77.017899
-38.253456, -37.309402, -1.486507, 10.602723, 77.229950
-38.074345, -37.385895, -1.489110, 10.572941, 77.441406
-38.077988, -37.455105, -1.491462, 10.543112, 77.652267
-39.133171, -37.622910, -1.497158, 10.513168, 77.862534
-38.897068, -37.750324, -1.501474, 10.483139, 78.072197
-38.669533, -37.842247, -1.504583, 10.453048, 78.281258
-37.484573, -37.806480, -1.503374, 10.422980, 78.489716
-38.358212, -37.861652, -1.505239, 10.392876, 78.697571
-38.618084, -37.937294, -1.507794, 10.362720, 78.904823
-38.851265, -38.028690, -1.510877, 10.332502, 79.111473
-38.991924, -38.125015, -1.514123, 10.302220, 79.317520
-38.861904, -38.198704, -1.516603, 10.271889, 79.522957
-37.682446, -38.147079, -1.514866, 10.241591, 79.727791
-37.622669, -38.094639, -1.513100, 10.211329, 79.932014
-37.454220, -38.030598, -1.510942, 10.181110, 80.135635
-38.388420, -38.066380, -1.512148, 10.150867, 80.338654
-37.749485, -38.034691, -1.511080, 10.120646, 80.541069
-38.612206, -38.092442, -1.513026, 10.090385, 80.742874
-38.297394, -38.112938, -1.513716, 10.060111, 80.944077
-38.279816, -38.129627, -1.514278, 10.029825, 81.144676
-38.421043, -38.158768, -1.515259, 9.999520, 81.344666
-37.943157, -38.137207, -1.514533, 9.969230, 81.544052
-37.864281, -38.109913, -1.513614, 9.938957, 81.742828
-38.656784, -38.164600, -1.515455, 9.908648, 81.941002
-39.843609, -38.332500, -1.521100, 9.878226, 82.138565
-39.461891, -38.445438, -1.524889, 9.847729, 82.335518
-38.631947, -38.464088, -1.525514, 9.817219, 82.531860
-38.388294, -38.456509, -1.525260, 9.786714, 82.727592
-38.263607, -38.437218, -1.524613, 9.756222, 82.922714
-38.384907, -38.431988, -1.524438, 9.725733, 83.117226
-39.018440, -38.490631, -1.526403, 9.695205, 83.311127
-38.773602, -38.518929, -1.527351, 9.664658, 83.504417
-38.168877, -38.483925, -1.526179, 9.634134, 83.697098
-37.893600, -38.424892, -1.524200, 9.603650, 83.889168
-38.724983, -38.454903, -1.525206, 9.573146, 84.080627
-37.891567, -38.398567, -1.523317, 9.542680, 84.271484
-38.268250, -38.385536, -1.522880, 9.512222, 84.461731
-38.543694, -38.401352, -1.523410, 9.481754, 84.651367
-38.460712, -38.407288, -1.523609, 9.451283, 84.840393
-37.606819, -38.327240, -1.520923, 9.420864, 85.028809
-37.677315, -38.262249, -1.518740, 9.390490, 85.216621
-38.519283, -38.287952, -1.519603, 9.360098, 85.403824
-38.709621, -38.330120, -1.521020, 9.329678, 85.590416
-38.215824, -38.318691, -1.520636, 9.299265, 85.776398
-37.911961, -38.278019, -1.519270, 9.268880, 85.961777
-38.409286, -38.291145, -1.519711, 9.238485, 86.146545
-37.934566, -38.255486, -1.518512, 9.208115, 86.330711
-38.138126, -38.243752, -1.518118, 9.177752, 86.514267
-38.269787, -38.246353, -1.518205, 9.147388, 86.697212
-37.826958, -38.204414, -1.516795, 9.117053, 86.879555
-37.732784, -38.157253, -1.515208, 9.086749, 87.061287
-37.592468, -38.100777, -1.513307, 9.056483, 87.242416
-37.363861, -38.027084, -1.510823, 9.026267, 87.422943
-37.272579, -37.951633, -1.508278, 8.996101, 87.602867
-37.742855, -37.930756, -1.507573, 8.965950, 87.782188
-37.464264, -37.884106, -1.505998, 8.935830, 87.960907
-37.905956, -37.886292, -1.506071, 8.905708, 88.139023
-37.158028, -37.813465, -1.503610, 8.875636, 88.316536
-37.271587, -37.759277, -1.501777, 8.845600, 88.493446
-37.927883, -37.776138, -1.502347, 8.815553, 88.669754
-37.899384, -37.788464, -1.502764, 8.785498, 88.845467
-37.101597, -37.719776, -1.500440, 8.755488, 89.020576
-37.037548, -37.651554, -1.498129, 8.725526, 89.195084
-38.715836, -37.757980, -1.501733, 8.695491, 89.368996
-36.047977, -37.586979, -1.495939, 8.665572, 89.542305
-33.842834, -37.212563, -1.483208, 8.635908, 89.715027
-31.487333, -36.640041, -1.463617, 8.606636, 89.887161
