0.000000, 0.000000, 0.000000, 0.013370, -0.013370, -0.053481, -0.001070, -0.000021
0.331913, 0.033191, 0.001421, 0.013370, -0.011949, -0.047798, -0.002026, -0.000062
0.196138, 0.049486, 0.002118, 0.013370, -0.011252, -0.045008, -0.002926, -0.000120
0.068672, 0.051405, 0.002200, 0.013370, -0.011170, -0.044679, -0.003819, -0.000197
0.183163, 0.064580, 0.002764, 0.013370, -0.010606, -0.042424, -0.004668, -0.000290
0.209532, 0.079076, 0.003385, 0.013370, -0.009985, -0.039942, -0.005467, -0.000399
0.023239, 0.073492, 0.003146, 0.013370, -0.010224, -0.040898, -0.006285, -0.000525
-0.034439, 0.062699, 0.002684, 0.013370, -0.010686, -0.042746, -0.007139, -0.000668
0.057921, 0.062221, 0.002663, 0.013370, -0.010707, -0.042827, -0.007996, -0.000828
0.172646, 0.073264, 0.003136, 0.013370, -0.010234, -0.040937, -0.008815, -0.001004
0.184824, 0.084420, 0.003614, 0.013370, -0.009757, -0.039027, -0.009595, -0.001196
0.290367, 0.105014, 0.004495, 0.013370, -0.008875, -0.035500, -0.010305, -0.001402
0.344597, 0.128973, 0.005521, 0.013370, -0.007850, -0.031398, -0.010933, -0.001621
0.355300, 0.151605, 0.006489, 0.013370, -0.006881, -0.027523, -0.011484, -0.001851
0.197051, 0.156150, 0.006684, 0.013370, -0.006686, -0.026745, -0.012019, -0.002091
0.103567, 0.150892, 0.006459, 0.013370, -0.006911, -0.027645, -0.012572, -0.002342
0.426197, 0.178422, 0.007637, 0.013370, -0.005733, -0.022932, -0.013030, -0.002603
-0.034529, 0.157127, 0.006726, 0.013370, -0.006644, -0.026578, -0.013562, -0.002874
0.378752, 0.179290, 0.007674, 0.013370, -0.005696, -0.022783, -0.014017, -0.003155
0.341313, 0.195492, 0.008368, 0.013370, -0.005002, -0.020009, -0.014418, -0.003443
0.034529, 0.179396, 0.007679, 0.013370, -0.005691, -0.022765, -0.014873, -0.003740
0.046253, 0.166081, 0.007109, 0.013370, -0.006261, -0.025045, -0.015374, -0.004048
0.195469, 0.169020, 0.007235, 0.013370, -0.006135, -0.024542, -0.015865, -0.004365
0.150109, 0.167129, 0.007154, 0.013370, -0.006216, -0.024865, -0.016362, -0.004692
0.148820, 0.165298, 0.007075, 0.013370, -0.006295, -0.025179, -0.016866, -0.005030
0.195784, 0.168347, 0.007206, 0.013370, -0.006164, -0.024657, -0.017359, -0.005377
0.218773, 0.173389, 0.007422, 0.013370, -0.005948, -0.023793, -0.017835, -0.005734
0.252504, 0.181301, 0.007760, 0.013370, -0.005610, -0.022439, -0.018283, -0.006099
0.240496, 0.187220, 0.008014, 0.013370, -0.005356, -0.021425, -0.018712, -0.006473
1.312942, 0.299792, 0.012832, 0.013370, -0.000538, -0.002151, -0.018755, -0.006849
0.492534, 0.319067, 0.013657, 0.013370, 0.000287, 0.001149, -0.018732, -0.007223
1.324720, 0.419632, 0.017962, 0.013370, 0.004592, 0.018368, -0.018364, -0.007590
0.871874, 0.464856, 0.019898, 0.013370, 0.006528, 0.026111, -0.017842, -0.007947
-0.495804, 0.368790, 0.015786, 0.013370, 0.002416, 0.009663, -0.017649, -0.008300
-0.540076, 0.277904, 0.011895, 0.013370, -0.001475, -0.005899, -0.017767, -0.008656
-0.723623, 0.177751, 0.007608, 0.013370, -0.005762, -0.023047, -0.018228, -0.009020
-0.390307, 0.120945, 0.005177, 0.013370, -0.008193, -0.032773, -0.018883, -0.009398
-0.149627, 0.093888, 0.004019, 0.013370, -0.009351, -0.037406, -0.019631, -0.009790
0.080682, 0.092567, 0.003962, 0.013370, -0.009408, -0.037632, -0.020384, -0.010198
-0.705606, 0.012750, 0.000546, 0.013370, -0.012824, -0.051298, -0.021410, -0.010626
-0.334317, -0.021957, -0.000940, 0.013370, -0.014310, -0.057240, -0.022555, -0.011077
0.991335, 0.079373, 0.003397, 0.013370, -0.009973, -0.039891, -0.023353, -0.011545
0.102906, 0.081726, 0.003498, 0.013370, -0.009872, -0.039488, -0.024142, -0.012027
0.080407, 0.081594, 0.003493, 0.013370, -0.009878, -0.039510, -0.024933, -0.012526
0.103153, 0.083750, 0.003585, 0.013370, -0.009785, -0.039141, -0.025715, -0.013040
0.057079, 0.081083, 0.003471, 0.013370, -0.009900, -0.039598, -0.026507, -0.013570
0.103463, 0.083321, 0.003566, 0.013370, -0.009804, -0.039215, -0.027292, -0.014116
-0.149058, 0.060083, 0.002572, 0.013370, -0.010798, -0.043194, -0.028156, -0.014679
0.045901, 0.058665, 0.002511, 0.013370, -0.010859, -0.043436, -0.029024, -0.015260
0.068590, 0.059657, 0.002554, 0.013370, -0.010817, -0.043266, -0.029890, -0.015858
0.022964, 0.055988, 0.002397, 0.013370, -0.010974, -0.043895, -0.030768, -0.016473
0.242434, 0.074633, 0.003195, 0.013370, -0.010176, -0.040702, -0.031582, -0.017105
0.160075, 0.083177, 0.003560, 0.013370, -0.009810, -0.039239, -0.032366, -0.017752
0.925703, 0.167430, 0.007167, 0.013370, -0.006203, -0.024814, -0.032863, -0.018409
-0.057216, 0.144965, 0.006205, 0.013370, -0.007165, -0.028660, -0.033436, -0.019078
-0.379132, 0.092555, 0.003962, 0.013370, -0.009408, -0.037634, -0.034189, -0.019762
0.034364, 0.086736, 0.003713, 0.013370, -0.009658, -0.038630, -0.034961, -0.020461
0.435963, 0.121659, 0.005208, 0.013370, -0.008163, -0.032651, -0.035614, -0.021173
0.470191, 0.156512, 0.006699, 0.013370, -0.006671, -0.026683, -0.036148, -0.021896
0.242239, 0.165085, 0.007066, 0.013370, -0.006304, -0.025215, -0.036652, -0.022629
0.809176, 0.229494, 0.009823, 0.013370, -0.003547, -0.014187, -0.036936, -0.023368
-0.080584, 0.198486, 0.008496, 0.013370, -0.004874, -0.019496, -0.037326, -0.024114
0.265737, 0.205211, 0.008784, 0.013370, -0.004586, -0.018345, -0.037693, -0.024868
0.519595, 0.236650, 0.010130, 0.013370, -0.003241, -0.012962, -0.037952, -0.025627
-0.400981, 0.172886, 0.007400, 0.013370, -0.005970, -0.023880, -0.038430, -0.026396
0.297994, 0.185397, 0.007936, 0.013370, -0.005434, -0.021737, -0.038864, -0.027173
0.045837, 0.171441, 0.007338, 0.013370, -0.006032, -0.024127, -0.039347, -0.027960
0.287858, 0.183083, 0.007837, 0.013370, -0.005533, -0.022134, -0.039789, -0.028756
0.259765, 0.190751, 0.008165, 0.013370, -0.005205, -0.020821, -0.040206, -0.029560
0.161558, 0.187832, 0.008040, 0.013370, -0.005330, -0.021321, -0.040632, -0.030373
0.687928, 0.237841, 0.010181, 0.013370, -0.003190, -0.012758, -0.040887, -0.031190
0.517822, 0.265839, 0.011379, 0.013370, -0.001991, -0.007964, -0.041047, -0.032011
0.190496, 0.258305, 0.011057, 0.013370, -0.002314, -0.009254, -0.041232, -0.032836
-0.141495, 0.218325, 0.009345, 0.013370, -0.004025, -0.016100, -0.041554, -0.033667
-0.039996, 0.192493, 0.008239, 0.013370, -0.005131, -0.020523, -0.041964, -0.034506
2.677330, 0.440977, 0.018875, 0.013370, 0.005506, 0.022023, -0.041524, -0.035337
3.260684, 0.722947, 0.030944, 0.013369, 0.017575, 0.070301, -0.040118, -0.036139
2.734174, 0.924070, 0.039552, 0.013368, 0.026184, 0.104736, -0.038023, -0.036900
3.085734, 1.140236, 0.048804, 0.013368, 0.035436, 0.141745, -0.035188, -0.037603
4.371370, 1.463350, 0.062631, 0.013366, 0.049265, 0.197059, -0.031247, -0.038228
5.070025, 1.824017, 0.078062, 0.013363, 0.064699, 0.258796, -0.026071, -0.038750
6.085210, 2.250137, 0.096291, 0.013360, 0.082931, 0.331723, -0.019437, -0.039139
6.458805, 2.671003, 0.114289, 0.013356, 0.100933, 0.403732, -0.011362, -0.039366
7.766204, 3.180523, 0.136070, 0.013350, 0.122720, 0.490881, -0.001544, -0.039397
8.561368, 3.718608, 0.159060, 0.013342, 0.145718, 0.582873, 0.010113, -0.039194
9.735593, 4.320306, 0.184752, 0.013332, 0.171420, 0.685679, 0.023827, -0.038718
11.143762, 5.002652, 0.213863, 0.013319, 0.200543, 0.802173, 0.039870, -0.037920
13.129703, 5.815357, 0.248495, 0.013301, 0.235193, 0.940773, 0.058686, -0.036747
13.327529, 6.566574, 0.280462, 0.013282, 0.267180, 1.068718, 0.080060, -0.035146
13.340938, 7.244010, 0.309249, 0.013263, 0.295985, 1.183941, 0.103739, -0.033071
14.132554, 7.932865, 0.338476, 0.013242, 0.325234, 1.300935, 0.129757, -0.030476
15.932485, 8.732826, 0.372356, 0.013215, 0.359141, 1.436563, 0.158489, -0.027306
17.253143, 9.584858, 0.408361, 0.013184, 0.395178, 1.580711, 0.190103, -0.023504
18.180367, 10.444408, 0.444593, 0.013149, 0.431444, 1.725776, 0.224618, -0.019011
19.598639, 11.359832, 0.483069, 0.013108, 0.469961, 1.879843, 0.262215, -0.013767
21.242392, 12.348087, 0.524468, 0.013061, 0.511407, 2.045628, 0.303128, -0.007705
21.258533, 13.239132, 0.561661, 0.013015, 0.548646, 2.194585, 0.347020, -0.000764
21.505787, 14.065798, 0.596046, 0.012969, 0.583076, 2.332306, 0.393666, 0.007109
23.075331, 14.966751, 0.633379, 0.012917, 0.620462, 2.481849, 0.443303, 0.015975
23.662788, 15.836355, 0.669265, 0.012863, 0.656402, 2.625607, 0.495815, 0.025891
23.844896, 16.637209, 0.702177, 0.012810, 0.689366, 2.757466, 0.550964, 0.036911
22.828568, 17.256344, 0.727528, 0.012768, 0.714759, 2.859037, 0.608145, 0.049074
23.062469, 17.836956, 0.751224, 0.012728, 0.738496, 2.953985, 0.667225, 0.062418
24.266968, 18.479958, 0.777376, 0.012681, 0.764695, 3.058781, 0.728400, 0.076986
25.092381, 19.141199, 0.804168, 0.012631, 0.791537, 3.166148, 0.791723, 0.092821
24.525488, 19.679628, 0.825905, 0.012589, 0.813316, 3.253263, 0.856788, 0.109956
24.916744, 20.203341, 0.846978, 0.012548, 0.834430, 3.337722, 0.923543, 0.128427
24.384790, 20.621485, 0.863752, 0.012514, 0.851239, 3.404956, 0.991642, 0.148260
24.735847, 21.032921, 0.880213, 0.012479, 0.867733, 3.470933, 1.061061, 0.169481
24.886969, 21.418325, 0.895591, 0.012447, 0.883144, 3.532575, 1.131712, 0.192116
26.473614, 21.923855, 0.915700, 0.012403, 0.903297, 3.613186, 1.203976, 0.216195
25.971655, 22.328634, 0.931750, 0.012368, 0.919382, 3.677530, 1.277526, 0.241746
25.658010, 22.661572, 0.944917, 0.012338, 0.932579, 3.730315, 1.352133, 0.268788
25.913803, 22.986795, 0.957748, 0.012309, 0.945439, 3.781757, 1.427768, 0.297344
25.599955, 23.248112, 0.968035, 0.012285, 0.955750, 3.823002, 1.504228, 0.327428
25.633362, 23.486637, 0.977408, 0.012263, 0.965145, 3.860580, 1.581440, 0.359057
25.695004, 23.707474, 0.986070, 0.012242, 0.973828, 3.895312, 1.659346, 0.392244
25.349504, 23.871677, 0.992501, 0.012226, 0.980275, 3.921099, 1.737768, 0.426999
25.325680, 24.017078, 0.998189, 0.012213, 0.985977, 3.943907, 1.816646, 0.463332
25.658321, 24.181202, 1.004602, 0.012197, 0.992405, 3.969621, 1.896038, 0.501253
25.607433, 24.323826, 1.010168, 0.012183, 0.997985, 3.991940, 1.975877, 0.540770
26.365322, 24.527975, 1.018125, 0.012164, 1.005961, 4.023844, 2.056354, 0.581897
26.565039, 24.731682, 1.026051, 0.012144, 1.013907, 4.055628, 2.137467, 0.624647
27.044722, 24.962986, 1.035035, 0.012121, 1.022914, 4.091656, 2.219300, 0.669033
27.538971, 25.220585, 1.045021, 0.012096, 1.032925, 4.131701, 2.301934, 0.715071
26.765827, 25.375109, 1.051001, 0.012080, 1.038921, 4.155682, 2.385047, 0.762772
26.926157, 25.530214, 1.056996, 0.012065, 1.044931, 4.179724, 2.468642, 0.812145
27.860405, 25.763233, 1.065987, 0.012041, 1.053946, 4.215784, 2.552958, 0.863204
29.104053, 26.097315, 1.078848, 0.012007, 1.066841, 4.267362, 2.638305, 0.915971
27.862841, 26.273867, 1.085629, 0.011989, 1.073640, 4.294561, 2.724196, 0.970454
26.454832, 26.291964, 1.086324, 0.011987, 1.074337, 4.297347, 2.810143, 1.026657
26.645479, 26.327314, 1.087680, 0.011983, 1.075697, 4.302787, 2.896199, 1.084581
27.387283, 26.433311, 1.091745, 0.011972, 1.079772, 4.319089, 2.982581, 1.144233
25.661686, 26.356150, 1.088786, 0.011980, 1.076806, 4.307223, 3.068725, 1.205608
25.198542, 26.240389, 1.084344, 0.011992, 1.072352, 4.289407, 3.154513, 1.268698
23.873865, 26.003736, 1.075249, 0.012017, 1.063232, 4.252929, 3.239572, 1.333489
22.929611, 25.696323, 1.063407, 0.012048, 1.051359, 4.205436, 3.323681, 1.399963
21.948858, 25.321577, 1.048930, 0.012086, 1.036844, 4.147378, 3.406628, 1.468095
20.266016, 24.816021, 1.029329, 0.012136, 1.017193, 4.068772, 3.488004, 1.537855
19.689449, 24.303364, 1.009370, 0.012185, 0.997185, 3.988739, 3.567779, 1.609211
19.682718, 23.841299, 0.991312, 0.012229, 0.979083, 3.916331, 3.646105, 1.682133
19.726349, 23.429804, 0.975176, 0.012268, 0.962908, 3.851632, 3.723138, 1.756596
20.119848, 23.098808, 0.962160, 0.012298, 0.949862, 3.799446, 3.799127, 1.832578
19.798012, 22.768728, 0.949148, 0.012328, 0.936820, 3.747278, 3.874072, 1.910060
19.216417, 22.413498, 0.935109, 0.012360, 0.922749, 3.690996, 3.947892, 1.989018
19.555666, 22.127714, 0.923789, 0.012385, 0.911404, 3.645614, 4.020804, 2.069434
20.202106, 21.935154, 0.916149, 0.012402, 0.903746, 3.614985, 4.093104, 2.151296
19.887270, 21.730366, 0.908011, 0.012420, 0.895591, 3.582366, 4.164751, 2.234591
19.093065, 21.466637, 0.897515, 0.012443, 0.885073, 3.540291, 4.235557, 2.319302
19.201117, 21.240086, 0.888484, 0.012462, 0.876022, 3.504087, 4.305639, 2.405415
19.279541, 21.044031, 0.880657, 0.012478, 0.868178, 3.472713, 4.375093, 2.492916
18.989988, 20.838627, 0.872445, 0.012496, 0.859950, 3.439799, 4.443889, 2.581794
18.725971, 20.627361, 0.863988, 0.012513, 0.851475, 3.405899, 4.512007, 2.672034
19.337141, 20.498339, 0.858817, 0.012524, 0.846293, 3.385173, 4.579710, 2.763628
19.929544, 20.441460, 0.856536, 0.012528, 0.844008, 3.376031, 4.647231, 2.856573
19.295126, 20.326826, 0.851937, 0.012538, 0.839399, 3.357596, 4.714383, 2.950861
19.089163, 20.203060, 0.846967, 0.012548, 0.834419, 3.337677, 4.781137, 3.046484
18.827017, 20.065456, 0.841437, 0.012559, 0.828878, 3.315512, 4.847447, 3.143432
19.342447, 19.993156, 0.838529, 0.012564, 0.825965, 3.303859, 4.913524, 3.241703
19.317976, 19.925638, 0.835813, 0.012570, 0.823243, 3.292971, 4.979383, 3.341290
18.237576, 19.756832, 0.829016, 0.012583, 0.816433, 3.265731, 5.044698, 3.442184
15.910466, 19.372196, 0.813503, 0.012613, 0.800889, 3.203557, 5.108769, 3.544360
13.640043, 18.798981, 0.790315, 0.012657, 0.777658, 3.110633, 5.170982, 3.647779
10.483212, 17.967403, 0.756537, 0.012718, 0.743819, 2.975276, 5.230487, 3.752389
7.658755, 16.936539, 0.714443, 0.012790, 0.701653, 2.806612, 5.286620, 3.858122
5.146124, 15.757497, 0.666017, 0.012868, 0.653149, 2.612595, 5.338871, 3.964899
4.112151, 14.592962, 0.617909, 0.012939, 0.604970, 2.419879, 5.387269, 4.072644
3.103891, 13.444056, 0.570196, 0.013004, 0.557192, 2.228769, 5.431844, 4.181281
1.689522, 12.268602, 0.521144, 0.013065, 0.508079, 2.032316, 5.472491, 4.290731
-0.585806, 10.983162, 0.467252, 0.013125, 0.454126, 1.816505, 5.508821, 4.400908
-0.999069, 9.784939, 0.416804, 0.013176, 0.403628, 1.614511, 5.541111, 4.511730
0.519106, 8.858356, 0.377666, 0.013211, 0.364455, 1.457821, 5.570268, 4.623135
1.191999, 8.091720, 0.345209, 0.013237, 0.331972, 1.327889, 5.596826, 4.735072
2.067704, 7.489318, 0.319662, 0.013256, 0.306406, 1.225624, 5.621338, 4.847498
2.145138, 6.954900, 0.296968, 0.013272, 0.283697, 1.134786, 5.644033, 4.960379
0.577325, 6.317142, 0.269853, 0.013289, 0.256564, 1.026255, 5.664558, 5.073670
0.428436, 5.728272, 0.244786, 0.013303, 0.231482, 0.925930, 5.683077, 5.187332
-0.252960, 5.130149, 0.219299, 0.013317, 0.205982, 0.823928, 5.699555, 5.301323
0.264192, 4.643553, 0.198546, 0.013326, 0.185220, 0.740879, 5.714373, 5.415611
0.126379, 4.191836, 0.179268, 0.013334, 0.165934, 0.663735, 5.727648, 5.530164
0.266059, 3.799258, 0.162505, 0.013341, 0.149164, 0.596657, 5.739581, 5.644955
-0.091691, 3.410163, 0.145883, 0.013347, 0.132537, 0.530146, 5.750184, 5.759959
-0.068782, 3.062269, 0.131016, 0.013351, 0.117664, 0.470658, 5.759597, 5.875151
0.665799, 2.822622, 0.120771, 0.013354, 0.107417, 0.429669, 5.768191, 5.990514
0.057238, 2.546083, 0.108947, 0.013357, 0.095590, 0.382361, 5.775838, 6.106031
-0.057642, 2.285711, 0.097812, 0.013360, 0.084453, 0.337810, 5.782594, 6.221683
3.051086, 2.362248, 0.101086, 0.013359, 0.087727, 0.350907, 5.789612, 6.337475
0.301859, 2.156209, 0.092273, 0.013361, 0.078912, 0.315649, 5.795925, 6.453394
0.275734, 1.968162, 0.084229, 0.013362, 0.070867, 0.283467, 5.801594, 6.569426
0.380506, 1.809396, 0.077437, 0.013364, 0.064073, 0.256293, 5.806720, 6.685560
0.126811, 1.641138, 0.070238, 0.013365, 0.056873, 0.227493, 5.811270, 6.801785
0.265523, 1.503576, 0.064352, 0.013366, 0.050986, 0.203946, 5.815349, 6.918092
0.369123, 1.390131, 0.059498, 0.013366, 0.046131, 0.184525, 5.819040, 7.034473
0.045846, 1.255702, 0.053745, 0.013367, 0.040378, 0.161512, 5.822270, 7.150918
0.103380, 1.140470, 0.048814, 0.013368, 0.035446, 0.141785, 5.825106, 7.267421
-0.127016, 1.013722, 0.043389, 0.013368, 0.030021, 0.120085, 5.827507, 7.383971
0.217766, 0.934126, 0.039983, 0.013368, 0.026614, 0.106457, 5.829637, 7.500564
0.183053, 0.859019, 0.036768, 0.013369, 0.023400, 0.093598, 5.831509, 7.617194
0.322724, 0.805389, 0.034473, 0.013369, 0.021104, 0.084416, 5.833197, 7.733858
0.253927, 0.750243, 0.032113, 0.013369, 0.018744, 0.074974, 5.834697, 7.850552
0.046393, 0.679858, 0.029100, 0.013369, 0.015731, 0.062923, 5.835955, 7.967271
-0.034412, 0.608431, 0.026043, 0.013369, 0.012673, 0.050694, 5.836969, 8.084010
0.092078, 0.556796, 0.023833, 0.013370, 0.010463, 0.041853, 5.837806, 8.200767
0.320596, 0.533176, 0.022822, 0.013370, 0.009452, 0.037809, 5.838562, 8.317538
0.172959, 0.497154, 0.021280, 0.013370, 0.007910, 0.031641, 5.839195, 8.434322
0.045965, 0.452035, 0.019349, 0.013370, 0.005979, 0.023916, 5.839673, 8.551116
0.149717, 0.421804, 0.018055, 0.013370, 0.004685, 0.018740, 5.840048, 8.667917
0.057457, 0.385369, 0.016495, 0.013370, 0.003125, 0.012502, 5.840298, 8.784723
0.103546, 0.357187, 0.015289, 0.013370, 0.001919, 0.007676, 5.840451, 8.901532
0.368530, 0.358321, 0.015338, 0.013370, 0.001968, 0.007870, 5.840609, 9.018344
0.242483, 0.346737, 0.014842, 0.013370, 0.001472, 0.005887, 5.840726, 9.135159
0.080246, 0.320088, 0.013701, 0.013370, 0.000331, 0.001324, 5.840753, 9.251973
0.172093, 0.305289, 0.013068, 0.013370, -0.000302, -0.001210, 5.840729, 9.368788
0.445117, 0.319271, 0.013666, 0.013370, 0.000296, 0.001184, 5.840753, 9.485602
0.300217, 0.317366, 0.013585, 0.013370, 0.000215, 0.000858, 5.840770, 9.602418
-0.080439, 0.277585, 0.011882, 0.013370, -0.001488, -0.005953, 5.840651, 9.719231
0.298353, 0.279662, 0.011971, 0.013370, -0.001399, -0.005597, 5.840539, 9.836041
0.091875, 0.260883, 0.011167, 0.013370, -0.002203, -0.008813, 5.840362, 9.952848
0.103297, 0.245125, 0.010492, 0.013370, -0.002878, -0.011511, 5.840132, 10.069651
0.056954, 0.226308, 0.009687, 0.013370, -0.003683, -0.014733, 5.839837, 10.186447
0.011484, 0.204825, 0.008767, 0.013370, -0.004603, -0.018411, 5.839469, 10.303237
0.276956, 0.212038, 0.009076, 0.013370, -0.004294, -0.017176, 5.839126, 10.420019
0.126480, 0.203483, 0.008710, 0.013370, -0.004660, -0.018641, 5.838753, 10.536795
0.207718, 0.203906, 0.008728, 0.013370, -0.004642, -0.018568, 5.838381, 10.653563
0.114568, 0.194972, 0.008346, 0.013370, -0.005025, -0.020098, 5.837979, 10.770322
0.218553, 0.197331, 0.008447, 0.013370, -0.004924, -0.019694, 5.837585, 10.887074
-0.011531, 0.176444, 0.007553, 0.013370, -0.005818, -0.023270, 5.837120, 11.003816
0.091912, 0.167991, 0.007191, 0.013370, -0.006179, -0.024718, 5.836626, 11.120548
0.389683, 0.190160, 0.008140, 0.013370, -0.005230, -0.020922, 5.836207, 11.237272
0.046309, 0.175775, 0.007524, 0.013370, -0.005846, -0.023385, 5.835739, 11.353987
0.034627, 0.161660, 0.006920, 0.013370, -0.006450, -0.025802, 5.835223, 11.470692
0.298472, 0.175342, 0.007505, 0.013370, -0.005865, -0.023459, 5.834754, 11.587387
0.230611, 0.180869, 0.007742, 0.013370, -0.005628, -0.022513, 5.834304, 11.704073
0.092412, 0.172023, 0.007363, 0.013370, -0.006007, -0.024027, 5.833823, 11.820749
0.206099, 0.175431, 0.007509, 0.013370, -0.005861, -0.023444, 5.833354, 11.937416
0.057330, 0.163620, 0.007004, 0.013370, -0.006367, -0.025466, 5.832845, 12.054073
-0.103943, 0.136864, 0.005858, 0.013370, -0.007512, -0.030047, 5.832244, 12.170718
0.114385, 0.134616, 0.005762, 0.013370, -0.007608, -0.030432, 5.831636, 12.287351
0.253061, 0.146461, 0.006269, 0.013370, -0.007101, -0.028404, 5.831068, 12.403972
-0.068727, 0.124942, 0.005348, 0.013370, -0.008022, -0.032089, 5.830426, 12.520580
0.218334, 0.134281, 0.005748, 0.013370, -0.007622, -0.030489, 5.829816, 12.637177
2.520024, 0.372855, 0.015960, 0.013370, 0.002590, 0.010359, 5.830023, 12.753777
0.218861, 0.357456, 0.015301, 0.013370, 0.001931, 0.007722, 5.830178, 12.870380
-0.192991, 0.302411, 0.012944, 0.013370, -0.000426, -0.001702, 5.830144, 12.986983
-0.011482, 0.271022, 0.011601, 0.013370, -0.001769, -0.007077, 5.830002, 13.103583
-0.481659, 0.195754, 0.008379, 0.013370, -0.004991, -0.019964, 5.829603, 13.220176
-1.465272, 0.029651, 0.001269, 0.013370, -0.012101, -0.048404, 5.828635, 13.336748
0.505807, 0.077267, 0.003307, 0.013370, -0.010063, -0.040251, 5.827830, 13.453304
1.377864, 0.207327, 0.008874, 0.013370, -0.004496, -0.017983, 5.827471, 13.569854
-0.528585, 0.133736, 0.005724, 0.013370, -0.007646, -0.030583, 5.826859, 13.686391
0.771729, 0.197535, 0.008455, 0.013370, -0.004915, -0.019659, 5.826466, 13.802920
-0.391798, 0.138602, 0.005933, 0.013370, -0.007437, -0.029750, 5.825871, 13.919437
0.601870, 0.184928, 0.007916, 0.013370, -0.005454, -0.021818, 5.825434, 14.035946
0.493025, 0.215738, 0.009234, 0.013370, -0.004136, -0.016543, 5.825103, 14.152448
-0.092431, 0.184921, 0.007915, 0.013370, -0.005455, -0.021819, 5.824667, 14.268941
-0.413183, 0.125111, 0.005355, 0.013370, -0.008015, -0.032060, 5.824026, 14.385422
-1.281161, -0.015516, -0.000664, 0.013370, -0.014034, -0.056137, 5.822903, 14.501880
1.053841, 0.091419, 0.003913, 0.013370, -0.009457, -0.037828, 5.822146, 14.618322
1.213164, 0.203594, 0.008715, 0.013370, -0.004655, -0.018622, 5.821774, 14.734757
-0.371897, 0.146045, 0.006251, 0.013370, -0.007119, -0.028475, 5.821204, 14.851181
-0.205051, 0.110935, 0.004748, 0.013370, -0.008622, -0.034487, 5.820515, 14.967591
-0.720661, 0.027776, 0.001189, 0.013370, -0.012181, -0.048725, 5.819540, 15.083982
-1.443389, -0.119341, -0.005108, 0.013370, -0.018478, -0.073914, 5.818062, 15.200344
-1.027713, -0.210178, -0.008996, 0.013370, -0.022367, -0.089466, 5.816273, 15.316669
-3.912852, -0.580445, -0.024845, 0.013370, -0.038215, -0.152858, 5.813216, 15.432934
-3.664804, -0.888881, -0.038046, 0.013369, -0.051415, -0.205660, 5.809103, 15.549116
-5.577950, -1.357788, -0.058114, 0.013366, -0.071480, -0.285920, 5.803384, 15.665184
-6.441394, -1.866149, -0.079865, 0.013363, -0.093228, -0.372912, 5.795926, 15.781102
-7.804835, -2.460017, -0.105267, 0.013358, -0.118625, -0.474498, 5.786436, 15.896831
-9.462303, -3.160246, -0.135203, 0.013350, -0.148553, -0.594212, 5.774552, 16.012321
-10.816678, -3.925889, -0.167913, 0.013339, -0.181252, -0.725008, 5.760052, 16.127523
-10.388246, -4.572124, -0.195498, 0.013328, -0.208826, -0.835305, 5.743346, 16.242390
-9.915043, -5.106416, -0.218287, 0.013317, -0.231604, -0.926416, 5.724817, 16.356886
-9.676276, -5.563402, -0.237763, 0.013307, -0.251070, -1.004281, 5.704731, 16.470980
-10.242038, -6.031266, -0.257687, 0.013296, -0.270983, -1.083933, 5.683053, 16.584641
-15.299211, -6.958060, -0.297103, 0.013272, -0.310374, -1.241498, 5.658223, 16.697805
-16.173182, -7.879572, -0.336217, 0.013244, -0.349461, -1.397842, 5.630266, 16.810411
-19.471031, -9.038718, -0.385292, 0.013204, -0.398497, -1.593986, 5.598386, 16.922379
-18.948236, -10.029670, -0.427123, 0.013166, -0.440289, -1.761155, 5.563163, 17.033642
-19.056660, -10.932369, -0.465117, 0.013128, -0.478245, -1.912978, 5.524904, 17.144140
-18.089760, -11.648108, -0.495161, 0.013095, -0.508255, -2.033022, 5.484243, 17.253824
-19.621233, -12.445421, -0.528537, 0.013056, -0.541593, -2.166373, 5.440916, 17.362642
-19.720179, -13.172897, -0.558901, 0.013018, -0.571919, -2.287678, 5.395163, 17.470545
-19.875214, -13.843129, -0.586796, 0.012982, -0.599778, -2.399111, 5.347180, 17.577488
-20.925348, -14.551352, -0.616185, 0.012941, -0.629126, -2.516504, 5.296850, 17.683426
-21.497368, -15.245954, -0.644917, 0.012900, -0.657817, -2.631266, 5.244225, 17.788311
-21.748379, -15.896196, -0.671728, 0.012859, -0.684587, -2.738349, 5.189458, 17.892099
-22.409384, -16.547516, -0.698498, 0.012816, -0.711314, -2.845256, 5.132553, 17.994751
-24.059460, -17.298710, -0.729259, 0.012765, -0.742025, -2.968098, 5.073191, 18.096214
-24.123423, -17.981182, -0.757098, 0.012717, -0.769815, -3.079261, 5.011605, 18.196445
-25.591656, -18.742229, -0.788015, 0.012661, -0.800677, -3.202706, 4.947551, 18.295397
-26.683905, -19.536396, -0.820130, 0.012600, -0.832730, -3.330921, 4.880933, 18.393015
-26.662392, -20.248995, -0.848812, 0.012544, -0.861356, -3.445422, 4.812025, 18.489256
-26.337431, -20.857838, -0.873214, 0.012494, -0.885708, -3.542831, 4.741168, 18.584080
-26.511099, -21.423164, -0.895783, 0.012446, -0.908230, -3.632919, 4.668509, 18.677450
-27.048464, -21.985695, -0.918155, 0.012398, -0.930553, -3.722211, 4.594065, 18.769331
-26.905127, -22.477638, -0.937647, 0.012354, -0.950001, -3.800005, 4.518065, 18.859692
-25.061859, -22.736061, -0.947858, 0.012331, -0.960190, -3.840759, 4.441250, 18.948517
-26.008635, -23.063318, -0.960762, 0.012302, -0.973064, -3.892256, 4.363405, 19.035786
-26.721544, -23.429140, -0.975150, 0.012268, -0.987418, -3.949671, 4.284411, 19.121473
-28.927622, -23.978989, -0.996700, 0.012216, -1.008916, -4.035665, 4.203698, 19.205547
-26.453547, -24.226444, -1.006369, 0.012193, -1.018561, -4.074245, 4.122213, 19.287992
-24.358135, -24.239613, -1.006883, 0.012191, -1.019074, -4.076296, 4.040688, 19.368807
-25.252090, -24.340860, -1.010833, 0.012182, -1.023015, -4.092058, 3.958846, 19.447985
-28.531866, -24.759960, -1.027150, 0.012141, -1.039291, -4.157165, 3.875703, 19.525499
-30.229176, -25.306881, -1.048361, 0.012087, -1.060449, -4.241794, 3.790867, 19.601316
-28.124798, -25.588673, -1.059253, 0.012059, -1.071312, -4.285247, 3.705162, 19.675419
-27.754761, -25.805281, -1.067608, 0.012037, -1.079645, -4.318579, 3.618791, 19.747795
-28.415997, -26.066353, -1.077657, 0.012010, -1.089667, -4.358670, 3.531617, 19.818428
-29.703491, -26.430067, -1.091620, 0.011973, -1.103593, -4.414372, 3.443330, 19.887295
-30.423729, -26.829433, -1.106902, 0.011931, -1.118832, -4.475330, 3.353823, 19.954370
-28.116930, -26.958183, -1.111817, 0.011917, -1.123734, -4.494936, 3.263925, 20.019650
-26.840176, -26.946383, -1.111366, 0.011919, -1.123285, -4.493140, 3.174062, 20.083130
-28.531603, -27.104904, -1.117411, 0.011902, -1.129313, -4.517251, 3.083717, 20.144804
-30.877113, -27.482124, -1.131760, 0.011861, -1.143621, -4.574485, 2.992227, 20.204649
-28.997341, -27.633646, -1.137510, 0.011845, -1.149355, -4.597419, 2.900279, 20.262655
-27.108347, -27.581116, -1.135517, 0.011851, -1.147368, -4.589471, 2.808489, 20.318825
-27.939386, -27.616943, -1.136876, 0.011847, -1.148723, -4.594893, 2.716591, 20.373158
-29.009394, -27.756187, -1.142154, 0.011832, -1.153986, -4.615943, 2.624273, 20.425642
-28.352659, -27.815834, -1.144413, 0.011825, -1.156238, -4.624952, 2.531774, 20.476278
-27.899809, -27.824232, -1.144731, 0.011824, -1.156555, -4.626220, 2.439249, 20.525063
-27.953606, -27.837170, -1.145220, 0.011823, -1.157043, -4.628173, 2.346686, 20.571997
-29.452719, -27.998724, -1.151331, 0.011805, -1.163136, -4.652544, 2.253635, 20.617069
-27.781477, -27.976999, -1.150510, 0.011808, -1.162317, -4.649269, 2.160650, 20.660282
-26.827129, -27.862013, -1.146161, 0.011820, -1.157981, -4.631924, 2.068011, 20.701643
-25.158175, -27.591629, -1.135916, 0.011850, -1.147766, -4.591063, 1.976190, 20.741167
-25.395924, -27.372059, -1.127578, 0.011873, -1.139451, -4.557805, 1.885034, 20.778868
-26.664608, -27.301313, -1.124888, 0.011881, -1.136769, -4.547075, 1.794092, 20.814749
-20.000767, -26.571259, -1.097029, 0.011958, -1.108987, -4.435948, 1.705373, 20.848856
-18.710932, -25.785225, -1.066835, 0.012039, -1.078874, -4.315495, 1.619063, 20.881237
-17.491676, -24.955870, -1.034759, 0.012122, -1.046881, -4.187524, 1.535313, 20.911943
-15.503485, -24.010632, -0.997937, 0.012213, -1.010151, -4.040602, 1.454501, 20.941034
-11.985153, -22.808084, -0.950701, 0.012325, -0.963026, -3.852103, 1.377459, 20.968584
-10.585407, -21.585817, -0.902261, 0.012433, -0.914694, -3.658774, 1.304283, 20.994669
-9.891453, -20.416382, -0.855530, 0.012530, -0.868060, -3.472242, 1.234838, 21.019365
-8.376552, -19.212399, -0.807047, 0.012626, -0.819672, -3.278689, 1.169264, 21.042751
-7.333911, -18.024549, -0.758864, 0.012714, -0.771578, -3.086310, 1.107538, 21.064901
-5.535156, -16.775610, -0.707851, 0.012801, -0.720652, -2.882609, 1.049886, 21.085899
-4.791107, -15.577160, -0.658584, 0.012879, -0.671463, -2.685853, 0.996169, 21.105824
-4.474681, -14.466912, -0.612686, 0.012946, -0.625632, -2.502528, 0.946118, 21.124746
-1.496006, -13.169822, -0.558773, 0.013019, -0.571791, -2.287165, 0.900375, 21.142754
0.464015, -11.806438, -0.501796, 0.013087, -0.514884, -2.059535, 0.859185, 21.159937
-3.527529, -10.978547, -0.467058, 0.013126, -0.480183, -1.920732, 0.820770, 21.176352
0.775507, -9.803142, -0.417571, 0.013175, -0.430746, -1.722985, 0.786310, 21.192078
0.058358, -8.816992, -0.375917, 0.013212, -0.389129, -1.556515, 0.755180, 21.207182
-0.365227, -7.971815, -0.340127, 0.013241, -0.353368, -1.413473, 0.726910, 21.221720
0.126888, -7.161945, -0.305764, 0.013266, -0.319029, -1.276118, 0.701388, 21.235748
1.001652, -6.345585, -0.271063, 0.013288, -0.284351, -1.137404, 0.678640, 21.249321
1.914114, -5.519616, -0.235897, 0.013308, -0.249206, -0.996823, 0.658703, 21.262495
-1.037056, -5.071360, -0.216792, 0.013318, -0.230110, -0.920440, 0.640295, 21.275301
-2.355149, -4.799738, -0.205209, 0.013323, -0.218532, -0.874128, 0.622812, 21.287758
-1.196336, -4.439398, -0.189835, 0.013330, -0.203165, -0.812660, 0.606559, 21.299889
-0.045609, -4.000019, -0.171079, 0.013338, -0.184416, -0.737665, 0.591806, 21.311726
0.195469, -3.580470, -0.153159, 0.013344, -0.166504, -0.666014, 0.578485, 21.323296
-0.455713, -3.267995, -0.139808, 0.013348, -0.153157, -0.612626, 0.566233, 21.334620
-0.325210, -2.973716, -0.127230, 0.013352, -0.140583, -0.562330, 0.554986, 21.345718
-0.275624, -2.703907, -0.115696, 0.013355, -0.129051, -0.516204, 0.544662, 21.356611
0.332977, -2.400219, -0.102709, 0.013358, -0.116068, -0.464271, 0.535377, 21.367319
0.207969, -2.139400, -0.091554, 0.013361, -0.104915, -0.419660, 0.526984, 21.377859
0.138117, -1.911648, -0.081811, 0.013363, -0.095174, -0.380697, 0.519370, 21.388247
0.148879, -1.705595, -0.072996, 0.013364, -0.086360, -0.345441, 0.512461, 21.398497
-0.114729, -1.546509, -0.066189, 0.013365, -0.079554, -0.318217, 0.506096, 21.408619
0.286935, -1.363164, -0.058344, 0.013366, -0.071710, -0.286840, 0.500360, 21.418627
0.230056, -1.203842, -0.051526, 0.013367, -0.064893, -0.259572, 0.495168, 21.428530
0.172162, -1.066242, -0.045637, 0.013368, -0.059005, -0.236020, 0.490448, 21.438339
0.092041, -0.950414, -0.040680, 0.013368, -0.054048, -0.216193, 0.486124, 21.448061
0.207760, -0.834596, -0.035723, 0.013369, -0.049092, -0.196367, 0.482197, 21.457705
-0.069045, -0.758041, -0.032446, 0.013369, -0.045815, -0.183262, 0.478531, 21.467276
0.366761, -0.645561, -0.027632, 0.013369, -0.041001, -0.164006, 0.475251, 21.476780
0.172197, -0.563785, -0.024132, 0.013370, -0.037502, -0.150006, 0.472251, 21.486225
0.149028, -0.492504, -0.021081, 0.013370, -0.034451, -0.137803, 0.469495, 21.495615
0.253112, -0.417942, -0.017890, 0.013370, -0.031259, -0.125037, 0.466994, 21.504955
-0.069059, -0.383054, -0.016396, 0.013370, -0.029766, -0.119064, 0.464613, 21.514248
0.413349, -0.303414, -0.012987, 0.013370, -0.026357, -0.105429, 0.462504, 21.523499
0.162573, -0.256815, -0.010993, 0.013370, -0.024363, -0.097451, 0.460555, 21.532709
0.323571, -0.198776, -0.008508, 0.013370, -0.021879, -0.087514, 0.458805, 21.541885
-0.023033, -0.181202, -0.007756, 0.013370, -0.021126, -0.084505, 0.457115, 21.551027
0.343084, -0.128774, -0.005512, 0.013370, -0.018882, -0.075529, 0.455604, 21.560139
0.264140, -0.089482, -0.003830, 0.013370, -0.017200, -0.068802, 0.454228, 21.569223
0.241462, -0.056388, -0.002414, 0.013370, -0.015784, -0.063135, 0.452966, 21.578283
-0.057342, -0.056483, -0.002418, 0.013370, -0.015788, -0.063152, 0.451703, 21.587317
0.080617, -0.042773, -0.001831, 0.013370, -0.015201, -0.060804, 0.450487, 21.596327
0.207300, -0.017766, -0.000760, 0.013370, -0.014131, -0.056523, 0.449356, 21.605314
-0.011475, -0.017137, -0.000734, 0.013370, -0.014104, -0.056415, 0.448228, 21.614279
0.080407, -0.007382, -0.000316, 0.013370, -0.013686, -0.054745, 0.447133, 21.623222
0.287974, 0.022153, 0.000948, 0.013370, -0.012422, -0.049688, 0.446139, 21.632145
0.456530, 0.065591, 0.002808, 0.013370, -0.010563, -0.042250, 0.445294, 21.641050
0.219922, 0.081024, 0.003468, 0.013370, -0.009902, -0.039608, 0.444502, 21.649940
0.045855, 0.077507, 0.003318, 0.013370, -0.010053, -0.040210, 0.443698, 21.658815
0.011482, 0.070905, 0.003035, 0.013370, -0.010335, -0.041341, 0.442871, 21.667673
0.068865, 0.070701, 0.003026, 0.013370, -0.010344, -0.041376, 0.442043, 21.676514
0.185422, 0.082173, 0.003517, 0.013370, -0.009853, -0.039411, 0.441255, 21.685339
0.461030, 0.120058, 0.005139, 0.013370, -0.008231, -0.032925, 0.440597, 21.694151
0.229044, 0.130957, 0.005606, 0.013370, -0.007765, -0.031059, 0.439976, 21.702950
0.253979, 0.143259, 0.006132, 0.013370, -0.007238, -0.028952, 0.439396, 21.711737
0.485448, 0.177478, 0.007597, 0.013370, -0.005773, -0.023093, 0.438935, 21.720516
0.335872, 0.193317, 0.008275, 0.013370, -0.005095, -0.020381, 0.438527, 21.729286
0.323701, 0.206356, 0.008833, 0.013370, -0.004537, -0.018149, 0.438164, 21.738049
0.046216, 0.190342, 0.008147, 0.013370, -0.005223, -0.020891, 0.437746, 21.746803
0.355442, 0.206852, 0.008854, 0.013370, -0.004516, -0.018064, 0.437385, 21.755550
0.034336, 0.189600, 0.008116, 0.013370, -0.005254, -0.021018, 0.436964, 21.764290
0.161493, 0.186790, 0.007995, 0.013370, -0.005375, -0.021499, 0.436534, 21.773020
0.150595, 0.183170, 0.007840, 0.013370, -0.005530, -0.022119, 0.436092, 21.781742
0.368012, 0.201654, 0.008632, 0.013370, -0.004738, -0.018954, 0.435713, 21.790457
0.115353, 0.193024, 0.008262, 0.013370, -0.005108, -0.020432, 0.435304, 21.799162
0.057723, 0.179494, 0.007683, 0.013370, -0.005687, -0.022748, 0.434849, 21.807859
0.057607, 0.167305, 0.007161, 0.013370, -0.006209, -0.024835, 0.434353, 21.816547
0.298891, 0.180464, 0.007725, 0.013370, -0.005646, -0.022582, 0.433901, 21.825226
0.068824, 0.169300, 0.007247, 0.013370, -0.006123, -0.024494, 0.433411, 21.833895
0.251848, 0.177555, 0.007600, 0.013370, -0.005770, -0.023080, 0.432950, 21.842554
0.183492, 0.178148, 0.007625, 0.013370, -0.005745, -0.022979, 0.432490, 21.851204
0.493422, 0.209676, 0.008975, 0.013370, -0.004395, -0.017581, 0.432138, 21.859846
0.482141, 0.236922, 0.010141, 0.013370, -0.003229, -0.012915, 0.431880, 21.868484
0.264510, 0.239681, 0.010259, 0.013370, -0.003111, -0.012443, 0.431631, 21.877117
0.287858, 0.244499, 0.010466, 0.013370, -0.002905, -0.011618, 0.431399, 21.885746
0.184156, 0.238464, 0.010207, 0.013370, -0.003163, -0.012651, 0.431146, 21.894369
0.644003, 0.279018, 0.011943, 0.013370, -0.001427, -0.005708, 0.431032, 21.902990
0.125100, 0.263626, 0.011284, 0.013370, -0.002086, -0.008343, 0.430865, 21.911608
0.102639, 0.247528, 0.010595, 0.013370, -0.002775, -0.011100, 0.430643, 21.920221
0.057192, 0.228494, 0.009780, 0.013370, -0.003590, -0.014358, 0.430356, 21.928829
-0.338263, 0.171818, 0.007355, 0.013370, -0.006016, -0.024062, 0.429874, 21.937428
-3.123388, -0.157702, -0.006750, 0.013370, -0.020120, -0.080482, 0.428265, 21.945993
2.650894, 0.123157, 0.005272, 0.013370, -0.008099, -0.032394, 0.427617, 21.954546
3.600448, 0.470887, 0.020156, 0.013370, 0.006786, 0.027144, 0.428160, 21.963110
1.711339, 0.594932, 0.025465, 0.013369, 0.012096, 0.048383, 0.429127, 21.971693
1.206271, 0.656066, 0.028082, 0.013369, 0.014712, 0.058850, 0.430304, 21.980299
2.664031, 0.856862, 0.036676, 0.013369, 0.023307, 0.093229, 0.432169, 21.988943
3.375489, 1.108725, 0.047455, 0.013368, 0.034087, 0.136350, 0.434896, 21.997641
4.342670, 1.432119, 0.061294, 0.013366, 0.047928, 0.191713, 0.438730, 22.006414
6.169547, 1.905862, 0.081564, 0.013363, 0.068201, 0.272804, 0.444186, 22.015299
7.735775, 2.488853, 0.106500, 0.013358, 0.093142, 0.372569, 0.451638, 22.024332
8.246979, 3.064666, 0.131118, 0.013351, 0.117767, 0.471068, 0.461059, 22.033554
9.365237, 3.694723, 0.158040, 0.013342, 0.144698, 0.578791, 0.472635, 22.043007
11.102962, 4.435547, 0.189670, 0.013330, 0.176340, 0.705361, 0.486742, 22.052742
12.611465, 5.253139, 0.224542, 0.013314, 0.211227, 0.844910, 0.503640, 22.062815
14.125562, 6.140381, 0.262331, 0.013293, 0.249038, 0.996151, 0.523563, 22.073286
15.046910, 7.031034, 0.300203, 0.013270, 0.286933, 1.147733, 0.546518, 22.084217
15.733272, 7.901258, 0.337136, 0.013243, 0.323893, 1.295571, 0.572430, 22.095665
16.848793, 8.796011, 0.375029, 0.013213, 0.361816, 1.447264, 0.601375, 22.107693
17.501030, 9.666512, 0.411807, 0.013180, 0.398627, 1.594507, 0.633265, 22.120358
19.521420, 10.652003, 0.453328, 0.013140, 0.440189, 1.760755, 0.668480, 22.133728
20.464222, 11.633225, 0.494537, 0.013096, 0.481441, 1.925764, 0.706995, 22.147867
20.949196, 12.564822, 0.533527, 0.013050, 0.520477, 2.081907, 0.748633, 22.162840
21.715927, 13.479933, 0.571689, 0.013002, 0.558688, 2.234751, 0.793328, 22.178707
21.287985, 14.260738, 0.604136, 0.012958, 0.591178, 2.364713, 0.840623, 22.195520
22.436619, 15.078326, 0.637992, 0.012910, 0.625082, 2.500327, 0.890629, 22.213333
22.194752, 15.789968, 0.667354, 0.012866, 0.654488, 2.617954, 0.942988, 22.232193
21.511154, 16.362087, 0.690885, 0.012829, 0.678057, 2.712227, 0.997233, 22.252138
22.108772, 16.936756, 0.714452, 0.012790, 0.701662, 2.806648, 1.053366, 22.273205
22.488733, 17.491955, 0.737153, 0.012752, 0.724401, 2.897602, 1.111318, 22.295431
22.904383, 18.033197, 0.759215, 0.012713, 0.746502, 2.986008, 1.171038, 22.318851
22.461050, 18.475983, 0.777215, 0.012681, 0.764534, 3.058135, 1.232201, 22.343496
23.419806, 18.970366, 0.797256, 0.012644, 0.784612, 3.138450, 1.294970, 22.369396
24.193663, 19.492695, 0.818367, 0.012604, 0.805763, 3.223051, 1.359431, 22.396585
24.719469, 20.015373, 0.839423, 0.012563, 0.826860, 3.307440, 1.425579, 22.425097
24.559547, 20.469791, 0.857672, 0.012526, 0.845146, 3.380585, 1.493191, 22.454960
25.733273, 20.996140, 0.878743, 0.012482, 0.866261, 3.465043, 1.562492, 22.486210
26.356234, 21.532148, 0.900124, 0.012437, 0.887687, 3.550749, 1.633507, 22.518881
25.864105, 21.965343, 0.917347, 0.012400, 0.904947, 3.619790, 1.705903, 22.552999
27.677551, 22.536564, 0.939977, 0.012349, 0.927628, 3.710511, 1.780113, 22.588602
26.985430, 22.981451, 0.957537, 0.012309, 0.945228, 3.780913, 1.855731, 22.625717
27.394585, 23.422764, 0.974899, 0.012268, 0.962631, 3.850524, 1.932742, 22.664371
27.704781, 23.850965, 0.991690, 0.012228, 0.979462, 3.917848, 2.011099, 22.704594
27.477777, 24.213646, 1.005869, 0.012194, 0.993675, 3.974700, 2.090593, 22.746405
27.429102, 24.535191, 1.018406, 0.012163, 1.006243, 4.024971, 2.171092, 22.789827
27.705740, 24.852245, 1.030736, 0.012132, 1.018604, 4.074415, 2.252580, 22.834879
28.790190, 25.246040, 1.046007, 0.012093, 1.033913, 4.135653, 2.335294, 22.881584
28.925564, 25.613993, 1.060230, 0.012056, 1.048174, 4.192697, 2.419147, 22.929968
27.696081, 25.822201, 1.068260, 0.012035, 1.056225, 4.224898, 2.503645, 22.980042
27.790722, 26.019053, 1.075838, 0.012015, 1.063823, 4.255292, 2.588751, 23.031816
27.786606, 26.195808, 1.082632, 0.011997, 1.070635, 4.282540, 2.674402, 23.085304
28.389032, 26.415131, 1.091048, 0.011974, 1.079074, 4.316295, 2.760728, 23.140518
28.515209, 26.625139, 1.099091, 0.011952, 1.087139, 4.348555, 2.847699, 23.197472
28.593336, 26.821959, 1.106616, 0.011932, 1.094684, 4.378737, 2.935274, 23.256178
28.669083, 27.006672, 1.113666, 0.011912, 1.101754, 4.407016, 3.023414, 23.316647
28.221359, 27.128141, 1.118296, 0.011899, 1.106397, 4.425587, 3.111926, 23.378885
29.262959, 27.341623, 1.126421, 0.011877, 1.114544, 4.458178, 3.201089, 23.442907
28.775990, 27.485060, 1.131871, 0.011861, 1.120010, 4.480041, 3.290690, 23.508720
28.975567, 27.634109, 1.137527, 0.011845, 1.125682, 4.502729, 3.380745, 23.576336
29.446587, 27.815357, 1.144395, 0.011825, 1.132569, 4.530277, 3.471350, 23.645763
30.012100, 28.035032, 1.152703, 0.011801, 1.140901, 4.563606, 3.562622, 23.717016
30.571234, 28.288652, 1.162274, 0.011773, 1.150500, 4.602001, 3.654662, 23.790110
30.334894, 28.493277, 1.169979, 0.011751, 1.158228, 4.632913, 3.747321, 23.865057
29.923019, 28.636251, 1.175354, 0.011735, 1.163619, 4.654477, 3.840410, 23.941866
29.652075, 28.737833, 1.179168, 0.011723, 1.167445, 4.669780, 3.933806, 24.020542
29.332027, 28.797253, 1.181398, 0.011717, 1.169681, 4.678724, 4.027380, 24.101089
29.923309, 28.909859, 1.185619, 0.011704, 1.173916, 4.695662, 4.121294, 24.183516
30.049471, 29.023819, 1.189887, 0.011691, 1.178196, 4.712784, 4.215549, 24.267826
29.810074, 29.102444, 1.192829, 0.011682, 1.181147, 4.724586, 4.310041, 24.354027
29.511086, 29.143309, 1.194357, 0.011678, 1.182679, 4.730717, 4.404656, 24.442120
28.609512, 29.089930, 1.192361, 0.011684, 1.180677, 4.722709, 4.499110, 24.532103
29.593920, 29.140329, 1.194246, 0.011678, 1.182568, 4.730270, 4.593716, 24.623978
29.580051, 29.184301, 1.195889, 0.011673, 1.184216, 4.736865, 4.688453, 24.717747
29.872023, 29.253073, 1.198458, 0.011665, 1.186793, 4.747173, 4.783397, 24.813416
30.007811, 29.328547, 1.201276, 0.011656, 1.189619, 4.758478, 4.878566, 24.910986
30.059875, 29.401680, 1.204004, 0.011648, 1.192356, 4.769424, 4.973955, 25.010466
30.353260, 29.496838, 1.207551, 0.011637, 1.195914, 4.783655, 5.069628, 25.111858
29.771086, 29.524263, 1.208573, 0.011634, 1.196939, 4.787755, 5.165383, 25.215166
30.185987, 29.590435, 1.211036, 0.011626, 1.199410, 4.797640, 5.261336, 25.320393
29.571991, 29.588591, 1.210968, 0.011627, 1.199341, 4.797365, 5.357283, 25.427538
30.372421, 29.666973, 1.213884, 0.011618, 1.202267, 4.809067, 5.453465, 25.536608
30.329000, 29.733175, 1.216346, 0.011610, 1.204736, 4.818943, 5.549843, 25.647604
30.428547, 29.802711, 1.218929, 0.011602, 1.207327, 4.829310, 5.646430, 25.760532
29.930269, 29.815468, 1.219403, 0.011600, 1.207803, 4.831211, 5.743054, 25.875393
30.707468, 29.904667, 1.222714, 0.011590, 1.211124, 4.844497, 5.839944, 25.992191
30.585274, 29.972727, 1.225239, 0.011582, 1.213657, 4.854627, 5.937037, 26.110931
30.089571, 29.984411, 1.225672, 0.011581, 1.214091, 4.856366, 6.034164, 26.231615
30.032307, 29.989201, 1.225850, 0.011580, 1.214269, 4.857078, 6.131306, 26.354240
31.260015, 30.116282, 1.230558, 0.011565, 1.218993, 4.875970, 6.228825, 26.478817
31.524355, 30.257090, 1.235768, 0.011549, 1.224219, 4.896876, 6.326763, 26.605352
32.075077, 30.438889, 1.242483, 0.011527, 1.230956, 4.923823, 6.425239, 26.733858
32.310093, 30.626009, 1.249382, 0.011505, 1.237877, 4.951508, 6.524269, 26.864344
32.158993, 30.779308, 1.255024, 0.011487, 1.243537, 4.974150, 6.623752, 26.996819
30.925589, 30.793936, 1.255562, 0.011485, 1.244077, 4.976308, 6.723278, 27.131285
31.774202, 30.891962, 1.259165, 0.011473, 1.247691, 4.990765, 6.823093, 27.267746
31.205259, 30.923292, 1.260315, 0.011470, 1.248846, 4.995382, 6.923001, 27.406206
25.934456, 30.424408, 1.241949, 0.011529, 1.230420, 4.921679, 7.021435, 27.546635
22.967175, 29.678684, 1.214320, 0.011616, 1.202703, 4.810814, 7.117651, 27.688988
19.038527, 28.614668, 1.174543, 0.011737, 1.162806, 4.651223, 7.210675, 27.833200
16.152737, 27.368475, 1.127442, 0.011874, 1.115568, 4.462273, 7.299921, 27.979198
11.928941, 25.824522, 1.068349, 0.012035, 1.056314, 4.225257, 7.384426, 28.126886
7.510602, 23.993130, 0.997253, 0.012215, 0.985038, 3.940152, 7.463229, 28.276152
4.489784, 22.042795, 0.920421, 0.012393, 0.908028, 3.632112, 7.535871, 28.426868
2.586222, 20.097137, 0.842710, 0.012556, 0.830154, 3.320617, 7.602283, 28.578915
-0.022342, 18.085190, 0.761331, 0.012710, 0.748622, 2.994487, 7.662173, 28.732159
-3.687779, 15.907893, 0.672210, 0.012858, 0.659352, 2.637407, 7.714921, 28.886457
-1.374728, 14.179631, 0.600771, 0.012963, 0.587808, 2.351233, 7.761946, 29.041697
0.374981, 12.799167, 0.543313, 0.013038, 0.530275, 2.121100, 7.804368, 29.197784
4.686116, 11.987862, 0.509395, 0.013079, 0.496317, 1.985266, 7.844073, 29.354666
-9.000473, 9.889029, 0.421193, 0.013172, 0.408022, 1.632088, 7.876715, 29.512199
-13.747031, 7.525423, 0.321194, 0.013255, 0.307939, 1.231757, 7.901350, 29.670227
12.676701, 8.040550, 0.343041, 0.013239, 0.329802, 1.319208, 7.927735, 29.828781
0.080633, 7.244558, 0.309272, 0.013263, 0.296008, 1.184034, 7.951416, 29.987810
0.090765, 6.529179, 0.278872, 0.013283, 0.265588, 1.062353, 7.972662, 30.147263
0.276677, 5.903929, 0.252266, 0.013299, 0.238967, 0.955867, 7.991780, 30.307098
0.092805, 5.322816, 0.227511, 0.013313, 0.214199, 0.856795, 8.008916, 30.467278
0.147698, 4.805305, 0.205446, 0.013323, 0.192123, 0.768492, 8.024285, 30.627764
0.115446, 4.336318, 0.185436, 0.013332, 0.172104, 0.688414, 8.038054, 30.788525
0.447973, 3.947484, 0.168835, 0.013338, 0.155497, 0.621987, 8.050493, 30.949535
0.262823, 3.579018, 0.153097, 0.013344, 0.139753, 0.559013, 8.061673, 31.110769
0.287684, 3.249885, 0.139034, 0.013349, 0.125685, 0.502742, 8.071728, 31.272203
0.300580, 2.954954, 0.126428, 0.013352, 0.113076, 0.452304, 8.080773, 31.433819
0.193412, 2.678800, 0.114622, 0.013356, 0.101267, 0.405066, 8.088875, 31.595596
0.264936, 2.437413, 0.104300, 0.013358, 0.090942, 0.363768, 8.096150, 31.757519
-0.057480, 2.187924, 0.093630, 0.013360, 0.080269, 0.321077, 8.102571, 31.919571
0.217505, 1.990882, 0.085201, 0.013362, 0.071839, 0.287355, 8.108318, 32.081738
0.125698, 1.804364, 0.077222, 0.013364, 0.063858, 0.255432, 8.113427, 32.244007
0.491944, 1.673122, 0.071606, 0.013364, 0.058242, 0.232968, 8.118087, 32.406368
0.240304, 1.529840, 0.065476, 0.013365, 0.052110, 0.208441, 8.122255, 32.568813
-0.022946, 1.374561, 0.058831, 0.013366, 0.045465, 0.181860, 8.125893, 32.731331
0.289487, 1.266054, 0.054188, 0.013367, 0.040821, 0.163284, 8.129158, 32.893913
0.205688, 1.160017, 0.049650, 0.013367, 0.036283, 0.145131, 8.132061, 33.056553
0.160910, 1.060107, 0.045374, 0.013368, 0.032007, 0.128026, 8.134622, 33.219246
0.266059, 0.980702, 0.041976, 0.013368, 0.028608, 0.114431, 8.136910, 33.381985
-0.011505, 0.881481, 0.037730, 0.013369, 0.024361, 0.097444, 8.138860, 33.544762
0.172404, 0.810573, 0.034695, 0.013369, 0.021326, 0.085304, 8.140566, 33.707573
0.266274, 0.756144, 0.032365, 0.013369, 0.018996, 0.075985, 8.142086, 33.870415
0.172300, 0.697759, 0.029866, 0.013369, 0.016497, 0.065988, 8.143406, 34.033283
0.207927, 0.648776, 0.027770, 0.013369, 0.014400, 0.057602, 8.144558, 34.196175
0.356870, 0.619585, 0.026520, 0.013369, 0.013151, 0.052604, 8.145610, 34.359085
0.091838, 0.566811, 0.024261, 0.013370, 0.010892, 0.043568, 8.146482, 34.522015
0.195508, 0.529680, 0.022672, 0.013370, 0.009303, 0.037210, 8.147225, 34.684959
0.069156, 0.483628, 0.020701, 0.013370, 0.007331, 0.029325, 8.147812, 34.847916
0.034599, 0.438725, 0.018779, 0.013370, 0.005409, 0.021637, 8.148245, 35.010880
-0.034439, 0.391409, 0.016754, 0.013370, 0.003384, 0.013536, 8.148516, 35.173851
0.126278, 0.364896, 0.015619, 0.013370, 0.002249, 0.008996, 8.148696, 35.336826
-0.080926, 0.320313, 0.013711, 0.013370, 0.000341, 0.001363, 8.148724, 35.499802
0.126633, 0.300945, 0.012882, 0.013370, -0.000488, -0.001953, 8.148685, 35.662777
0.264777, 0.297328, 0.012727, 0.013370, -0.000643, -0.002573, 8.148633, 35.825748
0.299733, 0.297569, 0.012737, 0.013370, -0.000633, -0.002531, 8.148582, 35.988720
0.368234, 0.304635, 0.013040, 0.013370, -0.000330, -0.001322, 8.148556, 36.151691
0.206760, 0.294848, 0.012621, 0.013370, -0.000749, -0.002997, 8.148496, 36.314663
-0.080407, 0.257322, 0.011014, 0.013370, -0.002356, -0.009422, 8.148307, 36.477631
0.355086, 0.267099, 0.011433, 0.013370, -0.001937, -0.007749, 8.148152, 36.640594
0.196415, 0.260030, 0.011130, 0.013370, -0.002240, -0.008959, 8.147973, 36.803555
0.438508, 0.277878, 0.011894, 0.013370, -0.001476, -0.005903, 8.147855, 36.966511
0.218817, 0.271972, 0.011642, 0.013370, -0.001729, -0.006914, 8.147717, 37.129463
0.115260, 0.256301, 0.010971, 0.013370, -0.002399, -0.009597, 8.147525, 37.292412
0.207009, 0.251372, 0.010760, 0.013370, -0.002610, -0.010441, 8.147316, 37.455357
0.115260, 0.237760, 0.010177, 0.013370, -0.003193, -0.012772, 8.147060, 37.618298
0.022978, 0.216282, 0.009258, 0.013370, -0.004112, -0.016449, 8.146731, 37.781231
-0.023033, 0.192351, 0.008233, 0.013370, -0.005137, -0.020547, 8.146320, 37.944157
0.160878, 0.189203, 0.008099, 0.013370, -0.005271, -0.021086, 8.145899, 38.107075
0.113750, 0.181658, 0.007776, 0.013370, -0.005594, -0.022378, 8.145452, 38.269985
0.265043, 0.189996, 0.008133, 0.013370, -0.005237, -0.020950, 8.145033, 38.432884
0.300641, 0.201061, 0.008606, 0.013370, -0.004764, -0.019056, 8.144651, 38.595776
0.265523, 0.207507, 0.008882, 0.013370, -0.004488, -0.017952, 8.144293, 38.758663
0.389215, 0.225678, 0.009660, 0.013370, -0.003710, -0.014841, 8.143996, 38.921543
0.080942, 0.211204, 0.009040, 0.013370, -0.004330, -0.017319, 8.143650, 39.084415
0.092282, 0.199312, 0.008531, 0.013370, -0.004839, -0.019355, 8.143263, 39.247280
0.229825, 0.202363, 0.008662, 0.013370, -0.004708, -0.018833, 8.142886, 39.410137
0.392036, 0.221331, 0.009474, 0.013370, -0.003896, -0.015585, 8.142574, 39.572990
0.195705, 0.218768, 0.009364, 0.013370, -0.004006, -0.016024, 8.142254, 39.735836
0.103360, 0.207227, 0.008870, 0.013370, -0.004500, -0.018000, 8.141894, 39.898674
0.103567, 0.196861, 0.008426, 0.013370, -0.004944, -0.019775, 8.141499, 40.061504
0.195665, 0.196742, 0.008421, 0.013370, -0.004949, -0.019795, 8.141103, 40.224327
0.045928, 0.181660, 0.007776, 0.013370, -0.005594, -0.022377, 8.140656, 40.387138
0.137896, 0.177284, 0.007588, 0.013370, -0.005782, -0.023127, 8.140193, 40.549942
0.173553, 0.176911, 0.007573, 0.013370, -0.005798, -0.023190, 8.139729, 40.712738
0.230102, 0.182230, 0.007800, 0.013370, -0.005570, -0.022280, 8.139284, 40.875523
