0.278865, 0.027887, 0.001194, 0.013370, 0.000000, 0.000000, 0.000000
0.011441, 0.026242, 0.001123, 0.013370, 0.000000, 0.000000, 0.000000
-0.105023, 0.013116, 0.000561, 0.013370, 0.000000, 0.000000, 0.000000
0.057503, 0.017554, 0.000751, 0.013370, 0.000000, 0.000000, 0.000000
0.011443, 0.016943, 0.000725, 0.013370, 0.000000, 0.000000, 0.000000
0.000000, 0.015249, 0.000653, 0.013370, 0.000000, 0.000000, 0.000000
0.276677, 0.041392, 0.001772, 0.013370, 0.000000, 0.000000, 0.000000
0.243563, 0.061609, 0.002637, 0.013370, 0.000000, 0.000000, 0.000000
0.291134, 0.084561, 0.003620, 0.013370, 0.000000, 0.000000, 0.000000
0.104132, 0.086518, 0.003703, 0.013370, 0.000000, 0.000000, 0.000000
0.057584, 0.083625, 0.003579, 0.013370, 0.000000, 0.000000, 0.000000
0.346403, 0.109903, 0.004704, 0.013370, 0.000000, 0.000000, 0.000000
0.069212, 0.105834, 0.004530, 0.013370, 0.000000, 0.000000, 0.000000
0.000000, 0.095250, 0.004077, 0.013370, 0.000000, 0.000000, 0.000000
0.069435, 0.092669, 0.003967, 0.013370, 0.000000, 0.000000, 0.000000
0.023006, 0.085702, 0.003668, 0.013370, 0.000000, 0.000000, 0.000000
0.149627, 0.092095, 0.003942, 0.013370, 0.000000, 0.000000, 0.000000
0.058062, 0.088692, 0.003796, 0.013370, 0.000000, 0.000000, 0.000000
0.288554, 0.108678, 0.004652, 0.013370, 0.000000, 0.000000, 0.000000
0.127272, 0.110537, 0.004731, 0.013370, 0.000000, 0.000000, 0.000000
0.149357, 0.114419, 0.004898, 0.013370, 0.000000, 0.000000, 0.000000
-0.127555, 0.090222, 0.003862, 0.013370, 0.000000, 0.000000, 0.000000
-0.104448, 0.070755, 0.003029, 0.013370, 0.000000, 0.000000, 0.000000
0.264670, 0.090146, 0.003859, 0.013370, 0.000000, 0.000000, 0.000000
0.023089, 0.083441, 0.003572, 0.013370, 0.000000, 0.000000, 0.000000
0.300883, 0.105185, 0.004502, 0.013370, 0.000000, 0.000000, 0.000000
0.161493, 0.110816, 0.004743, 0.013370, 0.000000, 0.000000, 0.000000
0.196613, 0.119395, 0.005111, 0.013370, 0.000000, 0.000000, 0.000000
0.092004, 0.116656, 0.004993, 0.013370, 0.000000, 0.000000, 0.000000
-0.034662, 0.101525, 0.004346, 0.013370, 0.000000, 0.000000, 0.000000
-0.069548, 0.084417, 0.003613, 0.013370, 0.000000, 0.000000, 0.000000
0.023103, 0.078286, 0.003351, 0.013370, 0.000000, 0.000000, 0.000000
0.150504, 0.085508, 0.003660, 0.013370, 0.000000, 0.000000, 0.000000
-0.149627, 0.061994, 0.002654, 0.013370, 0.000000, 0.000000, 0.000000
-0.046318, 0.051163, 0.002190, 0.013370, 0.000000, 0.000000, 0.000000
-0.103838, 0.035663, 0.001527, 0.013370, 0.000000, 0.000000, 0.000000
0.310387, 0.063135, 0.002702, 0.013370, 0.000000, 0.000000, 0.000000
0.276844, 0.084506, 0.003617, 0.013370, 0.000000, 0.000000, 0.000000
-0.128022, 0.063253, 0.002708, 0.013370, 0.000000, 0.000000, 0.000000
-0.057584, 0.051170, 0.002190, 0.013370, 0.000000, 0.000000, 0.000000
0.115749, 0.057628, 0.002467, 0.013370, 0.000000, 0.000000, 0.000000
0.161950, 0.068060, 0.002913, 0.013370, 0.000000, 0.000000, 0.000000
-0.104406, 0.050813, 0.002175, 0.013370, 0.000000, 0.000000, 0.000000
0.172855, 0.063017, 0.002697, 0.013370, 0.000000, 0.000000, 0.000000
0.150625, 0.071778, 0.003072, 0.013370, 0.000000, 0.000000, 0.000000
-0.185836, 0.046017, 0.001970, 0.013370, 0.000000, 0.000000, 0.000000
-0.057793, 0.035636, 0.001525, 0.013370, 0.000000, 0.000000, 0.000000
0.242483, 0.056321, 0.002411, 0.013370, 0.000000, 0.000000, 0.000000
-0.354662, 0.015222, 0.000652, 0.013370, 0.000000, 0.000000, 0.000000
0.150778, 0.028778, 0.001232, 0.013370, 0.000000, 0.000000, 0.000000
0.345012, 0.060401, 0.002585, 0.013370, 0.000000, 0.000000, 0.000000
-0.184082, 0.035953, 0.001539, 0.013370, 0.000000, 0.000000, 0.000000
0.301493, 0.062507, 0.002676, 0.013370, 0.000000, 0.000000, 0.000000
0.046113, 0.060868, 0.002605, 0.013370, 0.000000, 0.000000, 0.000000
0.369197, 0.091701, 0.003925, 0.013370, 0.000000, 0.000000, 0.000000
0.391877, 0.121718, 0.005210, 0.013370, 0.000000, 0.000000, 0.000000
0.081402, 0.117687, 0.005037, 0.013370, 0.000000, 0.000000, 0.000000
0.195508, 0.125469, 0.005371, 0.013370, 0.000000, 0.000000, 0.000000
0.081057, 0.121028, 0.005180, 0.013370, 0.000000, 0.000000, 0.000000
0.263348, 0.135260, 0.005790, 0.013370, 0.000000, 0.000000, 0.000000
0.046328, 0.126366, 0.005409, 0.013370, 0.000000, 0.000000, 0.000000
0.000000, 0.113730, 0.004868, 0.013370, 0.000000, 0.000000, 0.000000
0.196971, 0.122054, 0.005224, 0.013370, 0.000000, 0.000000, 0.000000
0.323571, 0.142206, 0.006087, 0.013370, 0.000000, 0.000000, 0.000000
0.300762, 0.158061, 0.006766, 0.013370, 0.000000, 0.000000, 0.000000
0.367717, 0.179027, 0.007663, 0.013370, 0.000000, 0.000000, 0.000000
0.173098, 0.178434, 0.007638, 0.013370, 0.000000, 0.000000, 0.000000
-0.104048, 0.150186, 0.006429, 0.013370, 0.000000, 0.000000, 0.000000
0.323701, 0.167537, 0.007171, 0.013370, 0.000000, 0.000000, 0.000000
-0.274740, 0.123310, 0.005278, 0.013370, 0.000000, 0.000000, 0.000000
1.768885, 0.287867, 0.012322, 0.013370, 0.000000, 0.000000, 0.000000
-0.023112, 0.256769, 0.010991, 0.013370, 0.000000, 0.000000, 0.000000
-0.068481, 0.224244, 0.009599, 0.013370, 0.000000, 0.000000, 0.000000
0.091599, 0.210980, 0.009031, 0.013370, 0.000000, 0.000000, 0.000000
0.275899, 0.217472, 0.009309, 0.013370, 0.000000, 0.000000, 0.000000
0.081089, 0.203833, 0.008725, 0.013370, 0.000000, 0.000000, 0.000000
-0.803206, 0.103129, 0.004414, 0.013370, 0.000000, 0.000000, 0.000000
0.214125, 0.114229, 0.004889, 0.013370, 0.000000, 0.000000, 0.000000
-1.188926, -0.016086, -0.000689, 0.013370, 0.000000, 0.000000, 0.000000
-0.477280, -0.062206, -0.002663, 0.013370, 0.000000, 0.000000, 0.000000
2.411714, 0.185186, 0.007927, 0.013370, 0.000000, 0.000000, 0.000000
1.970731, 0.363741, 0.015570, 0.013370, 0.000000, 0.000000, 0.000000
2.342911, 0.561658, 0.024041, 0.013370, 0.000000, 0.000000, 0.000000
3.087557, 0.814248, 0.034852, 0.013369, 0.000000, 0.000000, 0.000000
4.850866, 1.217910, 0.052128, 0.013367, 0.000000, 0.000000, 0.000000
7.333339, 1.829453, 0.078295, 0.013363, 0.000000, 0.000000, 0.000000
9.170632, 2.563570, 0.109695, 0.013357, 0.000000, 0.000000, 0.000000
10.887344, 3.395948, 0.145276, 0.013347, 0.000000, 0.000000, 0.000000
12.698418, 4.326195, 0.185003, 0.013332, 0.000000, 0.000000, 0.000000
13.693920, 5.262967, 0.224960, 0.013314, 0.000000, 0.000000, 0.000000
15.405568, 6.277227, 0.268155, 0.013290, 0.000000, 0.000000, 0.000000
17.759977, 7.425502, 0.316954, 0.013258, 0.000000, 0.000000, 0.000000
17.992435, 8.482196, 0.361749, 0.013224, 0.000000, 0.000000, 0.000000
17.237635, 9.357739, 0.398772, 0.013192, 0.000000, 0.000000, 0.000000
16.657015, 10.087667, 0.429567, 0.013164, 0.000000, 0.000000, 0.000000
17.849051, 10.863806, 0.462235, 0.013131, 0.000000, 0.000000, 0.000000
20.272289, 11.804654, 0.501722, 0.013087, 0.000000, 0.000000, 0.000000
21.326496, 12.756838, 0.541546, 0.013040, 0.000000, 0.000000, 0.000000
21.941673, 13.675322, 0.579819, 0.012991, 0.000000, 0.000000, 0.000000
22.974934, 14.605283, 0.618419, 0.012938, 0.000000, 0.000000, 0.000000
23.946814, 15.539436, 0.657029, 0.012881, 0.000000, 0.000000, 0.000000
26.265917, 16.612083, 0.701146, 0.012812, 0.000000, 0.000000, 0.000000
27.112587, 17.662134, 0.744097, 0.012740, 0.000000, 0.000000, 0.000000
28.246708, 18.720592, 0.787138, 0.012663, 0.000000, 0.000000, 0.000000
29.688576, 19.817390, 0.831455, 0.012578, 0.000000, 0.000000, 0.000000
30.324276, 20.868078, 0.873623, 0.012493, 0.000000, 0.000000, 0.000000
30.205536, 21.801825, 0.910852, 0.012414, 0.000000, 0.000000, 0.000000
30.697798, 22.691422, 0.946096, 0.012335, 0.000000, 0.000000, 0.000000
32.377087, 23.659988, 0.984208, 0.012246, 0.000000, 0.000000, 0.000000
33.116585, 24.605648, 1.021148, 0.012156, 4.048125, 0.080963, 0.001619
33.406223, 25.485706, 1.055276, 0.012069, 4.184897, 0.164660, 0.004912
34.037052, 26.340841, 1.088199, 0.011982, 4.316850, 0.250997, 0.009932
34.896149, 27.196373, 1.120895, 0.011892, 4.447902, 0.339955, 0.016732
35.884415, 28.065178, 1.153842, 0.011798, 4.579972, 0.431555, 0.025363
36.100414, 28.868702, 1.184077, 0.011709, 4.701182, 0.525578, 0.035874
36.752396, 29.657072, 1.213516, 0.011619, 4.819207, 0.621963, 0.048313
36.874371, 30.378801, 1.240265, 0.011534, 4.926457, 0.720492, 0.062723
37.827591, 31.123680, 1.267666, 0.011446, 5.036326, 0.821218, 0.079148
38.068043, 31.818117, 1.293018, 0.011361, 5.137990, 0.923978, 0.097627
39.576195, 32.593925, 1.321116, 0.011265, 5.250672, 1.028992, 0.118207
38.251793, 33.159714, 1.341456, 0.011193, 5.332244, 1.135636, 0.140920
37.932125, 33.636955, 1.358510, 0.011132, 5.400645, 1.243649, 0.165793
38.068375, 34.080097, 1.374262, 0.011074, 5.463825, 1.352926, 0.192851
38.454308, 34.517517, 1.389729, 0.011016, 5.525867, 1.463443, 0.222120
39.130440, 34.978809, 1.405953, 0.010955, 5.590947, 1.575262, 0.253625
39.961384, 35.477066, 1.423375, 0.010888, 5.660835, 1.688479, 0.287395
38.680378, 35.797398, 1.434518, 0.010844, 5.705540, 1.802590, 0.323447
37.325245, 35.950184, 1.439818, 0.010824, 5.726800, 1.917126, 0.361789
37.173107, 36.072475, 1.444052, 0.010807, 5.743788, 2.032001, 0.402429
38.205696, 36.285797, 1.451422, 0.010777, 5.773357, 2.147469, 0.445379
38.699451, 36.527161, 1.459737, 0.010744, 5.806717, 2.263603, 0.490651
38.216167, 36.696060, 1.465540, 0.010720, 5.830000, 2.380203, 0.538255
38.248650, 36.851318, 1.470864, 0.010699, 5.851358, 2.497230, 0.588199
38.175285, 36.983715, 1.475395, 0.010680, 5.869538, 2.614621, 0.640492
38.830196, 37.168362, 1.481700, 0.010654, 5.894839, 2.732517, 0.695142
37.934078, 37.244934, 1.484311, 0.010643, 5.905313, 2.850624, 0.752155
36.544575, 37.174896, 1.481923, 0.010653, 5.895733, 2.968539, 0.811525
37.989712, 37.256378, 1.484701, 0.010642, 5.906878, 3.086676, 0.873259
39.173035, 37.448044, 1.491222, 0.010615, 5.933045, 3.205337, 0.937366
38.728291, 37.576069, 1.495569, 0.010596, 5.950488, 3.324347, 1.003853
37.796089, 37.598072, 1.496316, 0.010593, 5.953482, 3.443416, 1.072721
36.823914, 37.520657, 1.493689, 0.010604, 5.942942, 3.562275, 1.143966
37.689747, 37.537567, 1.494263, 0.010602, 5.945245, 3.681180, 1.217590
38.879299, 37.671741, 1.498813, 0.010583, 5.963502, 3.800450, 1.293599
39.000420, 37.804611, 1.503311, 0.010564, 5.981551, 3.920081, 1.372001
37.977047, 37.821854, 1.503894, 0.010561, 5.983890, 4.039759, 1.452796
36.723362, 37.712006, 1.500177, 0.010577, 5.968976, 4.159139, 1.535979
35.990479, 37.539852, 1.494340, 0.010602, 5.945557, 4.278050, 1.621540
37.218693, 37.507736, 1.493250, 0.010606, 5.941182, 4.396873, 1.709477
38.120312, 37.568993, 1.495329, 0.010597, 5.949524, 4.515864, 1.799794
38.102455, 37.622337, 1.497138, 0.010590, 5.956784, 4.635000, 1.892494
37.341839, 37.594288, 1.496187, 0.010594, 5.952968, 4.754059, 1.987576
37.773594, 37.612217, 1.496795, 0.010591, 5.955407, 4.873168, 2.085039
38.675232, 37.718517, 1.500397, 0.010576, 5.969860, 4.992565, 2.184890
38.586678, 37.805332, 1.503335, 0.010564, 5.981648, 5.112198, 2.287134
37.341587, 37.758957, 1.501766, 0.010570, 5.975353, 5.231705, 2.391768
36.414108, 37.624474, 1.497211, 0.010590, 5.957075, 5.350846, 2.498785
36.563747, 37.518402, 1.493612, 0.010605, 5.942635, 5.469699, 2.608179
34.550663, 37.221626, 1.483517, 0.010647, 5.902126, 5.587741, 2.719934
30.921328, 36.591595, 1.461953, 0.010735, 5.815606, 5.704053, 2.834015
29.109730, 35.843407, 1.436115, 0.010838, 5.711946, 5.818292, 2.950381
29.557096, 35.214775, 1.414217, 0.010923, 5.624098, 5.930774, 3.068996
29.095140, 34.602810, 1.392736, 0.011005, 5.537928, 6.041533, 3.189827
27.720098, 33.914539, 1.368386, 0.011096, 5.440259, 6.150338, 3.312834
27.639479, 33.287033, 1.346014, 0.011177, 5.350528, 6.257349, 3.437981
27.789856, 32.737316, 1.326283, 0.011246, 5.271393, 6.362776, 3.565236
26.689953, 32.132580, 1.304436, 0.011322, 5.183778, 6.466452, 3.694565
25.313993, 31.450722, 1.279629, 0.011406, 5.084297, 6.568138, 3.825928
24.079611, 30.713612, 1.252607, 0.011495, 4.975945, 6.667656, 3.959281
23.304367, 29.972687, 1.225237, 0.011582, 4.866203, 6.764980, 4.094581
22.274670, 29.202885, 1.196584, 0.011671, 4.751322, 6.860007, 4.231781
20.246967, 28.307293, 1.162976, 0.011771, 4.616590, 6.952339, 4.370828
18.592262, 27.335791, 1.126199, 0.011877, 4.469165, 7.041722, 4.511662
18.200720, 26.422283, 1.091322, 0.011974, 4.329368, 7.128309, 4.654228
16.021593, 25.382214, 1.051276, 0.012080, 4.168864, 7.211687, 4.798462
14.973896, 24.341381, 1.010853, 0.012182, 4.006867, 7.291824, 4.944298
14.445077, 23.351751, 0.972109, 0.012275, 0.000000, 7.291824, 5.090135
13.135162, 22.330093, 0.931808, 0.012368, 0.000000, 7.291824, 5.235971
10.883410, 21.185425, 0.886303, 0.012467, 0.000000, 7.291824, 5.381807
9.090273, 19.975910, 0.837835, 0.012566, 0.000000, 7.291824, 5.527644
8.122645, 18.790585, 0.789975, 0.012658, 0.000000, 7.291824, 5.673480
8.311460, 17.742672, 0.747381, 0.012734, 0.000000, 7.291824, 5.819316
8.484725, 16.816877, 0.709542, 0.012798, 0.000000, 7.291824, 5.965153
8.707760, 16.005966, 0.676246, 0.012852, 0.000000, 7.291824, 6.110989
8.793246, 15.284695, 0.646517, 0.012897, 0.000000, 7.291824, 6.256825
9.336067, 14.689832, 0.621920, 0.012933, 0.000000, 7.291824, 6.402662
9.787395, 14.199588, 0.601599, 0.012962, 0.000000, 7.291824, 6.548498
10.111968, 13.790826, 0.584622, 0.012985, 0.000000, 7.291824, 6.694335
10.656006, 13.477344, 0.571582, 0.013002, 0.000000, 7.291824, 6.840171
11.203004, 13.249909, 0.562110, 0.013014, 0.000000, 7.291824, 6.986007
11.612699, 13.086188, 0.555287, 0.013023, 0.000000, 7.291824, 7.131844
12.076859, 12.985255, 0.551077, 0.013028, 0.000000, 7.291824, 7.277680
12.616891, 12.948419, 0.549541, 0.013030, 0.000000, 7.291824, 7.423516
13.397151, 12.993292, 0.551413, 0.013028, 0.000000, 7.291824, 7.569353
14.674834, 13.161446, 0.558424, 0.013019, 0.000000, 7.291824, 7.715189
16.756294, 13.520930, 0.573396, 0.013000, 0.000000, 7.291824, 7.861025
17.395952, 13.908433, 0.589510, 0.012978, 0.000000, 7.291824, 8.006862
19.492563, 14.466846, 0.612683, 0.012946, 0.000000, 7.291824, 8.152699
21.012070, 15.121368, 0.639770, 0.012907, 0.000000, 7.291824, 8.298535
22.064913, 15.815722, 0.668415, 0.012864, 0.000000, 7.291824, 8.444372
24.374540, 16.671604, 0.703587, 0.012808, 0.000000, 7.291824, 8.590209
26.461779, 17.650621, 0.743627, 0.012741, 0.000000, 7.291824, 8.736046
27.225307, 18.608089, 0.782576, 0.012671, 0.000000, 7.291824, 8.881883
28.940205, 19.641300, 0.824360, 0.012592, 0.000000, 7.291824, 9.027719
30.140259, 20.691196, 0.866545, 0.012508, 0.000000, 7.291824, 9.173556
30.583799, 21.680456, 0.906027, 0.012424, 0.000000, 7.291824, 9.319393
31.838356, 22.696247, 0.946286, 0.012335, 0.000000, 7.291824, 9.465230
32.695152, 23.696138, 0.985626, 0.012243, 0.000000, 7.291824, 9.611067
32.959061, 24.622431, 1.021802, 0.012154, 4.050743, 7.372838, 9.758524
34.119244, 25.572113, 1.058614, 0.012060, 4.198273, 7.456804, 9.907660
35.841015, 26.599003, 1.098091, 0.011955, 4.356499, 7.543934, 10.058538
37.076283, 27.646730, 1.138006, 0.011844, 4.516492, 7.634264, 10.211224
37.120182, 28.594076, 1.173769, 0.011739, 4.659858, 7.727461, 10.365773
36.879192, 29.422588, 1.204784, 0.011646, 4.784198, 7.823145, 10.522236
37.354977, 30.215828, 1.234242, 0.011554, 4.902307, 7.921191, 10.680659
38.256462, 31.019892, 1.263861, 0.011458, 5.021068, 8.021612, 10.841091
38.873146, 31.805218, 1.292549, 0.011363, 5.136108, 8.124334, 11.003578
39.182701, 32.542965, 1.319278, 0.011271, 5.243299, 8.229200, 11.168162
37.943848, 33.083054, 1.338707, 0.011203, 5.321221, 8.335625, 11.334875
37.922245, 33.566971, 1.356015, 0.011141, 5.390638, 8.443438, 11.503744
38.759163, 34.086189, 1.374478, 0.011073, 5.464691, 8.552732, 11.674799
39.258129, 34.603382, 1.392756, 0.011005, 5.538009, 8.663491, 11.848069
39.045479, 35.047592, 1.408364, 0.010946, 5.600620, 8.775504, 12.023580
38.566425, 35.399475, 1.420669, 0.010898, 5.649980, 8.888504, 12.201349
37.128323, 35.572361, 1.426695, 0.010875, 5.674153, 9.001987, 12.381389
37.503685, 35.765495, 1.433411, 0.010849, 5.701096, 9.116010, 12.563709
36.325619, 35.821507, 1.435355, 0.010841, 5.708897, 9.230187, 12.748313
36.301159, 35.869473, 1.437019, 0.010835, 5.715574, 9.344499, 12.935203
36.257015, 35.908226, 1.438363, 0.010829, 5.720966, 9.458918, 13.124381
34.348572, 35.752262, 1.432951, 0.010851, 5.699252, 9.572903, 13.315839
33.669777, 35.544014, 1.425707, 0.010879, 5.670193, 9.686307, 13.509565
33.550087, 35.344620, 1.418754, 0.010906, 5.642299, 9.799153, 13.705548
33.740898, 35.184246, 1.413149, 0.010928, 5.619814, 9.911550, 13.903779
32.738052, 34.939629, 1.404579, 0.010960, 5.585433, 10.023258, 14.104244
31.279875, 34.573654, 1.391708, 0.011009, 5.533806, 10.133934, 14.306923
30.160992, 34.132389, 1.376115, 0.011067, 5.471259, 10.243360, 14.511790
29.728024, 33.691952, 1.360469, 0.011124, 5.408504, 10.351530, 14.718821
27.694044, 33.092159, 1.339034, 0.011201, 5.322531, 10.457981, 14.927980
26.607557, 32.443699, 1.315694, 0.011283, 5.228926, 10.562560, 15.139232
25.755835, 31.774912, 1.291446, 0.011366, 5.131686, 10.665194, 15.352535
24.604689, 31.057890, 1.265254, 0.011454, 5.026657, 10.765727, 15.567850
23.281818, 30.280283, 1.236625, 0.011546, 4.911862, 10.863964, 15.785130
21.018328, 29.354088, 1.202229, 0.011654, 4.773955, 10.959443, 16.004318
19.436131, 28.362291, 1.165048, 0.011765, 4.624897, 11.051941, 16.225357
19.955082, 27.521570, 1.133257, 0.011857, 4.497458, 11.141891, 16.448195
20.313368, 26.800751, 1.105806, 0.011934, 4.387422, 11.229639, 16.672787
15.158499, 25.636526, 1.061100, 0.012054, 4.208239, 11.313804, 16.899063
12.457099, 24.318583, 1.009964, 0.012184, 4.003304, 11.393869, 17.126940
11.976131, 23.084337, 0.961590, 0.012300, 0.000000, 11.393869, 17.354816
11.342979, 21.910202, 0.915158, 0.012404, 0.000000, 11.393869, 17.582693
8.415709, 20.560753, 0.861319, 0.012519, 0.000000, 11.393869, 17.810570
6.374627, 19.142139, 0.804206, 0.012631, 0.000000, 11.393869, 18.038446
5.887488, 17.816675, 0.750397, 0.012729, 0.000000, 11.393869, 18.266323
5.891568, 16.624165, 0.701642, 0.012811, 0.000000, 11.393869, 18.494200
6.022989, 15.564047, 0.658044, 0.012880, 0.000000, 11.393869, 18.722076
5.353755, 14.543017, 0.615839, 0.012942, 0.000000, 11.393869, 18.949953
5.500246, 13.638741, 0.578298, 0.012993, 0.000000, 11.393869, 19.177830
5.936963, 12.868563, 0.546209, 0.013034, 0.000000, 11.393869, 19.405706
5.433875, 12.125093, 0.515140, 0.013072, 0.000000, 11.393869, 19.633583
6.050176, 11.517602, 0.489688, 0.013101, 0.000000, 11.393869, 19.861460
6.075408, 10.973383, 0.466841, 0.013126, 0.000000, 11.393869, 20.089336
5.945908, 10.470635, 0.445697, 0.013148, 0.000000, 11.393869, 20.317213
5.833961, 10.006968, 0.426166, 0.013167, 0.000000, 11.393869, 20.545090
5.989182, 9.605189, 0.409219, 0.013183, 0.000000, 11.393869, 20.772966
6.119647, 9.256635, 0.394501, 0.013196, 0.000000, 11.393869, 21.000843
6.243716, 8.955343, 0.381767, 0.013207, 0.000000, 11.393869, 21.228720
6.219078, 8.681717, 0.370194, 0.013217, 0.000000, 11.393869, 21.456596
6.393185, 8.452864, 0.360507, 0.013225, 0.000000, 11.393869, 21.684473
6.258138, 8.233391, 0.351212, 0.013232, 0.000000, 11.393869, 21.912350
6.615808, 8.071632, 0.344358, 0.013238, 0.000000, 11.393869, 22.140226
6.292757, 7.893745, 0.336818, 0.013244, 0.000000, 11.393869, 22.368103
6.131843, 7.717555, 0.329346, 0.013249, 0.000000, 11.393869, 22.595980
6.314554, 7.577254, 0.323394, 0.013253, 0.000000, 11.393869, 22.823856
6.035581, 7.423087, 0.316851, 0.013258, 0.000000, 11.393869, 23.051733
6.132219, 7.294000, 0.311371, 0.013262, 0.000000, 11.393869, 23.279610
5.880915, 7.152692, 0.305371, 0.013266, 0.000000, 11.393869, 23.507486
6.002974, 7.037720, 0.300487, 0.013269, 0.000000, 11.393869, 23.735363
6.401983, 6.974146, 0.297786, 0.013271, 0.000000, 11.393869, 23.963240
5.901000, 6.866832, 0.293226, 0.013274, 0.000000, 11.393869, 24.191116
6.175116, 6.797660, 0.290286, 0.013276, 0.000000, 11.393869, 24.418993
5.932566, 6.711151, 0.286609, 0.013279, 0.000000, 11.393869, 24.646870
5.844921, 6.624528, 0.282926, 0.013281, 0.000000, 11.393869, 24.874746
6.037568, 6.565832, 0.280430, 0.013283, 0.000000, 11.393869, 25.102623
6.008399, 6.510089, 0.278060, 0.013284, 0.000000, 11.393869, 25.330500
6.465545, 6.505634, 0.277871, 0.013284, 0.000000, 11.393869, 25.558376
6.606774, 6.515748, 0.278301, 0.013284, 0.000000, 11.393869, 25.786253
6.660617, 6.530235, 0.278917, 0.013283, 0.000000, 11.393869, 26.014130
6.848730, 6.562084, 0.280271, 0.013283, 0.000000, 11.393869, 26.242006
6.564723, 6.562348, 0.280282, 0.013283, 0.000000, 11.393869, 26.469883
6.640498, 6.570163, 0.280615, 0.013282, 0.000000, 11.393869, 26.697760
6.723998, 6.585546, 0.281269, 0.013282, 0.000000, 11.393869, 26.925636
6.906339, 6.617626, 0.282633, 0.013281, 0.000000, 11.393869, 27.153513
7.411111, 6.696974, 0.286006, 0.013279, 0.000000, 11.393869, 27.381390
6.886086, 6.715886, 0.286810, 0.013278, 0.000000, 11.393869, 27.609266
7.040211, 6.748318, 0.288189, 0.013278, 0.000000, 11.393869, 27.837143
6.379600, 6.711446, 0.286622, 0.013279, 0.000000, 11.393869, 28.065020
6.445273, 6.684829, 0.285490, 0.013279, 0.000000, 11.393869, 28.292896
6.470984, 6.663445, 0.284581, 0.013280, 0.000000, 11.393869, 28.520773
6.756123, 6.672712, 0.284975, 0.013280, 0.000000, 11.393869, 28.748650
6.610785, 6.666520, 0.284712, 0.013280, 0.000000, 11.393869, 28.976526
6.992247, 6.699092, 0.286096, 0.013279, 0.000000, 11.393869, 29.204403
6.992472, 6.728430, 0.287344, 0.013278, 0.000000, 11.393869, 29.432280
7.310002, 6.786587, 0.289816, 0.013277, 0.000000, 11.393869, 29.660156
6.961028, 6.804031, 0.290557, 0.013276, 0.000000, 11.393869, 29.888033
6.944747, 6.818103, 0.291155, 0.013276, 0.000000, 11.393869, 30.115910
7.205206, 6.856813, 0.292800, 0.013275, 0.000000, 11.393869, 30.343786
6.595177, 6.830649, 0.291688, 0.013275, 0.000000, 11.393869, 30.571663
5.399566, 6.687541, 0.285605, 0.013279, 0.000000, 11.393869, 30.799540
4.796971, 6.498484, 0.277566, 0.013284, 0.000000, 11.393869, 31.027416
2.559068, 6.104543, 0.260806, 0.013294, 0.000000, 11.393869, 31.255293
-2.841486, 5.209940, 0.222700, 0.013315, 0.000000, 11.393869, 31.483170
-0.861529, 4.602793, 0.196807, 0.013327, 0.000000, 11.393869, 31.711046
-0.553779, 4.087136, 0.174798, 0.013336, 0.000000, 11.393869, 31.938923
0.554343, 3.733856, 0.159712, 0.013342, 0.000000, 11.393869, 32.166801
-0.117868, 3.348684, 0.143256, 0.013347, 0.000000, 11.393869, 32.394680
0.035036, 3.017319, 0.129094, 0.013352, 0.000000, 11.393869, 32.622559
0.023080, 2.717895, 0.116294, 0.013355, 0.000000, 11.393869, 32.850437
0.278301, 2.473936, 0.105862, 0.013358, 0.000000, 11.393869, 33.078316
-0.034704, 2.223072, 0.095133, 0.013360, 0.000000, 11.393869, 33.306194
0.151084, 2.015873, 0.086270, 0.013362, 0.000000, 11.393869, 33.534073
0.370915, 1.851377, 0.079233, 0.013363, 0.000000, 11.393869, 33.761951
0.046132, 1.670853, 0.071509, 0.013365, 0.000000, 11.393869, 33.989830
0.011512, 1.504919, 0.064409, 0.013366, 0.000000, 11.393869, 34.217709
-0.241365, 1.330290, 0.056937, 0.013367, 0.000000, 11.393869, 34.445587
0.287394, 1.226001, 0.052474, 0.013367, 0.000000, 11.393869, 34.673466
0.230194, 1.126420, 0.048212, 0.013368, 0.000000, 11.393869, 34.901344
0.195665, 1.033344, 0.044229, 0.013368, 0.000000, 11.393869, 35.129223
0.058015, 0.935811, 0.040055, 0.013368, 0.000000, 11.393869, 35.357101
0.172473, 0.859478, 0.036788, 0.013369, 0.000000, 11.393869, 35.584980
0.254082, 0.798938, 0.034197, 0.013369, 0.000000, 11.393869, 35.812859
0.103838, 0.729428, 0.031222, 0.013369, 0.000000, 11.393869, 36.040737
0.825597, 0.739045, 0.031633, 0.013369, 0.000000, 11.393869, 36.268616
0.069506, 0.672091, 0.028768, 0.013369, 0.000000, 11.393869, 36.496494
-0.069184, 0.597964, 0.025595, 0.013369, 0.000000, 11.393869, 36.724373
0.034571, 0.541624, 0.023183, 0.013370, 0.000000, 11.393869, 36.952251
0.011594, 0.488621, 0.020915, 0.013370, 0.000000, 11.393869, 37.180130
0.000000, 0.439759, 0.018823, 0.013370, 0.000000, 11.393869, 37.408009
0.299432, 0.425726, 0.018223, 0.013370, 0.000000, 11.393869, 37.635887
-0.058121, 0.377342, 0.016152, 0.013370, 0.000000, 11.393869, 37.863766
-0.114614, 0.328146, 0.014046, 0.013370, 0.000000, 11.393869, 38.091644
0.206677, 0.315999, 0.013526, 0.013370, 0.000000, 11.393869, 38.319523
0.266167, 0.311016, 0.013313, 0.013370, 0.000000, 11.393869, 38.547401
0.253877, 0.305302, 0.013068, 0.013370, 0.000000, 11.393869, 38.775280
0.069491, 0.281721, 0.012059, 0.013370, 0.000000, 11.393869, 39.003159
0.069184, 0.260467, 0.011149, 0.013370, 0.000000, 11.393869, 39.231037
0.243071, 0.258728, 0.011075, 0.013370, 0.000000, 11.393869, 39.458916
-0.011524, 0.231702, 0.009918, 0.013370, 0.000000, 11.393869, 39.686794
0.172681, 0.225800, 0.009665, 0.013370, 0.000000, 11.393869, 39.914673
0.069788, 0.210199, 0.008997, 0.013370, 0.000000, 11.393869, 40.142551
0.150869, 0.204266, 0.008743, 0.013370, 0.000000, 11.393869, 40.370430
0.092487, 0.193088, 0.008265, 0.013370, 0.000000, 11.393869, 40.598309
0.149898, 0.188769, 0.008080, 0.013370, 0.000000, 11.393869, 40.826187
0.161591, 0.186051, 0.007964, 0.013370, 0.000000, 11.393869, 41.054066
0.207259, 0.188172, 0.008055, 0.013370, 0.000000, 11.393869, 41.281944
-0.183456, 0.151009, 0.006464, 0.013370, 0.000000, 11.393869, 41.509823
0.103755, 0.146284, 0.006262, 0.013370, 0.000000, 11.393869, 41.737701
-0.103422, 0.121313, 0.005193, 0.013370, 0.000000, 11.393869, 41.965580
-0.022941, 0.106888, 0.004575, 0.013370, 0.000000, 11.393869, 42.193459
-3.945572, -0.298358, -0.012771, 0.013370, 0.000000, 11.393869, 42.421337
-4.047148, -0.673237, -0.028817, 0.013369, 0.000000, 11.393869, 42.649216
1.087828, -0.497131, -0.021279, 0.013370, 0.000000, 11.393869, 42.877094
1.028876, -0.344530, -0.014747, 0.013370, 0.000000, 11.393869, 43.104973
2.152445, -0.094833, -0.004059, 0.013370, 0.000000, 11.393869, 43.332851
0.950582, 0.009709, 0.000416, 0.013370, 0.000000, 11.393869, 43.560730
-0.484568, -0.039719, -0.001700, 0.013370, 0.000000, 11.393869, 43.788609
-1.083589, -0.144106, -0.006168, 0.013370, 0.000000, 11.393869, 44.016487
-1.555051, -0.285200, -0.012208, 0.013370, 0.000000, 11.393869, 44.244366
-0.160781, -0.272758, -0.011675, 0.013370, 0.000000, 11.393869, 44.472244
0.285525, -0.216930, -0.009285, 0.013370, 0.000000, 11.393869, 44.700123
-1.665157, -0.361753, -0.015484, 0.013370, 0.000000, 11.393869, 44.928001
-2.312192, -0.556797, -0.023833, 0.013370, 0.000000, 11.393869, 45.155880
-4.958130, -0.996930, -0.042671, 0.013368, 0.000000, 11.393869, 45.383759
-7.977294, -1.694967, -0.072541, 0.013364, 0.000000, 11.393869, 45.611637
-10.224634, -2.547933, -0.109026, 0.013357, 0.000000, 11.393869, 45.839516
-11.992713, -3.492411, -0.149397, 0.013345, 0.000000, 11.393869, 46.067394
-16.476847, -4.790855, -0.204830, 0.013323, 0.000000, 11.393869, 46.295273
-15.607909, -5.872561, -0.250930, 0.013300, 0.000000, 11.393869, 46.523151
-21.615084, -7.446813, -0.317858, 0.013257, 0.000000, 11.393869, 46.751030
-24.688656, -9.170997, -0.390883, 0.013199, 0.000000, 11.393869, 46.978909
-26.339127, -10.887810, -0.463244, 0.013130, 0.000000, 11.393869, 47.206787
-29.898022, -12.788831, -0.542881, 0.013039, 0.000000, 11.393869, 47.434666
-32.593502, -14.769298, -0.625210, 0.012928, 0.000000, 11.393869, 47.662544
-33.894341, -16.681803, -0.704006, 0.012807, 0.000000, 11.393869, 47.890423
-33.381805, -18.351803, -0.772171, 0.012690, 0.000000, 11.393869, 48.118301
-32.871964, -19.803820, -0.830909, 0.012579, 0.000000, 11.393869, 48.346180
-33.587833, -21.182220, -0.886175, 0.012467, 0.000000, 11.393869, 48.574059
-34.909676, -22.554966, -0.940704, 0.012348, 0.000000, 11.393869, 48.801937
-34.323349, -23.731804, -0.987023, 0.012240, 0.000000, 11.393869, 49.029816
-34.218529, -24.780476, -1.027948, -0.012139, -4.075373, 11.312362, 49.256062
-35.878616, -25.890289, -1.070882, -0.012028, -4.247445, 11.227413, 49.480610
-37.978600, -27.099121, -1.117190, -0.011902, -4.433054, 11.138752, 49.703384
-37.527309, -28.141939, -1.156740, -0.011790, -4.591591, 11.046920, 49.924324
-37.815933, -29.109339, -1.193087, -0.011681, -4.737303, 10.952174, 50.143368
-37.416420, -29.940046, -1.224027, -0.011586, -4.861350, 10.854947, 50.360466
-38.763912, -30.822433, -1.256610, -0.011482, -4.991994, 10.755107, 50.575569
-40.287136, -31.768904, -1.291228, -0.011367, -5.130810, 10.652491, 50.788620
-41.240849, -32.716099, -1.325519, -0.011249, -5.268330, 10.547124, 50.999561
-42.295910, -33.674080, -1.359833, -0.011127, -5.405951, 10.439005, 51.208340
-42.727493, -34.579422, -1.391912, -0.011008, -5.534622, 10.328313, 51.414906
-42.241291, -35.345608, -1.418789, -0.010906, -5.642437, 10.215465, 51.619213
-41.228630, -35.933910, -1.439254, -0.010826, -5.724537, 10.100974, 51.821232
-41.042583, -36.444778, -1.456902, -0.010755, -5.795342, 9.985067, 52.020935
-42.203571, -37.020657, -1.476657, -0.010675, -5.874605, 9.867576, 52.218288
-43.619946, -37.680584, -1.499112, -0.010582, -5.964705, 9.748281, 52.413254
-45.017178, -38.414242, -1.523843, -0.010476, -6.063942, 9.627003, 52.605793
-45.508030, -39.123619, -1.547517, -0.010372, -6.158950, 9.503823, 52.795868
-44.588402, -39.670097, -1.565593, -0.010291, -6.231498, 9.379193, 52.983452
-43.616131, -40.064701, -1.578557, -0.010232, -6.283531, 9.253523, 53.168522
-45.288395, -40.587070, -1.595603, -0.010154, -6.351953, 9.126484, 53.351051
-46.831203, -41.211483, -1.615806, -0.010058, -6.433048, 8.997823, 53.531010
-47.713436, -41.861679, -1.636638, -0.009958, -6.516679, 8.867489, 53.708359
-46.126728, -42.288185, -1.650189, -0.009891, -6.571084, 8.736067, 53.883080
-44.999722, -42.559338, -1.658757, -0.009848, -6.605483, 8.603957, 54.055161
-45.104584, -42.813862, -1.666765, -0.009808, -6.637637, 8.471205, 54.224586
-46.627930, -43.195267, -1.678704, -0.009747, -6.685575, 8.337493, 54.391335
-46.001190, -43.475861, -1.687440, -0.009702, -6.720653, 8.203080, 54.555397
-45.253296, -43.653603, -1.692953, -0.009674, -6.742790, 8.068224, 54.716763
-43.851105, -43.673351, -1.693564, -0.009671, -6.745245, 7.933319, 54.875427
-42.813789, -43.587395, -1.690901, -0.009684, -6.734551, 7.798628, 55.031399
-43.380020, -43.566658, -1.690258, -0.009688, -6.731969, 7.663989, 55.184677
-45.538528, -43.763844, -1.696364, -0.009656, -6.756487, 7.528859, 55.335255
-45.644241, -43.951881, -1.702167, -0.009626, -6.779793, 7.393263, 55.483120
-46.201767, -44.176868, -1.709087, -0.009589, -6.807583, 7.257111, 55.628262
-43.177822, -44.076965, -1.706018, -0.009605, -6.795256, 7.121206, 55.770687
-38.425789, -43.511848, -1.688557, -0.009696, -6.725140, 6.986703, 55.910419
-45.755836, -43.736248, -1.695511, -0.009660, -6.753061, 6.851642, 56.047451
-45.409145, -43.903538, -1.700677, -0.009633, -6.773808, 6.716166, 56.181774
-44.908367, -44.004021, -1.703773, -0.009617, -6.786243, 6.580441, 56.313381
-43.450886, -43.948708, -1.702070, -0.009626, -6.779400, 6.444852, 56.442280
-40.795570, -43.633392, -1.692327, -0.009677, -6.740276, 6.310047, 56.568481
-38.922958, -43.162350, -1.677677, -0.009752, -6.681449, 6.176418, 56.692009
-37.229664, -42.569080, -1.659064, -0.009847, -6.606715, 6.044283, 56.812893
-36.300854, -41.942257, -1.639205, -0.009945, -6.526986, 5.913743, 56.931168
-35.223640, -41.270393, -1.617702, -0.010049, -6.440660, 5.784930, 57.046867
-34.490101, -40.592365, -1.595776, -0.010153, -6.352644, 5.657877, 57.160027
-30.162195, -39.549347, -1.561611, -0.010309, -6.215517, 5.533567, 57.270699
-28.061762, -38.400589, -1.523385, -0.010478, -6.062105, 5.412325, 57.378944
-27.969671, -37.357498, -1.488144, -0.010628, -5.920692, 5.293911, 57.484821
-25.754671, -36.197216, -1.448364, -0.010790, -5.761088, 5.178689, 57.588394
-23.149260, -34.892422, -1.402922, -0.010967, -5.578787, 5.067113, 57.689735
-17.899517, -33.193130, -1.342653, -0.011189, -5.337046, 4.960372, 57.788944
-15.922374, -31.466055, -1.280189, -0.011404, -5.086543, 4.858642, 57.886116
-13.499984, -29.669447, -1.213976, -0.011617, -4.821053, 4.762220, 57.981361
-12.054487, -27.907951, -1.147899, -0.011815, -4.556149, 4.671097, 58.074783
-9.852957, -26.102451, -1.079045, -0.012007, -4.280160, 4.585494, 58.166492
-11.610570, -24.653263, -1.023001, -0.012151, -4.055550, 4.504383, 58.256580
-11.520173, -23.339954, -0.971646, 0.012276, 0.000000, 4.504383, 58.346668
-11.721613, -22.178120, -0.925787, 0.012381, 0.000000, 4.504383, 58.436756
-12.297087, -21.190016, -0.886486, 0.012466, 0.000000, 4.504383, 58.526844
-12.506165, -20.321630, -0.851728, 0.012538, 0.000000, 4.504383, 58.616932
-11.061093, -19.395576, -0.814447, 0.012611, 0.000000, 4.504383, 58.707020
-10.778998, -18.533918, -0.779566, 0.012677, 0.000000, 4.504383, 58.797108
-10.853803, -17.765907, -0.748328, 0.012733, 0.000000, 4.504383, 58.887196
-11.538833, -17.143200, -0.722901, 0.012776, 0.000000, 4.504383, 58.977283
-11.470007, -16.575880, -0.699661, 0.012815, 0.000000, 4.504383, 59.067371
-11.065718, -16.024864, -0.677024, 0.012851, 0.000000, 4.504383, 59.157459
-11.741816, -15.596560, -0.659384, 0.012878, 0.000000, 4.504383, 59.247547
-11.244278, -15.161331, -0.641422, 0.012905, 0.000000, 4.504383, 59.337635
-9.596596, -14.604857, -0.618401, 0.012938, 0.000000, 4.504383, 59.427723
-9.082507, -14.052623, -0.595499, 0.012970, 0.000000, 4.504383, 59.517811
-10.512497, -13.698610, -0.580788, 0.012990, 0.000000, 4.504383, 59.607899
-10.022261, -13.330976, -0.565487, 0.013010, 0.000000, 4.504383, 59.697987
-9.371867, -12.935064, -0.548984, 0.013031, 0.000000, 4.504383, 59.788074
-9.417814, -12.583340, -0.534300, 0.013049, 0.000000, 4.504383, 59.878162
-8.510670, -12.176073, -0.517273, 0.013069, 0.000000, 4.504383, 59.968250
-8.162317, -11.774697, -0.500466, 0.013089, 0.000000, 4.504383, 60.058338
-8.314421, -11.428670, -0.485958, 0.013105, 0.000000, 4.504383, 60.148426
-8.019772, -11.087780, -0.471647, 0.013121, 0.000000, 4.504383, 60.238514
-8.185401, -10.797543, -0.459449, 0.013133, 0.000000, 4.504383, 60.328602
-7.873303, -10.505118, -0.447148, 0.013146, 0.000000, 4.504383, 60.418690
-7.455865, -10.200193, -0.434308, 0.013159, 0.000000, 4.504383, 60.508778
-7.176052, -9.897779, -0.421562, 0.013171, 0.000000, 4.504383, 60.598866
-8.004534, -9.708455, -0.413577, 0.013179, 0.000000, 4.504383, 60.688953
-8.205285, -9.558138, -0.407233, 0.013185, 0.000000, 4.504383, 60.779041
-8.489110, -9.451235, -0.402720, 0.013189, 0.000000, 4.504383, 60.869129
-7.781826, -9.284294, -0.395670, 0.013195, 0.000000, 4.504383, 60.959217
-7.803336, -9.136198, -0.389413, 0.013201, 0.000000, 4.504383, 61.049305
-8.104868, -9.033065, -0.385053, 0.013204, 0.000000, 4.504383, 61.139393
-7.633800, -8.893138, -0.379137, 0.013209, 0.000000, 4.504383, 61.229481
-7.271375, -8.730962, -0.372277, 0.013215, 0.000000, 4.504383, 61.319569
-6.483852, -8.506250, -0.362767, 0.013223, 0.000000, 4.504383, 61.409657
-6.345334, -8.290159, -0.353617, 0.013230, 0.000000, 4.504383, 61.499744
-6.408860, -8.102030, -0.345646, 0.013237, 0.000000, 4.504383, 61.589832
-5.823921, -7.874219, -0.335990, 0.013244, 0.000000, 4.504383, 61.679920
-5.723377, -7.659135, -0.326868, 0.013251, 0.000000, 4.504383, 61.770008
-5.190258, -7.412247, -0.316391, 0.013258, 0.000000, 4.504383, 61.860096
-6.089081, -7.279931, -0.310774, 0.013262, 0.000000, 4.504383, 61.950184
-4.643775, -7.016315, -0.299578, 0.013270, 0.000000, 4.504383, 62.040272
-4.668449, -6.781528, -0.289601, 0.013277, 0.000000, 4.504383, 62.130360
-4.372586, -6.540634, -0.279359, 0.013283, 0.000000, 4.504383, 62.220448
-4.541927, -6.340764, -0.270858, 0.013288, 0.000000, 4.504383, 62.310535
-4.524816, -6.159169, -0.263131, 0.013293, 0.000000, 4.504383, 62.400623
-3.873244, -5.930576, -0.253401, 0.013299, 0.000000, 4.504383, 62.490711
-3.503754, -5.687894, -0.243066, 0.013304, 0.000000, 4.504383, 62.580799
-3.259673, -5.445072, -0.232721, 0.013310, 0.000000, 4.504383, 62.670887
-3.424444, -5.243009, -0.224110, 0.013314, 0.000000, 4.504383, 62.760975
-2.726846, -4.991393, -0.213382, 0.013319, 0.000000, 4.504383, 62.851063
-2.738171, -4.766070, -0.203773, 0.013324, 0.000000, 4.504383, 62.941151
-2.247894, -4.514253, -0.193029, 0.013329, 0.000000, 4.504383, 63.031239
-1.768868, -4.239714, -0.181312, 0.013334, 0.000000, 4.504383, 63.121326
-1.946500, -4.010393, -0.171522, 0.013337, 0.000000, 4.504383, 63.211414
-1.871507, -3.796504, -0.162387, 0.013341, 0.000000, 4.504383, 63.301502
-2.197695, -3.636623, -0.155558, 0.013343, 0.000000, 4.504383, 63.391590
-2.123234, -3.485284, -0.149093, 0.013345, 0.000000, 4.504383, 63.481678
-1.409101, -3.277666, -0.140221, 0.013348, 0.000000, 4.504383, 63.571766
-1.623321, -3.112231, -0.133151, 0.013350, 0.000000, 4.504383, 63.661854
-1.370990, -2.938107, -0.125708, 0.013353, 0.000000, 4.504383, 63.751942
-1.457643, -2.790061, -0.119379, 0.013354, 0.000000, 4.504383, 63.842030
-1.666974, -2.677752, -0.114577, 0.013356, 0.000000, 4.504383, 63.932117
-1.867291, -2.596706, -0.111112, 0.013356, 0.000000, 4.504383, 64.022202
-2.170804, -2.554116, -0.109291, 0.013357, 0.000000, 4.504383, 64.112289
-1.963628, -2.495067, -0.106766, 0.013358, 0.000000, 4.504383, 64.202377
-1.145055, -2.360066, -0.100992, 0.013359, 0.000000, 4.504383, 64.292465
-0.302217, -2.154281, -0.092191, 0.013361, 0.000000, 4.504383, 64.382553
0.472450, -1.891608, -0.080954, 0.013363, 0.000000, 4.504383, 64.472641
0.666427, -1.635805, -0.070010, 0.013365, 0.000000, 4.504383, 64.562729
-0.567570, -1.528981, -0.065439, 0.013365, 0.000000, 4.504383, 64.652817
0.821630, -1.293920, -0.055381, 0.013367, 0.000000, 4.504383, 64.742905
1.851462, -0.979382, -0.041920, 0.013368, 0.000000, 4.504383, 64.832993
3.555184, -0.525925, -0.022511, 0.013370, 0.000000, 4.504383, 64.923080
4.225478, -0.050785, -0.002174, 0.013370, 0.000000, 4.504383, 65.013168
5.555649, 0.509859, 0.021824, 0.013370, 0.000000, 4.504383, 65.103256
6.572687, 1.116141, 0.047773, 0.013368, 0.000000, 4.504383, 65.193344
8.175064, 1.822034, 0.077978, 0.013363, 0.000000, 4.504383, 65.283432
9.168856, 2.556716, 0.109402, 0.013357, 0.000000, 4.504383, 65.373520
10.482523, 3.349297, 0.143282, 0.013347, 0.000000, 4.504383, 65.463608
11.257241, 4.140091, 0.177059, 0.013335, 0.000000, 4.504383, 65.553696
14.545898, 5.180672, 0.221452, 0.013316, 0.000000, 4.504383, 65.643784
14.285102, 6.091115, 0.260234, 0.013295, 0.000000, 4.504383, 65.733871
14.344411, 6.916444, 0.295334, 0.013273, 0.000000, 4.504383, 65.823959
15.673704, 7.792171, 0.332510, 0.013247, 0.000000, 4.504383, 65.914047
15.928943, 8.605847, 0.366983, 0.013220, 0.000000, 4.504383, 66.004135
15.394881, 9.284751, 0.395689, 0.013195, 0.000000, 4.504383, 66.094223
17.256639, 10.081940, 0.429326, 0.013164, 0.000000, 4.504383, 66.184311
18.835957, 10.957341, 0.466166, 0.013126, 0.000000, 4.504383, 66.274399
18.810566, 11.742663, 0.499124, 0.013090, 0.000000, 4.504383, 66.364487
19.448135, 12.513210, 0.531370, 0.013053, 0.000000, 4.504383, 66.454575
20.119850, 13.273874, 0.563109, 0.013013, 0.000000, 4.504383, 66.544662
21.400286, 14.086515, 0.596906, 0.012968, 0.000000, 4.504383, 66.634750
22.310446, 14.908909, 0.630987, 0.012920, 0.000000, 4.504383, 66.724838
24.479942, 15.866013, 0.670486, 0.012861, 0.000000, 4.504383, 66.814926
26.245306, 16.903942, 0.713109, 0.012793, 0.000000, 4.504383, 66.905014
26.912611, 17.904808, 0.753988, 0.012723, 0.000000, 4.504383, 66.995102
28.142370, 18.928564, 0.795564, 0.012647, 0.000000, 4.504383, 67.085190
29.586893, 19.994396, 0.838579, 0.012564, 0.000000, 4.504383, 67.175278
29.666828, 20.961639, 0.877364, 0.012485, 0.000000, 4.504383, 67.265366
28.070267, 21.672503, 0.905710, 0.012425, 0.000000, 4.504383, 67.355453
26.734150, 22.178667, 0.925809, 0.012381, 0.000000, 4.504383, 67.445541
25.966158, 22.557417, 0.940801, 0.012347, 0.000000, 4.504383, 67.535629
23.888475, 22.690523, 0.946060, 0.012335, 0.000000, 4.504383, 67.625717
20.832684, 22.504740, 0.938719, 0.012352, 0.000000, 4.504383, 67.715805
15.841856, 21.838451, 0.912308, 0.012411, 0.000000, 4.504383, 67.805893
13.150993, 20.969706, 0.877687, 0.012485, 0.000000, 4.504383, 67.895981
11.293562, 20.002090, 0.838888, 0.012564, 0.000000, 4.504383, 67.986069
9.067998, 18.908682, 0.794759, 0.012649, 0.000000, 4.504383, 68.076157
5.896262, 17.607439, 0.741866, 0.012744, 0.000000, 4.504383, 68.166245
3.848479, 16.231543, 0.685522, 0.012837, 0.000000, 4.504383, 68.256332
3.602964, 14.968685, 0.633459, 0.012917, 0.000000, 4.504383, 68.346420
1.599678, 13.631784, 0.578008, 0.012994, 0.000000, 4.504383, 68.436508
-1.941477, 12.074458, 0.513020, 0.013074, 0.000000, 4.504383, 68.526596
-4.092854, 10.457727, 0.445153, 0.013148, 0.000000, 4.504383, 68.616684
-6.001198, 8.811835, 0.375698, 0.013212, 0.000000, 4.504383, 68.706772
-8.910838, 7.039568, 0.300566, 0.013269, 0.000000, 4.504383, 68.796860
-11.843844, 5.151227, 0.220197, 0.013316, 0.000000, 4.504383, 68.886948
-14.146598, 3.221444, 0.137819, 0.013349, 0.000000, 4.504383, 68.977036
-16.198929, 1.279407, 0.054759, 0.013367, 0.000000, 4.504383, 69.067123
-17.713968, -0.619931, -0.026535, 0.013369, 0.000000, 4.504383, 69.157211
-19.941652, -2.552103, -0.109205, 0.013357, 0.000000, 4.504383, 69.247299
-21.063763, -4.403269, -0.188293, 0.013331, 0.000000, 4.504383, 69.337387
-21.418459, -6.104788, -0.260816, 0.013294, 0.000000, 4.504383, 69.427475
-22.365265, -7.730835, -0.329909, 0.013249, 0.000000, 4.504383, 69.517563
-27.414194, -9.699171, -0.413185, 0.013179, 0.000000, 4.504383, 69.607651
-31.167099, -11.845963, -0.503452, 0.013085, 0.000000, 4.504383, 69.697739
-25.245113, -13.185879, -0.559442, 0.013018, 0.000000, 4.504383, 69.787827
-20.382767, -13.905567, -0.589391, 0.012978, 0.000000, 4.504383, 69.877914
-23.456623, -14.860673, -0.628991, 0.012923, 0.000000, 4.504383, 69.968002
-24.964912, -15.871097, -0.670695, 0.012861, 0.000000, 4.504383, 70.058090
-22.268074, -16.510794, -0.696991, 0.012819, 0.000000, 4.504383, 70.148178
-15.746267, -16.434341, -0.693852, 0.012824, 0.000000, 4.504383, 70.238266
-10.328673, -15.823774, -0.668746, 0.012864, 0.000000, 4.504383, 70.328354
-7.920018, -15.033399, -0.636135, 0.012913, 0.000000, 4.504383, 70.418442
-5.767994, -14.106858, -0.597751, 0.012967, 0.000000, 4.504383, 70.508530
-2.053202, -12.901493, -0.547583, 0.013033, 0.000000, 4.504383, 70.598618
4.215282, -11.189816, -0.475932, 0.013116, 0.000000, 4.504383, 70.688705
7.609019, -9.309932, -0.396753, 0.013194, 0.000000, 4.504383, 70.778793
9.094714, -7.469467, -0.318820, 0.013257, 0.000000, 4.504383, 70.868881
9.337563, -5.788764, -0.247362, 0.013302, 0.000000, 4.504383, 70.958969
12.014377, -4.008450, -0.171439, 0.013337, 0.000000, 4.504383, 71.049057
15.578921, -2.049713, -0.087718, 0.013362, 0.000000, 4.504383, 71.139145
18.408209, -0.003921, -0.000168, 0.013370, 0.000000, 4.504383, 71.229233
18.223976, 1.818869, 0.077842, 0.013363, 0.000000, 4.504383, 71.319321
20.261900, 3.663172, 0.156692, 0.013343, 0.000000, 4.504383, 71.409409
25.228380, 5.819693, 0.248679, 0.013301, 0.000000, 4.504383, 71.499496
27.868206, 8.024544, 0.342362, 0.013239, 0.000000, 4.504383, 71.589584
28.955837, 10.117673, 0.430832, 0.013162, 0.000000, 4.504383, 71.679672
29.567497, 12.062655, 0.512526, 0.013075, 0.000000, 4.504383, 71.769760
31.988640, 14.055254, 0.595608, 0.012970, 0.000000, 4.504383, 71.859848
36.326477, 16.282375, 0.687611, 0.012834, 0.000000, 4.504383, 71.949936
37.582676, 18.412405, 0.774633, 0.012686, 0.000000, 4.504383, 72.040024
36.646297, 20.235794, 0.848282, 0.012545, 0.000000, 4.504383, 72.130112
