0.276678, 0.027668, 0.001184, 0.001184, 0.000000, 0.000000, 0.000000, 0.000000
0.265577, 0.051459, 0.002203, 0.002203, 0.000000, 0.000000, 0.000000, 0.000000
0.023033, 0.048616, 0.002081, 0.002081, 0.000000, 0.000000, 0.000000, 0.000000
-0.115562, 0.032198, 0.001378, 0.001378, 0.000000, 0.000000, 0.000000, 0.000000
0.345151, 0.063494, 0.002718, 0.002718, 0.000000, 0.000000, 0.000000, 0.000000
0.379513, 0.095095, 0.004070, 0.004070, 0.000000, 0.000000, 0.000000, 0.000000
0.448063, 0.130392, 0.005581, 0.005581, 0.000000, 0.000000, 0.000000, 0.000000
0.000000, 0.117353, 0.005023, 0.005023, 0.000000, 0.000000, 0.000000, 0.000000
0.435701, 0.149188, 0.006386, 0.006386, 0.000000, 0.000000, 0.000000, 0.000000
0.150717, 0.149341, 0.006392, 0.006392, 0.000000, 0.000000, 0.000000, 0.000000
0.537275, 0.188134, 0.008053, 0.008053, 0.000000, 0.000000, 0.000000, 0.000000
0.254595, 0.194780, 0.008337, 0.008337, 0.000000, 0.000000, 0.000000, 0.000000
0.195195, 0.194822, 0.008339, 0.008339, 0.000000, 0.000000, 0.000000, 0.000000
0.183309, 0.193670, 0.008290, 0.008290, 0.000000, 0.000000, 0.000000, 0.000000
0.023071, 0.176610, 0.007560, 0.007560, 0.000000, 0.000000, 0.000000, 0.000000
0.266706, 0.185620, 0.007945, 0.007945, 0.000000, 0.000000, 0.000000, 0.000000
0.173133, 0.184371, 0.007892, 0.007892, 0.000000, 0.000000, 0.000000, 0.000000
0.206305, 0.186565, 0.007986, 0.007986, 0.000000, 0.000000, 0.000000, 0.000000
0.103985, 0.178307, 0.007632, 0.007632, 0.000000, 0.000000, 0.000000, 0.000000
0.298832, 0.190359, 0.008148, 0.008148, 0.000000, 0.000000, 0.000000, 0.000000
0.195981, 0.190921, 0.008172, 0.008172, 0.000000, 0.000000, 0.000000, 0.000000
-0.034557, 0.168374, 0.007207, 0.007207, 0.000000, 0.000000, 0.000000, 0.000000
0.310325, 0.182569, 0.007815, 0.007815, 0.000000, 0.000000, 0.000000, 0.000000
0.185123, 0.182824, 0.007826, 0.007826, 0.000000, 0.000000, 0.000000, 0.000000
0.439660, 0.208508, 0.008925, 0.008925, 0.000000, 0.000000, 0.000000, 0.000000
0.104027, 0.198060, 0.008478, 0.008478, 0.000000, 0.000000, 0.000000, 0.000000
0.218247, 0.200078, 0.008564, 0.008564, 0.000000, 0.000000, 0.000000, 0.000000
0.205770, 0.200647, 0.008589, 0.008589, 0.000000, 0.000000, 0.000000, 0.000000
0.288903, 0.209473, 0.008966, 0.008966, 0.000000, 0.000000, 0.000000, 0.000000
0.264087, 0.214934, 0.009200, 0.009200, 0.000000, 0.000000, 0.000000, 0.000000
0.080407, 0.201482, 0.008624, 0.008624, 0.000000, 0.000000, 0.000000, 0.000000
0.207425, 0.202076, 0.008650, 0.008650, 0.000000, 0.000000, 0.000000, 0.000000
0.045965, 0.186465, 0.007981, 0.007981, 0.000000, 0.000000, 0.000000, 0.000000
0.412687, 0.209087, 0.008950, 0.008950, 0.000000, 0.000000, 0.000000, 0.000000
0.320596, 0.220238, 0.009427, 0.009427, 0.000000, 0.000000, 0.000000, 0.000000
0.218553, 0.220070, 0.009420, 0.009420, 0.000000, 0.000000, 0.000000, 0.000000
0.425171, 0.240580, 0.010298, 0.010298, 0.000000, 0.000000, 0.000000, 0.000000
-0.034669, 0.213055, 0.009120, 0.009120, 0.000000, 0.000000, 0.000000, 0.000000
0.150231, 0.206773, 0.008851, 0.008851, 0.000000, 0.000000, 0.000000, 0.000000
0.255420, 0.211637, 0.009059, 0.009059, 0.000000, 0.000000, 0.000000, 0.000000
7.650600, 0.955534, 0.040899, 0.040899, 0.000000, 0.000000, 0.000000, 0.000000
1.847966, 1.044777, 0.044718, 0.044718, 0.000000, 0.000000, 0.000000, 0.000000
3.260298, 1.266329, 0.054200, 0.054200, 0.000000, 0.000000, 0.000000, 0.000000
0.393223, 1.179018, 0.050463, 0.050463, 0.000000, 0.000000, 0.000000, 0.000000
0.115144, 1.072631, 0.045910, 0.045910, 0.000000, 0.000000, 0.000000, 0.000000
0.321042, 0.997472, 0.042694, 0.042694, 0.000000, 0.000000, 0.000000, 0.000000
-0.204747, 0.877250, 0.037549, 0.037549, 0.000000, 0.000000, 0.000000, 0.000000
-0.034315, 0.786094, 0.033647, 0.033647, 0.000000, 0.000000, 0.000000, 0.000000
-1.249965, 0.582488, 0.024932, 0.024932, 0.000000, 0.000000, 0.000000, 0.000000
-1.440294, 0.380210, 0.016274, 0.016274, 0.000000, 0.000000, 0.000000, 0.000000
-0.041459, 0.338043, 0.014470, 0.014470, 0.000000, 0.000000, 0.000000, 0.000000
2.122634, 0.516502, 0.022108, 0.022108, 0.000000, 0.000000, 0.000000, 0.000000
2.080068, 0.672858, 0.028801, 0.028801, 0.000000, 0.000000, 0.000000, 0.000000
3.508243, 0.956397, 0.040936, 0.040936, 0.000000, 0.000000, 0.000000, 0.000000
5.464614, 1.407219, 0.060229, 0.060229, 0.000000, 0.000000, 0.000000, 0.000000
7.011498, 1.967647, 0.084207, 0.084207, 0.000000, 0.000000, 0.000000, 0.000000
8.787318, 2.649614, 0.113374, 0.113374, 0.000000, 0.000000, 0.000000, 0.000000
10.739823, 3.458635, 0.147954, 0.147954, 0.000000, 0.000000, 0.000000, 0.000000
12.471698, 4.359941, 0.186444, 0.186444, 0.000000, 0.000000, 0.000000, 0.000000
16.004807, 5.524427, 0.236102, 0.236102, 0.000000, 0.000000, 0.000000, 0.000000
19.090406, 6.881025, 0.293829, 0.293829, 0.000000, 0.000000, 0.000000, 0.000000
22.235979, 8.416521, 0.358968, 0.358968, 0.000000, 0.000000, 0.000000, 0.000000
24.912374, 10.066107, 0.428659, 0.428659, 0.000000, 0.000000, 0.000000, 0.000000
27.853071, 11.844803, 0.503404, 0.503404, 0.000000, 0.000000, 0.000000, 0.000000
30.631283, 13.723451, 0.581821, 0.581821, 0.000000, 0.000000, 0.000000, 0.000000
33.810997, 15.732205, 0.664975, 0.664975, 0.000000, 0.000000, 0.000000, 0.000000
35.583649, 17.717350, 0.746349, 0.746349, 0.000000, 0.000000, 0.000000, 0.000000
38.722309, 19.817846, 0.831473, 0.831473, 0.000000, 0.000000, 0.000000, 0.000000
40.832890, 21.919350, 0.915521, 0.915521, 0.000000, 0.000000, 0.000000, 0.000000
42.965900, 24.024004, 0.998460, 0.998460, 0.000000, 0.000000, 0.000000, 0.000000
43.378132, 25.959417, 1.073544, 1.073544, 0.000000, 0.000000, 0.000000, 0.000000
42.993351, 27.662811, 1.138615, 1.138615, 0.000000, 0.000000, 0.000000, 0.000000
44.104923, 29.307022, 1.200473, 1.200473, 0.000000, 0.000000, 0.000000, 0.000000
44.999954, 30.876316, 1.258590, 1.258590, 0.000000, 0.000000, 0.000000, 0.000000
45.700661, 32.358749, 1.312624, 1.312624, 0.000000, 0.000000, 0.000000, 0.000000
45.554848, 33.678360, 1.359985, 1.359985, 0.000000, 0.000000, 0.000000, 0.000000
46.780815, 34.988605, 1.406297, 1.406297, 0.000000, 0.000000, 0.000000, 0.000000
47.655602, 36.255306, 1.450370, 1.450370, 0.000000, 0.000000, 0.000000, 0.000000
49.122429, 37.542019, 1.494414, 1.494414, 0.000000, 0.000000, 0.000000, 0.000000
48.633694, 38.651188, 1.531776, 1.531776, 0.000000, 0.000000, 0.000000, 0.000000
48.784531, 39.664520, 1.565409, 1.565409, 0.000000, 0.000000, 0.000000, 0.000000
48.361309, 40.534199, 1.593884, 1.593884, 0.000000, 0.000000, 0.000000, 0.000000
48.900471, 41.370827, 1.620930, 1.620930, 0.000000, 0.000000, 0.000000, 0.000000
49.377110, 42.171455, 1.646489, 1.646489, 0.000000, 0.000000, 0.000000, 0.000000
49.417542, 42.896065, 1.669345, 1.669345, 0.000000, 0.000000, 0.000000, 0.000000
51.096931, 43.716152, 1.694889, 1.694889, 0.000000, 0.000000, 0.000000, 0.000000
52.054634, 44.549999, 1.720506, 1.720506, 0.000000, 0.000000, 0.000000, 0.000000
52.820129, 45.377014, 1.745553, 1.745553, 0.000000, 0.000000, 0.000000, 0.000000
52.970432, 46.136356, 1.768230, 1.768230, 0.000000, 0.000000, 0.000000, 0.000000
53.449062, 46.867626, 1.789776, 1.789776, 0.000000, 0.000000, 0.000000, 0.000000
53.185516, 47.499416, 1.808156, 1.808156, 0.000000, 0.000000, 0.000000, 0.000000
53.683445, 48.117821, 1.825933, 1.825933, 0.000000, 0.000000, 0.000000, 0.000000
53.223751, 48.628414, 1.840451, 1.840451, 0.000000, 0.000000, 0.000000, 0.000000
53.469929, 49.112564, 1.854083, 1.854083, 0.000000, 0.000000, 0.000000, 0.000000
53.127544, 49.514061, 1.865286, 1.865286, 0.000000, 0.000000, 0.000000, 0.000000
52.964237, 49.859077, 1.874841, 1.874841, 0.000000, 0.000000, 0.000000, 0.000000
52.830933, 50.156261, 1.883016, 1.883016, 0.000000, 0.000000, 0.000000, 0.000000
52.224979, 50.363132, 1.888677, 1.888677, 0.000000, 0.000000, 0.000000, 0.000000
52.585751, 50.585396, 1.894732, 1.894732, 0.000000, 0.000000, 0.000000, 0.000000
52.833580, 50.810215, 1.900828, 1.900828, 0.000000, 0.000000, 0.000000, 0.000000
53.730442, 51.102238, 1.908701, 1.908701, 0.000000, 0.000000, 0.000000, 0.000000
53.072239, 51.299236, 1.913985, 1.913985, 0.000000, 0.000000, 0.000000, 0.000000
53.708763, 51.540188, 1.920417, 1.920417, 0.000000, 0.000000, 0.000000, 0.000000
53.682571, 51.754425, 1.926107, 1.926107, 0.000000, 0.000000, 0.000000, 0.000000
54.826775, 52.061661, 1.934220, 1.934220, 0.000000, 0.000000, 0.000000, 0.000000
54.578922, 52.313385, 1.940826, 1.940826, 0.000000, 0.000000, 0.000000, 0.000000
54.493160, 52.531364, 1.946516, 1.946516, 0.000000, 0.000000, 0.000000, 0.000000
54.662029, 52.744431, 1.952051, 1.952051, 0.000000, 0.000000, 0.000000, 0.000000
54.744785, 52.944466, 1.957222, 1.957222, 0.000000, 0.000000, 0.000000, 0.000000
54.548618, 53.104881, 1.961352, 1.961352, 0.000000, 0.000000, 0.000000, 0.000000
54.721645, 53.266556, 1.965499, 1.965499, 0.000000, 0.000000, 0.000000, 0.000000
54.453339, 53.385235, 1.968533, 1.968533, 0.000000, 0.000000, 0.000000, 0.000000
54.146961, 53.461407, 1.970476, 1.970476, 0.000000, 0.000000, 0.000000, 0.000000
54.091244, 53.524391, 1.972080, 1.972080, 0.000000, 0.000000, 0.000000, 0.000000
53.808155, 53.552769, 1.972802, 1.972802, 0.000000, 0.000000, 0.000000, 0.000000
54.015884, 53.599079, 1.973979, 1.973979, 0.000000, 0.000000, 0.000000, 0.000000
54.381283, 53.677299, 1.975964, 1.975964, 0.000000, 0.000000, 0.000000, 0.000000
54.495995, 53.759171, 1.978037, 1.978037, 0.000000, 0.000000, 0.000000, 0.000000
54.603756, 53.843628, 1.980173, 1.980173, 0.000000, 0.000000, 0.000000, 0.000000
54.247272, 53.883991, 1.981191, 1.981191, 0.000000, 0.000000, 0.000000, 0.000000
54.576454, 53.953239, 1.982937, 1.982937, 0.000000, 0.000000, 0.000000, 0.000000
54.973740, 54.055290, 1.985504, 1.985504, 0.000000, 0.000000, 0.000000, 0.000000
54.833256, 54.133087, 1.987457, 1.987457, 0.000000, 0.000000, 0.000000, 0.000000
54.421036, 54.161880, 1.988179, 1.988179, 0.000000, 0.000000, 0.000000, 0.000000
54.677856, 54.213478, 1.989471, 1.989471, 0.000000, 0.000000, 0.000000, 0.000000
54.344585, 54.226589, 1.989800, 1.989800, 0.000000, 0.000000, 0.000000, 0.000000
54.351139, 54.239044, 1.990111, 1.990111, 0.000000, 0.000000, 0.000000, 0.000000
54.350834, 54.250221, 1.990391, 1.990391, 0.000000, 0.000000, 0.000000, 0.000000
54.632069, 54.288406, 1.991345, 1.991345, 0.000000, 0.000000, 0.000000, 0.000000
54.463665, 54.305931, 1.991783, 1.991783, 0.000000, 0.000000, 0.000000, 0.000000
54.393417, 54.314678, 1.992001, 1.992001, 0.000000, 0.000000, 0.000000, 0.000000
54.698586, 54.353069, 1.992960, 1.992960, 0.000000, 0.000000, 0.000000, 0.000000
55.092262, 54.426987, 1.994802, 1.994802, 0.000000, 0.000000, 0.000000, 0.000000
54.709862, 54.455273, 1.995506, 1.995506, 0.000000, 0.000000, 0.000000, 0.000000
55.709999, 54.580746, 1.998623, 1.998623, 0.000000, 0.000000, 0.000000, 0.000000
55.404701, 54.663139, 2.000665, 0.794351, 1.206315, 4.825258, 0.096505, 0.001930
56.143787, 54.811203, 2.004324, 0.791453, 1.212872, 4.851486, 0.193535, 0.005801
55.978748, 54.927959, 2.007200, 0.789164, 1.218036, 4.872145, 0.290978, 0.011620
45.014828, 53.936646, 1.982519, 1.982519, 0.000000, 0.000000, 0.290978, 0.017440
57.021557, 54.245136, 1.990264, 1.990264, 0.000000, 0.000000, 0.290978, 0.023259
57.581959, 54.578819, 1.998576, 1.998576, 0.000000, 0.000000, 0.290978, 0.029079
56.716705, 54.792606, 2.003865, 0.791817, 1.212049, 4.848194, 0.387942, 0.036838
56.612129, 54.974560, 2.008346, 0.788249, 1.220096, 4.880385, 0.485549, 0.046549
57.240799, 55.201183, 2.013897, 0.783795, 1.230103, 4.920411, 0.583958, 0.058228
57.532665, 55.434330, 2.019576, 0.779199, 1.240377, 4.961508, 0.683188, 0.071892
57.975361, 55.688435, 2.025727, 0.774176, 1.251551, 5.006206, 0.783312, 0.087558
57.792923, 55.898884, 2.030791, 0.770004, 1.260787, 5.043150, 0.884175, 0.105241
57.251644, 56.034161, 2.034032, 0.767317, 1.266715, 5.066861, 0.985512, 0.124952
56.986176, 56.129364, 2.036306, 0.765423, 1.270883, 5.083532, 1.087183, 0.146695
57.608326, 56.277260, 2.039827, 0.762477, 1.277351, 5.109403, 1.189371, 0.170483
58.272709, 56.476807, 2.044557, 0.758494, 1.286063, 5.144252, 1.292256, 0.196328
58.646023, 56.693729, 2.049670, 0.754154, 1.295517, 5.182067, 1.395897, 0.224246
57.528748, 56.777229, 2.051631, 0.752480, 1.299151, 5.196603, 1.499829, 0.254242
56.905285, 56.790035, 2.051931, 0.752223, 1.299708, 5.198831, 1.603806, 0.286319
56.991879, 56.810219, 2.052404, 0.751818, 1.300586, 5.202342, 1.707852, 0.320476
57.168591, 56.846058, 2.053243, 0.751099, 1.302144, 5.208576, 1.812024, 0.356716
57.223789, 56.883831, 2.054127, 0.750341, 1.303786, 5.215144, 1.916327, 0.395043
58.070400, 57.002487, 2.056898, 0.747957, 1.308940, 5.235762, 2.021042, 0.435463
57.819023, 57.084141, 2.058799, 0.746315, 1.312484, 5.249936, 2.126041, 0.477984
58.300060, 57.205734, 2.061623, 0.743867, 1.317756, 5.271025, 2.231462, 0.522613
57.487484, 57.233910, 2.062275, 0.743299, 1.318977, 5.275907, 2.336980, 0.569353
57.595257, 57.270042, 2.063112, 0.742570, 1.320542, 5.282168, 2.442623, 0.618205
57.765762, 57.319614, 2.064259, 0.741570, 1.322688, 5.290753, 2.548438, 0.669174
57.156918, 57.303345, 2.063883, 0.741899, 1.321984, 5.287936, 2.654197, 0.722258
57.590096, 57.332020, 2.064545, 0.741320, 1.323225, 5.292902, 2.760055, 0.777459
57.618214, 57.360638, 2.065206, 0.740743, 1.324464, 5.297855, 2.866012, 0.834780
57.672256, 57.391800, 2.065925, 0.740113, 1.325812, 5.303248, 2.972077, 0.894221
58.105698, 57.463188, 2.067570, 0.738671, 1.328899, 5.315597, 3.078389, 0.955789
58.104774, 57.527348, 2.069046, 0.737374, 1.331672, 5.326688, 3.184923, 1.019487
57.692871, 57.543900, 2.069427, 0.737040, 1.332387, 5.329548, 3.291514, 1.085317
58.158585, 57.605370, 2.070837, 0.735796, 1.335042, 5.340167, 3.398317, 1.153284
58.093750, 57.654209, 2.071957, 0.734807, 1.337150, 5.348598, 3.505289, 1.223390
57.370796, 57.625870, 2.071307, 0.735381, 1.335927, 5.343706, 3.612163, 1.295633
57.478676, 57.611149, 2.070970, 0.735679, 1.335291, 5.341164, 3.718987, 1.370013
57.539436, 57.603977, 2.070806, 0.735824, 1.334982, 5.339926, 3.825785, 1.446528
57.960686, 57.639648, 2.071623, 0.735102, 1.336521, 5.346085, 3.932707, 1.525182
58.185143, 57.694199, 2.072872, 0.733997, 1.338875, 5.355499, 4.039816, 1.605979
57.740757, 57.698856, 2.072978, 0.733903, 1.339076, 5.356303, 4.146943, 1.688918
57.894466, 57.718418, 2.073426, 0.733506, 1.339920, 5.359678, 4.254136, 1.774000
57.899158, 57.736492, 2.073839, 0.733140, 1.340699, 5.362796, 4.361392, 1.861228
58.166458, 57.779488, 2.074821, 0.732268, 1.342552, 5.370210, 4.468796, 1.950604
57.794090, 57.780949, 2.074854, 0.732239, 1.342615, 5.370462, 4.576205, 2.042128
57.964729, 57.799328, 2.075274, 0.731866, 1.343408, 5.373631, 4.683678, 2.135802
57.528713, 57.772266, 2.074656, 0.732415, 1.342241, 5.368965, 4.791057, 2.231623
58.022881, 57.797329, 2.075228, 0.731906, 1.343321, 5.373285, 4.898523, 2.329593
58.665405, 57.884136, 2.077206, 0.730145, 1.347061, 5.388243, 5.006288, 2.429719
58.512783, 57.947002, 2.078635, 0.728868, 1.349767, 5.399067, 5.114269, 2.532005
58.375694, 57.989872, 2.079608, 0.727997, 1.351611, 5.406445, 5.222398, 2.636452
58.627666, 58.053650, 2.081054, 0.726700, 1.354354, 5.417415, 5.330746, 2.743067
58.428432, 58.091129, 2.081903, 0.725938, 1.355965, 5.423859, 5.439223, 2.851852
58.109531, 58.092968, 2.081944, 0.725900, 1.356044, 5.424175, 5.547707, 2.962806
57.742496, 58.057922, 2.081151, 0.726613, 1.354537, 5.418150, 5.656070, 3.075927
57.673523, 58.019482, 2.080280, 0.727395, 1.352885, 5.411539, 5.764300, 3.191213
57.631470, 57.980682, 2.079400, 0.728184, 1.351216, 5.404863, 5.872397, 3.308661
57.204964, 57.903111, 2.077637, 0.729760, 1.347878, 5.391510, 5.980227, 3.428266
56.983486, 57.811150, 2.075543, 0.731626, 1.343917, 5.375667, 6.087741, 3.550021
56.901997, 57.720234, 2.073467, 0.733469, 1.339998, 5.359991, 6.194941, 3.673919
56.954086, 57.643620, 2.071714, 0.735021, 1.336693, 5.346771, 6.301876, 3.799957
57.558891, 57.635147, 2.071520, 0.735193, 1.336327, 5.345307, 6.408782, 3.928133
58.320641, 57.703697, 2.073089, 0.733805, 1.339285, 5.357138, 6.515925, 4.058451
57.959179, 57.729244, 2.073673, 0.733287, 1.340386, 5.361546, 6.623156, 4.190914
57.407909, 57.697109, 2.072938, 0.733938, 1.339000, 5.356001, 6.730276, 4.325520
58.180210, 57.745419, 2.074043, 0.732959, 1.341084, 5.364335, 6.837563, 4.462271
58.805256, 57.851402, 2.076460, 0.730809, 1.345651, 5.382604, 6.945215, 4.601175
58.610100, 57.927273, 2.078187, 0.729269, 1.348917, 5.395670, 7.053129, 4.742238
58.585075, 57.993053, 2.079680, 0.727932, 1.351748, 5.406993, 7.161269, 4.885463
57.546608, 57.948410, 2.078667, 0.728840, 1.349827, 5.399310, 7.269255, 5.030848
57.137466, 57.867317, 2.076823, 0.730486, 1.346336, 5.385345, 7.376962, 5.178387
57.094704, 57.790054, 2.075062, 0.732054, 1.343008, 5.372031, 7.484402, 5.328075
58.070824, 57.818130, 2.075702, 0.731484, 1.344218, 5.376871, 7.591939, 5.479914
56.491474, 57.685463, 2.072672, 0.734174, 1.338498, 5.353992, 7.699019, 5.633894
54.558033, 57.372719, 2.065485, 0.740499, 1.324987, 5.299947, 7.805018, 5.789995
51.540112, 56.789459, 2.051917, 0.752235, 1.299683, 5.198730, 7.908993, 5.948174
52.165207, 56.327034, 2.041009, 0.761484, 1.279525, 5.118100, 8.011355, 6.108402
50.602779, 55.754608, 2.027322, 0.772865, 1.254457, 5.017829, 8.111712, 6.270636
46.621895, 54.841335, 2.005067, 0.790862, 1.214205, 4.856820, 8.208848, 6.434813
42.811306, 53.638332, 1.974975, 0.814262, 1.160713, 4.642854, 8.301705, 6.600847
39.622536, 52.236752, 1.938819, 0.841070, 1.097749, 4.390995, 8.389525, 6.768638
36.843224, 50.697399, 1.897773, 0.869934, 1.027839, 4.111356, 8.471752, 6.938073
33.777008, 49.005360, 1.851076, 0.900935, 0.950141, 3.800565, 8.547764, 7.109028
28.537746, 46.958599, 1.792436, 0.937382, 0.855054, 3.420215, 8.616168, 7.281351
23.361151, 44.598854, 1.721995, 0.977916, 0.744080, 2.976319, 8.675694, 7.454865
18.705633, 42.009533, 1.641346, 1.020482, 0.620864, 2.483455, 8.725364, 7.629372
13.803124, 39.188892, 1.549683, 1.064477, 0.485206, 1.940825, 8.764180, 7.804656
10.823500, 36.352352, 1.453718, 1.106119, 0.347599, 1.390397, 8.791988, 7.980495
7.875366, 33.504654, 1.353792, 1.145197, 0.208594, 0.834378, 8.808676, 8.156669
4.883314, 30.642519, 1.249990, 1.181624, 0.068366, 0.273465, 8.814145, 8.332952
2.656082, 27.843876, 1.145474, 1.214393, -0.068918, -0.275674, 8.808632, 8.509124
-0.800109, 24.979477, 1.035675, 1.244931, -0.209256, -0.837024, 8.791891, 8.684961
-4.608180, 22.020712, 0.919545, 1.273208, -0.353664, -1.414654, 8.763598, 8.860233
4.796485, 20.298288, 0.850791, 1.288111, -0.437320, -1.749280, 8.728613, 9.034805
-2.035457, 18.064915, 0.760506, 1.305699, -0.545193, -2.180772, 8.684998, 9.208506
0.994967, 16.357920, 0.690714, 1.317806, -0.627092, -2.508368, 8.634830, 9.381203
1.242790, 14.846407, 0.628401, 1.327551, -0.699150, -2.796598, 8.578898, 9.552781
-1.822322, 13.179534, 0.559178, 1.337225, -0.778048, -3.112190, 8.516655, 9.723114
-1.507434, 11.710837, 0.497790, 1.344812, -0.847022, -3.388087, 8.448894, 9.892092
5.801931, 11.119946, 0.472998, 1.347615, -0.874617, -3.498469, 8.378924, 10.059670
0.046562, 10.012609, 0.426404, 1.352482, -0.926079, -3.704315, 8.304838, 10.225767
0.804015, 9.091749, 0.387534, 1.356145, -0.968611, -3.874446, 8.227349, 10.390314
1.358860, 8.318460, 0.354815, 1.358951, -1.004135, -4.016541, 8.147018, 10.553254
-2.286314, 7.257983, 0.309842, 1.362395, -1.052553, -4.210214, 8.062814, 10.714510
0.757528, 6.607938, 0.282221, 1.364276, -1.082055, -4.328222, 7.976249, 10.874035
0.334183, 5.980562, 0.255529, 1.365925, -1.110396, -4.441586, 7.887417, 11.031783
0.138927, 5.396399, 0.230647, 1.367313, -1.136666, -4.546663, 7.796484, 11.187713
0.148969, 4.871655, 0.208276, 1.368438, -1.160162, -4.640649, 7.703671, 11.341786
0.046002, 4.389090, 0.187688, 1.369372, -1.181684, -4.726738, 7.609136, 11.493969
0.210473, 3.971228, 0.169849, 1.370102, -1.200253, -4.801013, 7.513116, 11.644231
0.424660, 3.616572, 0.154702, 1.370665, -1.215963, -4.863853, 7.415839, 11.792547
0.115562, 3.266471, 0.139743, 1.371169, -1.231426, -4.925703, 7.317325, 11.938893
0.230844, 2.962908, 0.126768, 1.371564, -1.244796, -4.979183, 7.217741, 12.083248
0.354803, 2.702098, 0.115618, 1.371873, -1.256255, -5.025019, 7.117240, 12.225593
0.495307, 2.481419, 0.106182, 1.372112, -1.265930, -5.063721, 7.015966, 12.365911
0.229136, 2.256190, 0.096549, 1.372335, -1.275786, -5.103143, 6.913903, 12.504189
0.197211, 2.050292, 0.087742, 1.372521, -1.284778, -5.139113, 6.811121, 12.640412
0.183934, 1.863657, 0.079758, 1.372674, -1.292915, -5.171661, 6.707688, 12.774566
0.450865, 1.722377, 0.073714, 1.372779, -1.299066, -5.196262, 6.603763, 12.906641
0.520541, 1.602194, 0.068572, 1.372863, -1.304291, -5.217165, 6.499419, 13.036630
0.138201, 1.455794, 0.062307, 1.372957, -1.310649, -5.242598, 6.394567, 13.164521
0.366541, 1.346869, 0.057646, 1.373021, -1.315374, -5.261497, 6.289338, 13.290308
0.449414, 1.257124, 0.053806, 1.373069, -1.319264, -5.277054, 6.183796, 13.413984
0.114294, 1.142841, 0.048915, 1.373127, -1.324212, -5.296846, 6.077859, 13.535542
0.276233, 1.056180, 0.045206, 1.373167, -1.327960, -5.311841, 5.971622, 13.654974
0.102885, 0.960850, 0.041127, 1.373207, -1.332080, -5.328321, 5.865056, 13.772275
0.023001, 0.867065, 0.037113, 1.373243, -1.336130, -5.344521, 5.758166, 13.887438
-0.137647, 0.766594, 0.032812, 1.373277, -1.340465, -5.361858, 5.650928, 14.000457
0.230287, 0.712964, 0.030517, 1.373294, -1.342777, -5.371106, 5.543506, 14.111327
0.103713, 0.652038, 0.027909, 1.373311, -1.345402, -5.381607, 5.435874, 14.220045
0.240978, 0.610932, 0.026150, 1.373322, -1.347172, -5.388688, 5.328100, 14.326607
0.240978, 0.573937, 0.024567, 1.373331, -1.348765, -5.395058, 5.220199, 14.431011
0.207969, 0.537340, 0.023000, 1.373340, -1.350340, -5.401358, 5.112172, 14.533255
0.126811, 0.496287, 0.021243, 1.373348, -1.352106, -5.408422, 5.004004, 14.633335
0.300702, 0.476729, 0.020406, 1.373352, -1.352947, -5.411787, 4.895768, 14.731251
0.057422, 0.434798, 0.018611, 1.373360, -1.354749, -5.418998, 4.787388, 14.826999
0.207300, 0.412048, 0.017637, 1.373364, -1.355727, -5.422909, 4.678930, 14.920577
0.493323, 0.420176, 0.017985, 1.373363, -1.355378, -5.421512, 4.570499, 15.011987
0.185723, 0.396731, 0.016982, 1.373367, -1.356385, -5.425542, 4.461988, 15.101227
0.185385, 0.375596, 0.016077, 1.373370, -1.357293, -5.429174, 4.353405, 15.188295
0.266652, 0.364702, 0.015611, 1.373372, -1.357761, -5.431046, 4.244784, 15.273191
-0.080828, 0.320149, 0.013704, 1.373379, -1.359675, -5.438700, 4.136010, 15.355911
0.069618, 0.295096, 0.012631, 1.373382, -1.360751, -5.443002, 4.027150, 15.436454
0.287166, 0.294303, 0.012597, 1.373382, -1.360785, -5.443138, 3.918287, 15.514819
0.404461, 0.305318, 0.013069, 1.373380, -1.360312, -5.441247, 3.809462, 15.591008
0.069059, 0.281692, 0.012058, 1.373383, -1.361326, -5.445303, 3.700556, 15.665019
0.218817, 0.275405, 0.011788, 1.373384, -1.361596, -5.446383, 3.591628, 15.736852
0.335804, 0.281445, 0.012047, 1.373383, -1.361336, -5.445346, 3.482721, 15.806506
0.149898, 0.268290, 0.011484, 1.373385, -1.361901, -5.447604, 3.373769, 15.873981
0.519074, 0.293368, 0.012557, 1.373382, -1.360825, -5.443298, 3.264903, 15.939280
0.458448, 0.309876, 0.013264, 1.373380, -1.360116, -5.440464, 3.156094, 16.002401
0.254492, 0.304338, 0.013027, 1.373381, -1.360354, -5.441415, 3.047266, 16.063347
0.414679, 0.315372, 0.013499, 1.373379, -1.359880, -5.439520, 2.938475, 16.122116
0.218509, 0.305686, 0.013085, 1.373380, -1.360296, -5.441184, 2.829651, 16.178709
0.440015, 0.319119, 0.013660, 1.373379, -1.359719, -5.438877, 2.720874, 16.233126
0.069240, 0.294131, 0.012590, 1.373382, -1.360792, -5.443168, 2.612010, 16.285366
0.149597, 0.279677, 0.011971, 1.373384, -1.361412, -5.445649, 2.503098, 16.335428
0.126965, 0.264406, 0.011318, 1.373385, -1.362068, -5.448271, 2.394132, 16.383310
0.448422, 0.282808, 0.012105, 1.373383, -1.361278, -5.445112, 2.285230, 16.429014
0.298832, 0.284410, 0.012174, 1.373383, -1.361209, -5.444837, 2.176333, 16.472542
0.068920, 0.262861, 0.011252, 1.373386, -1.362134, -5.448536, 2.067363, 16.513889
0.382584, 0.274834, 0.011764, 1.373384, -1.361620, -5.446481, 1.958433, 16.553059
0.322400, 0.279590, 0.011968, 1.373384, -1.361416, -5.445664, 1.849520, 16.590050
0.264990, 0.278130, 0.011905, 1.373384, -1.361479, -5.445915, 1.740601, 16.624863
0.287800, 0.279097, 0.011946, 1.373384, -1.361437, -5.445749, 1.631686, 16.657495
0.367349, 0.287922, 0.012324, 1.373383, -1.361058, -5.444234, 1.522802, 16.687952
0.241850, 0.283315, 0.012127, 1.373383, -1.361256, -5.445025, 1.413901, 16.716230
0.092078, 0.264191, 0.011308, 1.373385, -1.362077, -5.448308, 1.304935, 16.742329
0.322984, 0.270071, 0.011560, 1.373385, -1.361825, -5.447299, 1.195989, 16.766249
0.011514, 0.244215, 0.010453, 1.373387, -1.362934, -5.451736, 1.086954, 16.787989
0.413847, 0.261178, 0.011179, 1.373386, -1.362206, -5.448825, 0.977978, 16.807549
0.368456, 0.271906, 0.011639, 0.011639, 0.000000, 0.000000, 0.977978, 16.827108
0.253519, 0.270067, 0.011560, 0.011560, 0.000000, 0.000000, 0.977978, 16.846668
0.242679, 0.267329, 0.011443, 0.011443, 0.000000, 0.000000, 0.977978, 16.866228
0.482915, 0.288887, 0.012366, 0.012366, 0.000000, 0.000000, 0.977978, 16.885788
0.092060, 0.269204, 0.011523, 0.011523, 0.000000, 0.000000, 0.977978, 16.905348
0.242142, 0.266498, 0.011407, 0.011407, 0.000000, 0.000000, 0.977978, 16.924908
0.346054, 0.274454, 0.011748, 0.011748, 0.000000, 0.000000, 0.977978, 16.944468
0.218597, 0.268868, 0.011509, 0.011509, 0.000000, 0.000000, 0.977978, 16.964027
0.034606, 0.245442, 0.010506, 0.010506, 0.000000, 0.000000, 0.977978, 16.983587
0.346403, 0.255538, 0.010938, 0.010938, 0.000000, 0.000000, 0.977978, 17.003147
0.289078, 0.258892, 0.011082, 0.011082, 0.000000, 0.000000, 0.977978, 17.022707
0.183346, 0.251337, 0.010758, 0.010758, 0.000000, 0.000000, 0.977978, 17.042267
0.263295, 0.252533, 0.010809, 0.010809, 0.000000, 0.000000, 0.977978, 17.061827
0.321367, 0.259417, 0.011104, 0.011104, 0.000000, 0.000000, 0.977978, 17.081387
0.251848, 0.258660, 0.011072, 0.011072, 0.000000, 0.000000, 0.977978, 17.100946
0.312330, 0.264027, 0.011301, 0.011301, 0.000000, 0.000000, 0.977978, 17.120506
0.207843, 0.258408, 0.011061, 0.011061, 0.000000, 0.000000, 0.977978, 17.140066
0.195981, 0.252166, 0.010794, 0.010794, 0.000000, 0.000000, 0.977978, 17.159626
0.265684, 0.253517, 0.010852, 0.010852, 0.000000, 0.000000, 0.977978, 17.179186
0.196852, 0.247851, 0.010609, 0.010609, 0.000000, 0.000000, 0.977978, 17.198746
0.023066, 0.225372, 0.009647, 0.009647, 0.000000, 0.000000, 0.977978, 17.218306
0.173064, 0.220142, 0.009423, 0.009423, 0.000000, 0.000000, 0.977978, 17.237865
0.264617, 0.224589, 0.009613, 0.009613, 0.000000, 0.000000, 0.977978, 17.257425
0.057781, 0.207908, 0.008899, 0.008899, 0.000000, 0.000000, 0.977978, 17.276985
0.092115, 0.196329, 0.008404, 0.008404, 0.000000, 0.000000, 0.977978, 17.296545
0.377693, 0.214465, 0.009180, 0.009180, 0.000000, 0.000000, 0.977978, 17.316105
0.171921, 0.210211, 0.008998, 0.008998, 0.000000, 0.000000, 0.977978, 17.335665
0.482624, 0.237452, 0.010164, 0.010164, 0.000000, 0.000000, 0.977978, 17.355225
0.057457, 0.219453, 0.009393, 0.009393, 0.000000, 0.000000, 0.977978, 17.374784
0.000000, 0.197507, 0.008454, 0.008454, 0.000000, 0.000000, 0.977978, 17.394344
0.217854, 0.199542, 0.008541, 0.008541, 0.000000, 0.000000, 0.977978, 17.413904
0.392431, 0.218831, 0.009367, 0.009367, 0.000000, 0.000000, 0.977978, 17.433464
0.114867, 0.208435, 0.008922, 0.008922, 0.000000, 0.000000, 0.977978, 17.453024
0.312267, 0.218818, 0.009366, 0.009366, 0.000000, 0.000000, 0.977978, 17.472584
0.218729, 0.218809, 0.009366, 0.009366, 0.000000, 0.000000, 0.977978, 17.492144
0.241996, 0.221128, 0.009465, 0.009465, 0.000000, 0.000000, 0.977978, 17.511703
0.034592, 0.202474, 0.008667, 0.008667, 0.000000, 0.000000, 0.977978, 17.531263
0.126557, 0.194882, 0.008342, 0.008342, 0.000000, 0.000000, 0.977978, 17.550823
0.231731, 0.198567, 0.008499, 0.008499, 0.000000, 0.000000, 0.977978, 17.570383
0.243022, 0.203013, 0.008690, 0.008690, 0.000000, 0.000000, 0.977978, 17.589943
0.069156, 0.189627, 0.008117, 0.008117, 0.000000, 0.000000, 0.977978, 17.609503
0.263453, 0.197010, 0.008433, 0.008433, 0.000000, 0.000000, 0.977978, 17.629063
0.205893, 0.197898, 0.008471, 0.008471, 0.000000, 0.000000, 0.977978, 17.648623
0.609874, 0.239096, 0.010234, 0.010234, 0.000000, 0.000000, 0.977978, 17.668182
0.356155, 0.250802, 0.010735, 0.010735, 0.000000, 0.000000, 0.977978, 17.687742
0.172820, 0.243003, 0.010402, 0.010402, 0.000000, 0.000000, 0.977978, 17.707302
0.262718, 0.244975, 0.010486, 0.010486, 0.000000, 0.000000, 0.977978, 17.726862
0.161072, 0.236585, 0.010127, 0.010127, 0.000000, 0.000000, 0.977978, 17.746422
0.104090, 0.223335, 0.009560, 0.009560, 0.000000, 0.000000, 0.977978, 17.765982
0.497307, 0.250732, 0.010732, 0.010732, 0.000000, 0.000000, 0.977978, 17.785542
0.288148, 0.254474, 0.010893, 0.010893, 0.000000, 0.000000, 0.977978, 17.805101
0.115028, 0.240529, 0.010296, 0.010296, 0.000000, 0.000000, 0.977978, 17.824661
0.528480, 0.269324, 0.011528, 0.011528, 0.000000, 0.000000, 0.977978, 17.844221
0.206760, 0.263068, 0.011260, 0.011260, 0.000000, 0.000000, 0.977978, 17.863781
0.217679, 0.258529, 0.011066, 0.011066, 0.000000, 0.000000, 0.977978, 17.883341
-0.114844, 0.221192, 0.009468, 0.009468, 0.000000, 0.000000, 0.977978, 17.902901
0.599692, 0.259042, 0.011088, 0.011088, 0.000000, 0.000000, 0.977978, 17.922461
0.206926, 0.253830, 0.010865, 0.010865, 0.000000, 0.000000, 0.977978, 17.942020
0.322400, 0.260687, 0.011158, 0.011158, 0.000000, 0.000000, 0.977978, 17.961580
0.457441, 0.280363, 0.012001, 0.012001, 0.000000, 0.000000, 0.977978, 17.981140
0.207885, 0.273115, 0.011690, 0.011690, 0.000000, 0.000000, 0.977978, 18.000700
0.368382, 0.282642, 0.012098, 0.012098, 0.000000, 0.000000, 0.977978, 18.020260
0.241947, 0.278572, 0.011924, 0.011924, 0.000000, 0.000000, 0.977978, 18.039820
0.150019, 0.265717, 0.011374, 0.011374, 0.000000, 0.000000, 0.977978, 18.059380
0.486724, 0.287818, 0.012320, 0.012320, 0.000000, 0.000000, 0.977978, 18.078939
0.218028, 0.280839, 0.012021, 0.012021, 0.000000, 0.000000, 0.977978, 18.098499
0.137896, 0.266544, 0.011409, 0.011409, 0.000000, 0.000000, 0.977978, 18.118059
0.414262, 0.281316, 0.012041, 0.012041, 0.000000, 0.000000, 0.977978, 18.137619
0.127067, 0.265891, 0.011381, 0.011381, 0.000000, 0.000000, 0.977978, 18.157179
0.265150, 0.265817, 0.011378, 0.011378, 0.000000, 0.000000, 0.977978, 18.176739
0.462332, 0.285469, 0.012219, 0.012219, 0.000000, 0.000000, 0.977978, 18.196299
0.149717, 0.271893, 0.011638, 0.011638, 0.000000, 0.000000, 0.977978, 18.215858
0.276122, 0.272316, 0.011656, 0.011656, 0.000000, 0.000000, 0.977978, 18.235418
0.345637, 0.279648, 0.011970, 0.011970, 0.000000, 0.000000, 0.977978, 18.254978
0.345151, 0.286199, 0.012250, 0.012250, 0.000000, 0.000000, 0.977978, 18.274538
0.263453, 0.283924, 0.012153, 0.012153, 0.000000, 0.000000, 0.977978, 18.294098
0.197011, 0.275233, 0.011781, 0.011781, 0.000000, 0.000000, 0.977978, 18.313658
0.252656, 0.272975, 0.011684, 0.011684, 0.000000, 0.000000, 0.977978, 18.333218
0.092041, 0.254882, 0.010910, 0.010910, 0.000000, 0.000000, 0.977978, 18.352777
0.080747, 0.237468, 0.010165, 0.010165, 0.000000, 0.000000, 0.977978, 18.372337
0.230195, 0.236741, 0.010133, 0.010133, 0.000000, 0.000000, 0.977978, 18.391897
0.242093, 0.237276, 0.010156, 0.010156, 0.000000, 0.000000, 0.977978, 18.411457
0.069351, 0.220484, 0.009438, 0.009438, 0.000000, 0.000000, 0.977978, 18.431017
0.355727, 0.234008, 0.010016, 0.010016, 0.000000, 0.000000, 0.977978, 18.450577
0.231263, 0.233733, 0.010005, 0.010005, 0.000000, 0.000000, 0.977978, 18.470137
0.160076, 0.226368, 0.009689, 0.009689, 0.000000, 0.000000, 0.977978, 18.489697
0.069337, 0.210665, 0.009017, 0.009017, 0.000000, 0.000000, 0.977978, 18.509256
0.471323, 0.236730, 0.010133, 0.010133, 0.000000, 0.000000, 0.977978, 18.528816
0.148760, 0.227933, 0.009756, 0.009756, 0.000000, 0.000000, 0.977978, 18.548376
0.218466, 0.226987, 0.009716, 0.009716, 0.000000, 0.000000, 0.977978, 18.567936
0.172439, 0.221532, 0.009482, 0.009482, 0.000000, 0.000000, 0.977978, 18.587496
0.472841, 0.246663, 0.010558, 0.010558, 0.000000, 0.000000, 0.977978, 18.607056
0.276511, 0.249648, 0.010686, 0.010686, 0.000000, 0.000000, 0.977978, 18.626616
0.322855, 0.256968, 0.010999, 0.010999, 0.000000, 0.000000, 0.977978, 18.646175
0.139039, 0.245175, 0.010495, 0.010495, 0.000000, 0.000000, 0.977978, 18.665735
0.092115, 0.229869, 0.009839, 0.009839, 0.000000, 0.000000, 0.977978, 18.685295
0.034697, 0.210352, 0.009004, 0.009004, 0.000000, 0.000000, 0.977978, 18.704855
0.402674, 0.229584, 0.009827, 0.009827, 0.000000, 0.000000, 0.977978, 18.724415
0.423388, 0.248965, 0.010657, 0.010657, 0.000000, 0.000000, 0.977978, 18.743975
0.367423, 0.260810, 0.011164, 0.011164, 0.000000, 0.000000, 0.977978, 18.763535
0.300338, 0.264763, 0.011333, 0.011333, 0.000000, 0.000000, 0.977978, 18.783094
0.254801, 0.263767, 0.011290, 0.011290, 0.000000, 0.000000, 0.977978, 18.802654
0.333379, 0.270728, 0.011588, 0.011588, 0.000000, 0.000000, 0.977978, 18.822214
0.011542, 0.244810, 0.010479, 0.010479, 0.000000, 0.000000, 0.977978, 18.841774
0.231918, 0.243520, 0.010424, 0.010424, 0.000000, 0.000000, 0.977978, 18.861334
0.114729, 0.230641, 0.009872, 0.009872, 0.000000, 0.000000, 0.977978, 18.880894
0.380505, 0.245628, 0.010514, 0.010514, 0.000000, 0.000000, 0.977978, 18.900454
0.183273, 0.239392, 0.010247, 0.010247, 0.000000, 0.000000, 0.977978, 18.920013
0.057804, 0.221233, 0.009470, 0.009470, 0.000000, 0.000000, 0.977978, 18.939573
0.366835, 0.235794, 0.010093, 0.010093, 0.000000, 0.000000, 0.977978, 18.959133
0.412770, 0.253491, 0.010850, 0.010850, 0.000000, 0.000000, 0.977978, 18.978693
0.057758, 0.233918, 0.010013, 0.010013, 0.000000, 0.000000, 0.977978, 18.998253
0.196099, 0.230136, 0.009851, 0.009851, 0.000000, 0.000000, 0.977978, 19.017813
0.045993, 0.211722, 0.009063, 0.009063, 0.000000, 0.000000, 0.977978, 19.037373
0.057365, 0.196286, 0.008402, 0.008402, 0.000000, 0.000000, 0.977978, 19.056932
0.068989, 0.183556, 0.007857, 0.007857, 0.000000, 0.000000, 0.977978, 19.076492
0.092282, 0.174429, 0.007466, 0.007466, 0.000000, 0.000000, 0.977978, 19.096052
0.218466, 0.178833, 0.007655, 0.007655, 0.000000, 0.000000, 0.977978, 19.115612
0.206926, 0.181642, 0.007775, 0.007775, 0.000000, 0.000000, 0.977978, 19.135172
0.206719, 0.184150, 0.007882, 0.007882, 0.000000, 0.000000, 0.977978, 19.154732
0.347032, 0.200438, 0.008580, 0.008580, 0.000000, 0.000000, 0.977978, 19.174292
0.149808, 0.195375, 0.008363, 0.008363, 0.000000, 0.000000, 0.977978, 19.193851
0.324487, 0.208286, 0.008915, 0.008915, 0.000000, 0.000000, 0.977978, 19.213411
0.230333, 0.210491, 0.009010, 0.009010, 0.000000, 0.000000, 0.977978, 19.232971
0.379284, 0.227370, 0.009732, 0.009732, 0.000000, 0.000000, 0.977978, 19.252531
0.264564, 0.231090, 0.009892, 0.009892, 0.000000, 0.000000, 0.977978, 19.272091
0.460567, 0.254037, 0.010874, 0.010874, 0.000000, 0.000000, 0.977978, 19.291651
0.173133, 0.245947, 0.010528, 0.010528, 0.000000, 0.000000, 0.977978, 19.311211
0.092543, 0.230606, 0.009871, 0.009871, 0.000000, 0.000000, 0.977978, 19.330770
0.404706, 0.248016, 0.010616, 0.010616, 0.000000, 0.000000, 0.977978, 19.350330
0.310637, 0.254278, 0.010884, 0.010884, 0.000000, 0.000000, 0.977978, 19.369890
0.310512, 0.259902, 0.011125, 0.011125, 0.000000, 0.000000, 0.977978, 19.389450
0.172716, 0.251183, 0.010752, 0.010752, 0.000000, 0.000000, 0.977978, 19.409010
0.267246, 0.252789, 0.010820, 0.010820, 0.000000, 0.000000, 0.977978, 19.428570
0.457441, 0.273255, 0.011696, 0.011696, 0.000000, 0.000000, 0.977978, 19.448130
0.380812, 0.284010, 0.012157, 0.012157, 0.000000, 0.000000, 0.977978, 19.467690
0.310387, 0.286648, 0.012270, 0.012270, 0.000000, 0.000000, 0.977978, 19.487249
0.787680, 0.336751, 0.014414, 0.014414, 0.000000, 0.000000, 0.977978, 19.506809
0.288845, 0.331961, 0.014209, 0.014209, 0.000000, 0.000000, 0.977978, 19.526369
0.289136, 0.327678, 0.014026, 0.014026, 0.000000, 0.000000, 0.977978, 19.545929
0.402674, 0.335178, 0.014347, 0.014347, 0.000000, 0.000000, 0.977978, 19.565489
0.243712, 0.326031, 0.013955, 0.013955, 0.000000, 0.000000, 0.977978, 19.585049
0.254904, 0.318918, 0.013651, 0.013651, 0.000000, 0.000000, 0.977978, 19.604609
0.264034, 0.313430, 0.013416, 0.013416, 0.000000, 0.000000, 0.977978, 19.624168
0.481851, 0.330272, 0.014137, 0.014137, 0.000000, 0.000000, 0.977978, 19.643728
0.127016, 0.309947, 0.013267, 0.013267, 0.000000, 0.000000, 0.977978, 19.663288
0.150019, 0.293954, 0.012582, 0.012582, 0.000000, 0.000000, 0.977978, 19.682848
0.392510, 0.303809, 0.013004, 0.013004, 0.000000, 0.000000, 0.977978, 19.702408
0.298353, 0.303264, 0.012981, 0.012981, 0.000000, 0.000000, 0.977978, 19.721968
0.287742, 0.301712, 0.012914, 0.012914, 0.000000, 0.000000, 0.977978, 19.741528
0.345845, 0.306125, 0.013103, 0.013103, 0.000000, 0.000000, 0.977978, 19.761087
0.355870, 0.311099, 0.013316, 0.013316, 0.000000, 0.000000, 0.977978, 19.780647
0.447704, 0.324760, 0.013901, 0.013901, 0.000000, 0.000000, 0.977978, 19.800207
0.356370, 0.327921, 0.014036, 0.014036, 0.000000, 0.000000, 0.977978, 19.819767
0.195666, 0.314695, 0.013470, 0.013470, 0.000000, 0.000000, 0.977978, 19.839327
0.370691, 0.320295, 0.013710, 0.013710, 0.000000, 0.000000, 0.977978, 19.858887
0.241850, 0.312450, 0.013374, 0.013374, 0.000000, 0.000000, 0.977978, 19.878447
0.276400, 0.308845, 0.013220, 0.013220, 0.000000, 0.000000, 0.977978, 19.898006
0.346473, 0.312608, 0.013381, 0.013381, 0.000000, 0.000000, 0.977978, 19.917566
0.427572, 0.324105, 0.013873, 0.013873, 0.000000, 0.000000, 0.977978, 19.937126
0.148553, 0.306549, 0.013122, 0.013122, 0.000000, 0.000000, 0.977978, 19.956686
0.092693, 0.285164, 0.012206, 0.012206, 0.000000, 0.000000, 0.977978, 19.976246
0.103588, 0.267006, 0.011429, 0.011429, 0.000000, 0.000000, 0.977978, 19.995806
0.344874, 0.274793, 0.011762, 0.011762, 0.000000, 0.000000, 0.977978, 20.015366
0.322400, 0.279554, 0.011966, 0.011966, 0.000000, 0.000000, 0.977978, 20.034925
0.380889, 0.289687, 0.012400, 0.012400, 0.000000, 0.000000, 0.977978, 20.054485
0.300277, 0.290746, 0.012445, 0.012445, 0.000000, 0.000000, 0.977978, 20.074045
0.173658, 0.279037, 0.011944, 0.011944, 0.000000, 0.000000, 0.977978, 20.093605
0.344046, 0.285538, 0.012222, 0.012222, 0.000000, 0.000000, 0.977978, 20.113165
0.324094, 0.289394, 0.012387, 0.012387, 0.000000, 0.000000, 0.977978, 20.132725
0.275679, 0.288022, 0.012329, 0.012329, 0.000000, 0.000000, 0.977978, 20.152285
0.000000, 0.259220, 0.011096, 0.011096, 0.000000, 0.000000, 0.977978, 20.171844
0.395699, 0.272868, 0.011680, 0.011680, 0.000000, 0.000000, 0.977978, 20.191404
0.403566, 0.285938, 0.012239, 0.012239, 0.000000, 0.000000, 0.977978, 20.210964
0.264723, 0.283816, 0.012148, 0.012148, 0.000000, 0.000000, 0.977978, 20.230524
0.321560, 0.287591, 0.012310, 0.012310, 0.000000, 0.000000, 0.977978, 20.250084
0.310949, 0.289926, 0.012410, 0.012410, 0.000000, 0.000000, 0.977978, 20.269644
0.312645, 0.292198, 0.012507, 0.012507, 0.000000, 0.000000, 0.977978, 20.289204
0.196178, 0.282596, 0.012096, 0.012096, 0.000000, 0.000000, 0.977978, 20.308764
0.207592, 0.275096, 0.011775, 0.011775, 0.000000, 0.000000, 0.977978, 20.328323
0.368679, 0.284454, 0.012176, 0.012176, 0.000000, 0.000000, 0.977978, 20.347883
0.252960, 0.281305, 0.012041, 0.012041, 0.000000, 0.000000, 0.977978, 20.367443
0.438156, 0.296990, 0.012712, 0.012712, 0.000000, 0.000000, 0.977978, 20.387003
0.196574, 0.286948, 0.012283, 0.012283, 0.000000, 0.000000, 0.977978, 20.406563
0.241559, 0.282409, 0.012088, 0.012088, 0.000000, 0.000000, 0.977978, 20.426123
0.046216, 0.258790, 0.011077, 0.011077, 0.000000, 0.000000, 0.977978, 20.445683
0.332445, 0.266155, 0.011393, 0.011393, 0.000000, 0.000000, 0.977978, 20.465242
-0.080796, 0.231460, 0.009907, 0.009907, 0.000000, 0.000000, 0.977978, 20.484802
0.000000, 0.208314, 0.008917, 0.008917, 0.000000, 0.000000, 0.977978, 20.504362
0.139123, 0.201395, 0.008621, 0.008621, 0.000000, 0.000000, 0.977978, 20.523922
-0.161169, 0.165139, 0.007069, 0.007069, 0.000000, 0.000000, 0.977978, 20.543482
0.463735, 0.194998, 0.008347, 0.008347, 0.000000, 0.000000, 0.977978, 20.563042
0.389683, 0.214467, 0.009180, 0.009180, 0.000000, 0.000000, 0.977978, 20.582602
0.403485, 0.233369, 0.009989, 0.009989, 0.000000, 0.000000, 0.977978, 20.602161
0.208642, 0.230896, 0.009883, 0.009883, 0.000000, 0.000000, 0.977978, 20.621721
0.414179, 0.249224, 0.010668, 0.010668, 0.000000, 0.000000, 0.977978, 20.641281
0.367055, 0.261007, 0.011172, 0.011172, 0.000000, 0.000000, 0.977978, 20.660841
0.229779, 0.257885, 0.011039, 0.011039, 0.000000, 0.000000, 0.977978, 20.680401
0.439838, 0.276080, 0.011817, 0.011817, 0.000000, 0.000000, 0.977978, 20.699961
0.149477, 0.263420, 0.011275, 0.011275, 0.000000, 0.000000, 0.977978, 20.719521
0.125950, 0.249673, 0.010687, 0.010687, 0.000000, 0.000000, 0.977978, 20.739080
0.149898, 0.239695, 0.010260, 0.010260, 0.000000, 0.000000, 0.977978, 20.758640
0.334722, 0.249198, 0.010667, 0.010667, 0.000000, 0.000000, 0.977978, 20.778200
0.196257, 0.243904, 0.010440, 0.010440, 0.000000, 0.000000, 0.977978, 20.797760
0.413101, 0.260823, 0.011164, 0.011164, 0.000000, 0.000000, 0.977978, 20.817320
0.173238, 0.252065, 0.010789, 0.010789, 0.000000, 0.000000, 0.977978, 20.836880
0.138730, 0.240731, 0.010304, 0.010304, 0.000000, 0.000000, 0.977978, 20.856440
0.231077, 0.239766, 0.010263, 0.010263, 0.000000, 0.000000, 0.977978, 20.875999
-0.103546, 0.205435, 0.008793, 0.008793, 0.000000, 0.000000, 0.977978, 20.895559
0.287916, 0.213683, 0.009147, 0.009147, 0.000000, 0.000000, 0.977978, 20.915119
0.287742, 0.221089, 0.009464, 0.009464, 0.000000, 0.000000, 0.977978, 20.934679
0.241075, 0.223087, 0.009549, 0.009549, 0.000000, 0.000000, 0.977978, 20.954239
0.218553, 0.222634, 0.009530, 0.009530, 0.000000, 0.000000, 0.977978, 20.973799
0.298592, 0.230230, 0.009855, 0.009855, 0.000000, 0.000000, 0.977978, 20.993359
0.309766, 0.238183, 0.010195, 0.010195, 0.000000, 0.000000, 0.977978, 21.012918
0.336962, 0.248061, 0.010618, 0.010618, 0.000000, 0.000000, 0.977978, 21.032478
0.127298, 0.235985, 0.010101, 0.010101, 0.000000, 0.000000, 0.977978, 21.052038
0.046197, 0.217006, 0.009289, 0.009289, 0.000000, 0.000000, 0.977978, 21.071598
-0.011540, 0.194152, 0.008310, 0.008310, 0.000000, 0.000000, 0.977978, 21.091158
0.228861, 0.197623, 0.008459, 0.008459, 0.000000, 0.000000, 0.977978, 21.110718
0.518760, 0.229736, 0.009834, 0.009834, 0.000000, 0.000000, 0.977978, 21.130278
0.515442, 0.258307, 0.011057, 0.011057, 0.000000, 0.000000, 0.977978, 21.149837
0.173693, 0.249845, 0.010694, 0.010694, 0.000000, 0.000000, 0.977978, 21.169397
0.149567, 0.239818, 0.010265, 0.010265, 0.000000, 0.000000, 0.977978, 21.188957
0.426626, 0.258498, 0.011065, 0.011065, 0.000000, 0.000000, 0.977978, 21.208517
0.023010, 0.234950, 0.010057, 0.010057, 0.000000, 0.000000, 0.977978, 21.228077
0.507539, 0.262209, 0.011224, 0.011224, 0.000000, 0.000000, 0.977978, 21.247637
0.323310, 0.268319, 0.011485, 0.011485, 0.000000, 0.000000, 0.977978, 21.267197
0.358311, 0.277318, 0.011870, 0.011870, 0.000000, 0.000000, 0.977978, 21.286757
0.344184, 0.284004, 0.012157, 0.012157, 0.000000, 0.000000, 0.977978, 21.306316
0.357230, 0.291327, 0.012470, 0.012470, 0.000000, 0.000000, 0.977978, 21.325876
0.277403, 0.289935, 0.012410, 0.012410, 0.000000, 0.000000, 0.977978, 21.345436
0.322077, 0.293149, 0.012548, 0.012548, 0.000000, 0.000000, 0.977978, 21.364996
0.356227, 0.299457, 0.012818, 0.012818, 0.000000, 0.000000, 0.977978, 21.384556
0.243170, 0.293828, 0.012577, 0.012577, 0.000000, 0.000000, 0.977978, 21.404116
0.299012, 0.294346, 0.012599, 0.012599, 0.000000, 0.000000, 0.977978, 21.423676
0.494313, 0.314343, 0.013455, 0.013455, 0.000000, 0.000000, 0.977978, 21.443235
0.069031, 0.289812, 0.012405, 0.012405, 0.000000, 0.000000, 0.977978, 21.462795
0.520016, 0.312832, 0.013390, 0.013390, 0.000000, 0.000000, 0.977978, 21.482355
0.266167, 0.308166, 0.013191, 0.013191, 0.000000, 0.000000, 0.977978, 21.501915
0.127711, 0.290120, 0.012418, 0.012418, 0.000000, 0.000000, 0.977978, 21.521475
0.369720, 0.298080, 0.012759, 0.012759, 0.000000, 0.000000, 0.977978, 21.541035
0.218203, 0.290092, 0.012417, 0.012417, 0.000000, 0.000000, 0.977978, 21.560595
0.229319, 0.284015, 0.012157, 0.012157, 0.000000, 0.000000, 0.977978, 21.580154
-0.057353, 0.249878, 0.010696, 0.010696, 0.000000, 0.000000, 0.977978, 21.599714
-0.057572, 0.219133, 0.009380, 0.009380, 0.000000, 0.000000, 0.977978, 21.619274
0.103318, 0.207552, 0.008884, 0.008884, 0.000000, 0.000000, 0.977978, 21.638834
0.357805, 0.222577, 0.009527, 0.009527, 0.000000, 0.000000, 0.977978, 21.658394
0.151145, 0.215434, 0.009221, 0.009221, 0.000000, 0.000000, 0.977978, 21.677954
0.301493, 0.224040, 0.009590, 0.009590, 0.000000, 0.000000, 0.977978, 21.697514
-0.149989, 0.186637, 0.007989, 0.007989, 0.000000, 0.000000, 0.977978, 21.717073
0.057572, 0.173730, 0.007436, 0.007436, 0.000000, 0.000000, 0.977978, 21.736633
0.311763, 0.187534, 0.008027, 0.008027, 0.000000, 0.000000, 0.977978, 21.756193
0.219700, 0.190750, 0.008165, 0.008165, 0.000000, 0.000000, 0.977978, 21.775753
0.172889, 0.188964, 0.008088, 0.008088, 0.000000, 0.000000, 0.977978, 21.795313
0.220100, 0.192078, 0.008222, 0.008222, 0.000000, 0.000000, 0.977978, 21.814873
0.207092, 0.193579, 0.008286, 0.008286, 0.000000, 0.000000, 0.977978, 21.834433
0.451412, 0.219363, 0.009390, 0.009390, 0.000000, 0.000000, 0.977978, 21.853992
0.206926, 0.218119, 0.009336, 0.009336, 0.000000, 0.000000, 0.977978, 21.873552
0.126177, 0.208925, 0.008943, 0.008943, 0.000000, 0.000000, 0.977978, 21.893112
0.229641, 0.210996, 0.009032, 0.009032, 0.000000, 0.000000, 0.977978, 21.912672
0.277068, 0.217603, 0.009314, 0.009314, 0.000000, 0.000000, 0.977978, 21.932232
0.219346, 0.217778, 0.009322, 0.009322, 0.000000, 0.000000, 0.977978, 21.951792
0.323767, 0.228377, 0.009775, 0.009775, 0.000000, 0.000000, 0.977978, 21.971352
0.208981, 0.226437, 0.009692, 0.009692, 0.000000, 0.000000, 0.977978, 21.990911
0.334789, 0.237272, 0.010156, 0.010156, 0.000000, 0.000000, 0.977978, 22.010471
0.368234, 0.250368, 0.010717, 0.010717, 0.000000, 0.000000, 0.977978, 22.030031
0.138256, 0.239157, 0.010237, 0.010237, 0.000000, 0.000000, 0.977978, 22.049591
0.381273, 0.253369, 0.010845, 0.010845, 0.000000, 0.000000, 0.977978, 22.069151
0.092357, 0.237268, 0.010156, 0.010156, 0.000000, 0.000000, 0.977978, 22.088711
0.354945, 0.249035, 0.010660, 0.010660, 0.000000, 0.000000, 0.977978, 22.108271
0.345151, 0.258647, 0.011071, 0.011071, 0.000000, 0.000000, 0.977978, 22.127831
-0.126862, 0.220096, 0.009421, 0.009421, 0.000000, 0.000000, 0.977978, 22.147390
0.115960, 0.209682, 0.008975, 0.008975, 0.000000, 0.000000, 0.977978, 22.166950
0.344115, 0.223126, 0.009551, 0.009551, 0.000000, 0.000000, 0.977978, 22.186510
-0.034343, 0.197379, 0.008449, 0.008449, 0.000000, 0.000000, 0.977978, 22.206070
0.392510, 0.216892, 0.009284, 0.009284, 0.000000, 0.000000, 0.977978, 22.225630
0.319257, 0.227128, 0.009722, 0.009722, 0.000000, 0.000000, 0.977978, 22.245190
0.184045, 0.222820, 0.009538, 0.009538, 0.000000, 0.000000, 0.977978, 22.264750
0.561705, 0.256708, 0.010988, 0.010988, 0.000000, 0.000000, 0.977978, 22.284309
0.369645, 0.268002, 0.011472, 0.011472, 0.000000, 0.000000, 0.977978, 22.303869
0.414929, 0.282695, 0.012100, 0.012100, 0.000000, 0.000000, 0.977978, 22.323429
-0.011528, 0.253272, 0.010841, 0.010841, 0.000000, 0.000000, 0.977978, 22.342989
0.356084, 0.263554, 0.011281, 0.011281, 0.000000, 0.000000, 0.977978, 22.362549
0.403079, 0.277506, 0.011878, 0.011878, 0.000000, 0.000000, 0.977978, 22.382109
0.300945, 0.279850, 0.011979, 0.011979, 0.000000, 0.000000, 0.977978, 22.401669
0.196099, 0.271475, 0.011620, 0.011620, 0.000000, 0.000000, 0.977978, 22.421228
0.080666, 0.252394, 0.010803, 0.010803, 0.000000, 0.000000, 0.977978, 22.440788
0.138842, 0.241039, 0.010317, 0.010317, 0.000000, 0.000000, 0.977978, 22.460348
0.481081, 0.265043, 0.011345, 0.011345, 0.000000, 0.000000, 0.977978, 22.479908
0.301371, 0.268676, 0.011500, 0.011500, 0.000000, 0.000000, 0.977978, 22.499468
0.149447, 0.256753, 0.010990, 0.010990, 0.000000, 0.000000, 0.977978, 22.519028
