0.604531, 0.060453, 0.000000, 0.000000, 0.000000
0.298771, 0.084285, 0.000000, 0.000000, 0.000000
0.150291, 0.090886, 0.000000, 0.000000, 0.000000
0.126939, 0.094491, 0.000000, 0.000000, 0.000000
0.207634, 0.105805, 0.000000, 0.000000, 0.000000
0.091967, 0.104421, 0.000000, 0.000000, 0.000000
-0.034371, 0.090542, 0.000000, 0.000000, 0.000000
0.230472, 0.104535, 0.000000, 0.000000, 0.000000
0.231637, 0.117245, 0.000000, 0.000000, 0.000000
0.275623, 0.133083, 0.000000, 0.000000, 0.000000
0.092618, 0.129037, 0.000000, 0.000000, 0.000000
0.000000, 0.116133, 0.000000, 0.000000, 0.000000
0.068741, 0.111394, 0.000000, 0.000000, 0.000000
0.138006, 0.114055, 0.000000, 0.000000, 0.000000
0.367791, 0.139429, 0.000000, 0.000000, 0.000000
0.127298, 0.138216, 0.000000, 0.000000, 0.000000
-0.126964, 0.111698, 0.000000, 0.000000, 0.000000
-0.057921, 0.094736, 0.000000, 0.000000, 0.000000
0.150321, 0.100294, 0.000000, 0.000000, 0.000000
0.149387, 0.105203, 0.000000, 0.000000, 0.000000
-0.046356, 0.090048, 0.000000, 0.000000, 0.000000
0.185422, 0.099585, 0.000000, 0.000000, 0.000000
0.172542, 0.106881, 0.000000, 0.000000, 0.000000
0.057851, 0.101978, 0.000000, 0.000000, 0.000000
0.277795, 0.119560, 0.000000, 0.000000, 0.000000
-0.046412, 0.102962, 0.000000, 0.000000, 0.000000
0.359471, 0.128613, 0.000000, 0.000000, 0.000000
0.265363, 0.142288, 0.000000, 0.000000, 0.000000
0.068782, 0.134938, 0.000000, 0.000000, 0.000000
0.104512, 0.131895, 0.000000, 0.000000, 0.000000
0.172611, 0.135967, 0.000000, 0.000000, 0.000000
0.115632, 0.133933, 0.000000, 0.000000, 0.000000
0.185911, 0.139131, 0.000000, 0.000000, 0.000000
-0.011610, 0.124057, 0.000000, 0.000000, 0.000000
0.103776, 0.122029, 0.000000, 0.000000, 0.000000
0.265577, 0.136384, 0.000000, 0.000000, 0.000000
-0.115702, 0.111175, 0.000000, 0.000000, 0.000000
0.000000, 0.100058, 0.000000, 0.000000, 0.000000
0.323701, 0.122422, 0.000000, 0.000000, 0.000000
0.208095, 0.130989, 0.000000, 0.000000, 0.000000
0.230658, 0.140956, 0.000000, 0.000000, 0.000000
0.173518, 0.144212, 0.000000, 0.000000, 0.000000
0.069337, 0.136725, 0.000000, 0.000000, 0.000000
0.299613, 0.153014, 0.000000, 0.000000, 0.000000
0.023131, 0.140025, 0.000000, 0.000000, 0.000000
0.115283, 0.137551, 0.000000, 0.000000, 0.000000
0.023047, 0.126101, 0.000000, 0.000000, 0.000000
0.068893, 0.120380, 0.000000, 0.000000, 0.000000
0.288554, 0.137197, 0.000000, 0.000000, 0.000000
0.391091, 0.162587, 0.000000, 0.000000, 0.000000
0.138451, 0.160173, 0.000000, 0.000000, 0.000000
0.150504, 0.159206, 0.000000, 0.000000, 0.000000
0.091691, 0.152455, 0.000000, 0.000000, 0.000000
0.092956, 0.146505, 0.000000, 0.000000, 0.000000
0.034718, 0.135326, 0.000000, 0.000000, 0.000000
0.277403, 0.149534, 0.000000, 0.000000, 0.000000
0.312772, 0.165857, 0.000000, 0.000000, 0.000000
0.229779, 0.172250, 0.000000, 0.000000, 0.000000
0.185198, 0.173544, 0.000000, 0.000000, 0.000000
0.183456, 0.174536, 0.000000, 0.000000, 0.000000
0.359180, 0.193000, 0.000000, 0.000000, 0.000000
0.483302, 0.222030, 0.000000, 0.000000, 0.000000
0.301492, 0.229976, 0.000000, 0.000000, 0.000000
0.300520, 0.237031, 0.000000, 0.000000, 0.000000
0.103880, 0.223716, 0.000000, 0.000000, 0.000000
0.103755, 0.211720, 0.000000, 0.000000, 0.000000
0.278076, 0.218355, 0.000000, 0.000000, 0.000000
-0.080877, 0.188432, 0.000000, 0.000000, 0.000000
0.034774, 0.173066, 0.000000, 0.000000, 0.000000
0.347523, 0.190512, 0.000000, 0.000000, 0.000000
0.196257, 0.191086, 0.000000, 0.000000, 0.000000
0.311073, 0.203085, 0.000000, 0.000000, 0.000000
0.126913, 0.195468, 0.000000, 0.000000, 0.000000
0.323505, 0.208272, 0.000000, 0.000000, 0.000000
0.311387, 0.218583, 0.000000, 0.000000, 0.000000
0.429477, 0.239673, 0.000000, 0.000000, 0.000000
0.045727, 0.220278, 0.000000, 0.000000, 0.000000
0.265256, 0.224776, 0.000000, 0.000000, 0.000000
0.137427, 0.216041, 0.000000, 0.000000, 0.000000
0.034495, 0.197886, 0.000000, 0.000000, 0.000000
0.158871, 0.193985, 0.000000, 0.000000, 0.000000
0.242532, 0.198839, 0.000000, 0.000000, 0.000000
0.345706, 0.213526, 0.000000, 0.000000, 0.000000
0.368529, 0.229026, 0.000000, 0.000000, 0.000000
-0.080926, 0.198031, 0.000000, 0.000000, 0.000000
-0.940520, 0.084176, 0.000000, 0.000000, 0.000000
0.762379, 0.151996, 0.000000, 0.000000, 0.000000
0.956257, 0.232422, 0.000000, 0.000000, 0.000000
0.209758, 0.230156, 0.000000, 0.000000, 0.000000
1.299907, 0.337131, 0.004242, 0.000085, 0.000002
2.033446, 0.506763, 0.033286, 0.000751, 0.000017
2.051279, 0.661214, 0.059731, 0.001945, 0.000056
3.273679, 0.922461, 0.104460, 0.004034, 0.000136
4.946399, 1.324854, 0.173351, 0.007501, 0.000286
5.811124, 1.773481, 0.250146, 0.012504, 0.000536
6.390761, 2.235209, 0.329168, 0.019088, 0.000918
7.911175, 2.802806, 0.426279, 0.027613, 0.001470
9.795388, 3.502064, 0.545858, 0.038530, 0.002241
11.806404, 4.332498, 0.687762, 0.052286, 0.003287
13.439734, 5.243222, 0.843218, 0.069150, 0.004670
14.821102, 6.201010, 1.006478, 0.089280, 0.006455
15.521058, 7.133015, 1.165073, 0.112581, 0.008707
16.931881, 8.112902, 1.331482, 0.139211, 0.011491
18.923359, 9.193948, 1.514618, 0.169503, 0.014881
20.846935, 10.359246, 1.711420, 0.203731, 0.018956
22.605825, 11.583904, 1.917483, 0.242081, 0.023797
23.710093, 12.796523, 2.120658, 0.284494, 0.029487
25.583738, 14.075245, 2.333877, 0.331172, 0.036111
27.841919, 15.451912, 2.562126, 0.382414, 0.043759
29.733826, 16.880104, 2.797352, 0.438361, 0.052526
30.558441, 18.247938, 3.021010, 0.498782, 0.062502
30.471867, 19.470331, 3.219434, 0.563170, 0.073765
30.049213, 20.528219, 3.389975, 0.630970, 0.086385
28.880524, 21.363449, 3.523808, 0.701446, 0.100414
29.839647, 22.211069, 3.658860, 0.774623, 0.115906
29.326483, 22.922611, 3.771615, 0.850055, 0.132907
29.220795, 23.552429, 3.870934, 0.927474, 0.151457
30.205364, 24.217722, 3.975338, 1.006981, 0.171596
31.478079, 24.943758, 4.088664, 1.088754, 0.193371
32.634659, 25.712849, 4.207993, 1.172914, 0.216830
33.642807, 26.505844, 4.330237, 1.259519, 0.242020
33.645966, 27.219856, 4.439596, 1.348311, 0.268986
34.683567, 27.966227, 4.553174, 1.439374, 0.297774
34.818745, 28.651478, 4.656772, 1.532510, 0.328424
34.944874, 29.280817, 4.751330, 1.627536, 0.360975
34.606247, 29.813360, 4.830897, 1.724154, 0.395458
34.693600, 30.301384, 4.903446, 1.822223, 0.431902
35.903866, 30.861631, 4.986293, 1.921949, 0.470341
36.018349, 31.377304, 5.062128, 2.023192, 0.510805
35.700836, 31.809658, 5.125393, 2.125700, 0.553319
35.517784, 32.180470, 5.179421, 2.229288, 0.597905
36.124588, 32.574883, 5.236650, 2.334021, 0.644585
36.057629, 32.923157, 5.286978, 2.439760, 0.693380
36.602268, 33.291069, 5.339931, 2.546559, 0.744312
36.940334, 33.655994, 5.392237, 2.654404, 0.797400
36.344067, 33.924801, 5.430627, 2.763016, 0.852660
36.310989, 34.163422, 5.464605, 2.872308, 0.910106
36.430328, 34.390114, 5.496797, 2.982244, 0.969751
36.134537, 34.564556, 5.521510, 3.092675, 1.031605
36.517681, 34.759869, 5.549119, 3.203657, 1.095678
36.489529, 34.932835, 5.573516, 3.315127, 1.161980
36.100040, 35.049557, 5.589951, 3.426926, 1.230519
36.431965, 35.187798, 5.609385, 3.539114, 1.301301
36.633812, 35.332397, 5.629679, 3.651708, 1.374335
36.253162, 35.424473, 5.642583, 3.764559, 1.449626
37.006439, 35.582668, 5.664719, 3.877854, 1.527183
37.816666, 35.806068, 5.695904, 3.991772, 1.607019
37.639046, 35.989365, 5.721427, 4.106200, 1.689143
36.944809, 36.084908, 5.734708, 4.220894, 1.773561
36.971218, 36.173538, 5.747014, 4.335835, 1.860277
36.747189, 36.230904, 5.754971, 4.450934, 1.949296
36.758915, 36.283707, 5.762290, 4.566180, 2.040620
37.488411, 36.404179, 5.778971, 4.681759, 2.134255
37.505413, 36.514301, 5.794197, 4.797643, 2.230207
37.590816, 36.621952, 5.809060, 4.913825, 2.328484
38.021973, 36.761955, 5.828359, 5.030392, 2.429092
37.393990, 36.825157, 5.837060, 5.147133, 2.532034
37.226719, 36.865314, 5.842585, 5.263985, 2.637314
37.218601, 36.900642, 5.847443, 5.380934, 2.744933
37.219711, 36.932549, 5.851829, 5.497970, 2.854892
36.660576, 36.905350, 5.848090, 5.614932, 2.967191
37.493793, 36.964195, 5.856176, 5.732056, 3.081832
38.137947, 37.081570, 5.872287, 5.849502, 3.198822
37.759396, 37.149353, 5.881580, 5.967133, 3.318165
37.138714, 37.148289, 5.881434, 6.084762, 3.439860
37.445187, 37.177979, 5.885502, 6.202472, 3.563909
38.136578, 37.273838, 5.898625, 6.320444, 3.690318
37.513748, 37.297829, 5.901906, 6.438482, 3.819088
37.042450, 37.272289, 5.898413, 6.556450, 3.950217
37.202774, 37.265339, 5.897462, 6.674399, 4.083705
37.655575, 37.304363, 5.902801, 6.792455, 4.219554
37.303928, 37.304321, 5.902795, 6.910511, 4.357764
37.486713, 37.322559, 5.905289, 7.028617, 4.498337
37.891987, 37.379501, 5.913071, 7.146878, 4.641274
38.272934, 37.468845, 5.925270, 7.265384, 4.786582
37.932529, 37.515213, 5.931595, 7.384016, 4.934262
37.407562, 37.504448, 5.930127, 7.502618, 5.084315
37.185001, 37.472504, 5.925769, 7.621134, 5.236737
37.483452, 37.473598, 5.925919, 7.739652, 5.391531
38.229469, 37.549187, 5.936227, 7.858377, 5.548698
37.815269, 37.575794, 5.939854, 7.977174, 5.708241
38.192551, 37.637470, 5.948255, 8.096139, 5.870164
38.333958, 37.707119, 5.957734, 8.215294, 6.034470
38.259506, 37.762360, 5.965245, 8.334599, 6.201162
38.577610, 37.843884, 5.976320, 8.454125, 6.370245
37.898380, 37.849335, 5.977061, 8.573667, 6.541718
37.927269, 37.857128, 5.978118, 8.693229, 6.715582
38.301605, 37.901577, 5.984151, 8.812912, 6.891840
38.554890, 37.966908, 5.993011, 8.932773, 7.070496
38.022141, 37.972431, 5.993760, 9.052648, 7.251549
37.568565, 37.932045, 5.988284, 9.172413, 7.434998
37.830273, 37.921867, 5.986904, 9.292150, 7.620841
38.156513, 37.945332, 5.990086, 9.411952, 7.809080
38.435272, 37.994324, 5.996727, 9.531886, 7.999717
38.183231, 38.013214, 5.999286, 9.651872, 8.192755
38.569656, 38.068859, 6.006822, 9.772008, 8.388195
38.254578, 38.087433, 6.009335, 9.892195, 8.586039
38.155128, 38.094204, 6.010252, 10.012400, 8.786286
38.407375, 38.125523, 6.014489, 10.132689, 8.988940
38.511879, 38.164158, 6.019713, 10.253084, 9.194002
39.629604, 38.310703, 6.039506, 10.373875, 9.401480
40.967785, 38.576412, 6.075292, 10.495380, 9.611387
40.030651, 38.721836, 6.094823, 10.617277, 9.823732
36.271885, 38.476841, 6.061897, 10.738515, 10.038503
33.365356, 37.965694, 5.992846, 10.858372, 10.255671
29.818937, 37.151020, 5.881808, 10.976007, 10.475191
24.346407, 35.870560, 5.704891, 11.090105, 10.696993
23.433029, 34.626808, 5.530317, 11.200711, 10.921007
23.502556, 33.514381, 5.371965, 11.308150, 11.147170
21.472542, 32.310196, 5.198272, 11.412116, 11.375412
16.740210, 30.753197, 4.970295, 11.511522, 11.605642
14.719385, 29.149815, 4.731693, 11.606156, 11.837766
14.235388, 27.658373, 4.506419, 11.696284, 12.071692
9.559958, 25.848532, 4.228967, 11.780864, 12.307309
5.197498, 23.783428, 3.907244, 11.859009, 12.544489
2.842979, 21.689383, 3.575832, 11.930526, 12.783099
0.806182, 19.601063, 3.240570, 11.995337, 13.023005
-0.935357, 17.547421, 2.906674, 12.053471, 13.264075
0.098081, 15.802486, 2.620019, 12.105871, 13.506193
-0.362559, 14.185982, 2.352289, 12.152917, 13.749251
0.161983, 12.783582, 2.118494, 12.195287, 13.993157
0.297222, 11.534945, 1.909262, 12.233472, 14.237827
0.347804, 10.416231, 1.721027, 12.267893, 14.483185
0.242093, 9.398817, 1.549265, 12.298878, 14.729162
0.342469, 8.493182, 1.395962, 12.326797, 14.975698
0.302656, 7.674129, 1.257013, 12.351936, 15.222737
0.242337, 6.930950, 1.130713, 12.374551, 15.470228
0.449686, 6.282824, 1.020411, 12.394959, 15.718127
-0.023103, 5.652231, 0.912967, 12.413218, 15.966392
0.136823, 5.100690, 0.818902, 12.429597, 16.214983
0.069197, 4.597541, 0.733023, 12.444258, 16.463867
0.081057, 4.145893, 0.655886, 12.457376, 16.713015
0.474655, 3.778769, 0.593155, 12.469238, 16.962399
0.635695, 3.464461, 0.539430, 12.480027, 17.212000
0.245652, 3.142580, 0.484392, 12.489715, 17.461794
0.405770, 2.868899, 0.437585, 12.498466, 17.711763
0.092375, 2.591247, 0.390088, 12.506269, 17.961889
0.162970, 2.348419, 0.348540, 12.513239, 18.212154
0.046039, 2.118181, 0.309141, 12.519422, 18.462543
0.034634, 1.909827, 0.273483, 12.524891, 18.713041
0.242924, 1.743136, 0.244952, 12.529790, 18.963636
-0.057376, 1.563085, 0.214132, 12.534073, 19.214317
0.184415, 1.425218, 0.190532, 12.537884, 19.465075
0.206594, 1.303356, 0.169670, 12.541277, 19.715900
0.389839, 1.212004, 0.154031, 12.544357, 19.966787
0.069281, 1.097732, 0.134468, 12.547047, 20.217728
0.243120, 1.012271, 0.119836, 12.549443, 20.468716
0.081041, 0.919148, 0.103893, 12.551521, 20.719746
0.208853, 0.848118, 0.091732, 12.553356, 20.970812
0.046300, 0.767936, 0.078004, 12.554916, 21.221910
0.277123, 0.718855, 0.069600, 12.556309, 21.473036
0.264670, 0.673437, 0.061824, 12.557546, 21.724186
-0.034837, 0.602609, 0.049697, 12.558539, 21.975357
-0.034662, 0.538882, 0.038786, 12.559315, 22.226543
0.162937, 0.501288, 0.032349, 12.559961, 22.477743
0.023211, 0.453480, 0.024163, 12.560445, 22.728952
0.311700, 0.439302, 0.021736, 12.560880, 22.980169
-0.230148, 0.372357, 0.010274, 12.561085, 23.231392
0.149477, 0.350069, 0.006458, 12.561213, 23.482616
0.266382, 0.341700, 0.005025, 12.561314, 23.733843
0.184601, 0.325990, 0.002335, 12.561360, 23.985069
0.324028, 0.325794, 0.002301, 12.561406, 24.236298
0.291193, 0.322334, 0.001709, 12.561440, 24.487526
0.034419, 0.293542, 0.000000, 12.561440, 24.738754
0.046300, 0.268818, 0.000000, 12.561440, 24.989983
0.231590, 0.265095, 0.000000, 12.561440, 25.241211
0.092636, 0.247849, 0.000000, 12.561440, 25.492439
0.103755, 0.233440, 0.000000, 12.561440, 25.743668
0.323310, 0.242427, 0.000000, 12.561440, 25.994896
-0.081601, 0.210024, 0.000000, 12.561440, 26.246124
-3.948984, -0.205877, 0.000000, 12.561440, 26.497353
-3.637870, -0.549076, 0.000000, 12.561440, 26.748581
-1.533187, -0.647487, 0.000000, 12.561440, 26.999809
-0.742687, -0.657007, 0.000000, 12.561440, 27.251038
0.357875, -0.555519, 0.000000, 12.561440, 27.502266
0.981658, -0.401801, 0.000000, 12.561440, 27.753494
0.341380, -0.327483, 0.000000, 12.561440, 28.004723
1.675173, -0.127218, 0.000000, 12.561440, 28.255951
1.185017, 0.004006, 0.000000, 12.561440, 28.507179
1.651744, 0.168780, 0.000000, 12.561440, 28.758408
-0.162310, 0.135671, 0.000000, 12.561440, 29.009636
0.763279, 0.198432, 0.000000, 12.561440, 29.260864
0.368012, 0.215390, 0.000000, 12.561440, 29.512093
0.965179, 0.290369, 0.000000, 12.561440, 29.763321
-0.900514, 0.171280, 0.000000, 12.561440, 30.014549
0.000000, 0.154152, 0.000000, 12.561440, 30.265778
0.279035, 0.166641, 0.000000, 12.561440, 30.517006
-0.011510, 0.148826, 0.000000, 12.561440, 30.768234
-0.887601, 0.045183, 0.000000, 12.561440, 31.019463
0.672263, 0.107891, 0.000000, 12.561440, 31.270691
0.146076, 0.111709, 0.000000, 12.561440, 31.521919
-0.184415, 0.082097, 0.000000, 12.561440, 31.773148
-0.287568, 0.045130, 0.000000, 12.561440, 32.024376
-1.311009, -0.090483, 0.000000, 12.561440, 32.275604
-1.620468, -0.243482, 0.000000, 12.561440, 32.526833
0.121261, -0.207008, 0.000000, 12.561440, 32.778061
1.400837, -0.046223, 0.000000, 12.561440, 33.029289
-2.095116, -0.251112, 0.000000, 12.561440, 33.280518
-1.902071, -0.416208, 0.000000, 12.561440, 33.531746
-3.550756, -0.729663, 0.000000, 12.561440, 33.782974
-8.570256, -1.513722, 0.000000, 12.561440, 34.034203
-9.404716, -2.302822, 0.000000, 12.561440, 34.285431
-10.401214, -3.112661, 0.000000, 12.561440, 34.536659
-11.075467, -3.908942, 0.000000, 12.561440, 34.787888
-12.701528, -4.788200, 0.000000, 12.561440, 35.039116
-14.436561, -5.753036, 0.000000, 12.561440, 35.290344
-15.206287, -6.698361, 0.000000, 12.561440, 35.541573
-15.092099, -7.537735, 0.000000, 12.561440, 35.792801
-15.070361, -8.290998, 0.000000, 12.561440, 36.044029
-18.363495, -9.298247, 0.000000, 12.561440, 36.295258
-20.700855, -10.438508, 0.000000, 12.561440, 36.546486
-20.370766, -11.431734, 0.000000, 12.561440, 36.797714
-23.455650, -12.634126, 0.000000, 12.561440, 37.048943
-24.938496, -13.864563, 0.000000, 12.561440, 37.300171
-26.553419, -15.133449, 0.000000, 12.561440, 37.551399
-27.705626, -16.390667, 0.000000, 12.561440, 37.802628
-27.283646, -17.479965, 0.000000, 12.561440, 38.053856
-28.249521, -18.556921, 0.000000, 12.561440, 38.305084
-27.957802, -19.497009, 0.000000, 12.561440, 38.556313
-28.087854, -20.356094, 0.000000, 12.561440, 38.807541
-29.740389, -21.294523, 0.000000, 12.561440, 39.058769
-31.259172, -22.290989, 0.000000, 12.561440, 39.309998
-32.153877, -23.277277, 0.000000, 12.561440, 39.561226
-33.207970, -24.270346, 0.000000, 12.561440, 39.812454
-35.015125, -25.344824, 0.000000, 12.561440, 40.063683
-35.295235, -26.339865, 0.000000, 12.561440, 40.314911
-35.388916, -27.244770, 0.000000, 12.561440, 40.566139
-37.549305, -28.275223, 0.000000, 12.561440, 40.817368
-38.548092, -29.302509, 0.000000, 12.561440, 41.068596
-37.666634, -30.138922, 0.000000, 12.561440, 41.319824
-36.483730, -30.773403, 0.000000, 12.561440, 41.571053
-36.524494, -31.348513, 0.000000, 12.561440, 41.822281
-37.175972, -31.931259, 0.000000, 12.561440, 42.073509
-38.365665, -32.574699, 0.000000, 12.561440, 42.324738
-35.909180, -32.908146, 0.000000, 12.561440, 42.575966
-34.290150, -33.046345, 0.000000, 12.561440, 42.827194
-34.666641, -33.208374, 0.000000, 12.561440, 43.078423
-35.203255, -33.407864, 0.000000, 12.561440, 43.329651
-35.214725, -33.588551, 0.000000, 12.561440, 43.580879
-35.412418, -33.770939, 0.000000, 12.561440, 43.832108
-34.236423, -33.817486, 0.000000, 12.561440, 44.083336
-34.349277, -33.870667, 0.000000, 12.561440, 44.334564
-35.785011, -34.062099, 0.000000, 12.561440, 44.585793
-36.568584, -34.312748, 0.000000, 12.561440, 44.837021
-36.125084, -34.493980, 0.000000, 12.561440, 45.088249
-36.068031, -34.651386, 0.000000, 12.561440, 45.339478
-36.136688, -34.799915, 0.000000, 12.561440, 45.590706
-35.691490, -34.889072, 0.000000, 12.561440, 45.841934
-35.830307, -34.983196, 0.000000, 12.561440, 46.093163
-37.713150, -35.256191, 0.000000, 12.561440, 46.344391
-38.146542, -35.545227, 0.000000, 12.561440, 46.595619
-37.307430, -35.721447, 0.000000, 12.561440, 46.846848
-37.000927, -35.849396, 0.000000, 12.561440, 47.098076
-38.268116, -36.091267, 0.000000, 12.561440, 47.349304
-37.294094, -36.211548, 0.000000, 12.561440, 47.600533
-37.296535, -36.320045, 0.000000, 12.561440, 47.851761
-37.878201, -36.475861, 0.000000, 12.561440, 48.102989
-38.008579, -36.629131, 0.000000, 12.561440, 48.354218
-37.427261, -36.708946, 0.000000, 12.561440, 48.605446
-37.883076, -36.826359, 0.000000, 12.561440, 48.856674
-37.708309, -36.914555, 0.000000, 12.561440, 49.107903
-38.188850, -37.041985, 0.000000, 12.561440, 49.359131
-37.557339, -37.093521, 0.000000, 12.561440, 49.610359
-37.730873, -37.157257, 0.000000, 12.561440, 49.861588
-39.165421, -37.358074, 0.000000, 12.561440, 50.112816
-39.117180, -37.533985, 0.000000, 12.561440, 50.364044
-38.491337, -37.629719, 0.000000, 12.561440, 50.615273
-39.255249, -37.792271, 0.000000, 12.561440, 50.866501
-38.612427, -37.874287, 0.000000, 12.561440, 51.117729
-38.236919, -37.910549, 0.000000, 12.561440, 51.368958
-38.608589, -37.980354, 0.000000, 12.561440, 51.620186
-38.581619, -38.040482, 0.000000, 12.561440, 51.871414
-39.232792, -38.159714, 0.000000, 12.561440, 52.122643
-38.419361, -38.185677, 0.000000, 12.561440, 52.373871
-36.956081, -38.062717, 0.000000, 12.561440, 52.625099
-38.548389, -38.111286, 0.000000, 12.561440, 52.876328
-40.242435, -38.324402, 0.000000, 12.561440, 53.127556
-39.216709, -38.413631, 0.000000, 12.561440, 53.378784
-39.344803, -38.506748, 0.000000, 12.561440, 53.630013
-41.611950, -38.817268, 0.000000, 12.561440, 53.881241
-42.520245, -39.187565, 0.000000, 12.561440, 54.132469
-38.310654, -39.099873, 0.000000, 12.561440, 54.383698
-32.711700, -38.461056, 0.000000, 12.561440, 54.634926
-31.405924, -37.755543, 0.000000, 12.561440, 54.886154
-33.525913, -37.332581, 0.000000, 12.561440, 55.137383
-33.872120, -36.986534, 0.000000, 12.561440, 55.388611
-29.593946, -36.247276, 0.000000, 12.561440, 55.639839
-26.565023, -35.279053, 0.000000, 12.561440, 55.891068
-21.832094, -33.934357, 0.000000, 12.561440, 56.142296
-23.793346, -32.920258, 0.000000, 12.561440, 56.393524
-16.840372, -31.312269, 0.000000, 12.561440, 56.644753
-12.119614, -29.393003, 0.000000, 12.561440, 56.895981
-5.772195, -27.030922, 0.000000, 12.561440, 57.147209
-3.583592, -24.686190, 0.000000, 12.561440, 57.398438
-6.538384, -22.871408, 0.000000, 12.561440, 57.649666
-4.055582, -20.989826, 0.000000, 12.561440, 57.900894
-1.420893, -19.032932, 0.000000, 12.561440, 58.152122
1.457716, -16.983868, 0.000000, 12.561440, 58.403351
-0.155754, -15.301056, 0.000000, 12.561440, 58.654579
0.202790, -13.750671, 0.000000, 12.561440, 58.905807
-0.059845, -12.381589, 0.000000, 12.561440, 59.157036
2.493042, -10.894126, 0.000000, 12.561440, 59.408264
-0.541041, -9.858817, 0.000000, 12.561440, 59.659492
-0.282184, -8.901154, 0.000000, 12.561440, 59.910721
0.000000, -8.011038, 0.000000, 12.561440, 60.161949
-0.904653, -7.300399, 0.000000, 12.561440, 60.413177
0.069873, -6.563372, 0.000000, 12.561440, 60.664406
0.091326, -5.897902, 0.000000, 12.561440, 60.915634
-0.058465, -5.313959, 0.000000, 12.561440, 61.166862
-0.057992, -4.788362, 0.000000, 12.561440, 61.418091
0.266059, -4.282920, 0.000000, 12.561440, 61.669319
0.266167, -3.828011, 0.000000, 12.561440, 61.920547
0.957725, -3.349438, 0.000000, 12.561440, 62.171776
0.853548, -2.929139, 0.000000, 12.561440, 62.423004
0.150504, -2.621175, 0.000000, 12.561440, 62.674232
0.115702, -2.347487, 0.000000, 12.561440, 62.925461
-0.803806, -2.193119, 0.000000, 12.561440, 63.176689
-0.309516, -2.004759, 0.000000, 12.561440, 63.427917
-0.011524, -1.805435, 0.000000, 12.561440, 63.679146
0.173308, -1.607561, 0.000000, 12.561440, 63.930374
0.337509, -1.413054, 0.000000, 12.561440, 64.181602
0.092431, -1.262506, 0.000000, 12.561440, 64.432831
-0.255316, -1.161787, 0.000000, 12.561440, 64.684059
-0.336143, -1.079222, 0.000000, 12.561440, 64.935287
-1.422709, -1.113571, 0.000000, 12.561440, 65.186516
-0.517511, -1.053965, 0.000000, 12.561440, 65.437744
0.869984, -0.861570, 0.000000, 12.561440, 65.688972
0.173974, -0.758016, 0.000000, 12.561440, 65.940201
0.126557, -0.669558, 0.000000, 12.561440, 66.191429
0.103734, -0.592229, 0.000000, 12.561440, 66.442657
0.046346, -0.528372, 0.000000, 12.561440, 66.693886
-0.057170, -0.481251, 0.000000, 12.561440, 66.945114
0.081271, -0.424999, 0.000000, 12.561440, 67.196342
0.115539, -0.370945, 0.000000, 12.561440, 67.447571
0.172855, -0.316565, 0.000000, 12.561440, 67.698799
0.069170, -0.277992, 0.000000, 12.561440, 67.950027
0.046048, -0.245588, 0.000000, 12.561440, 68.201256
0.103567, -0.210672, 0.000000, 12.561440, 68.452484
0.115306, -0.178075, 0.000000, 12.561440, 68.703712
0.000000, -0.160267, 0.000000, 12.561440, 68.954941
0.300580, -0.114182, 0.000000, 12.561440, 69.206169
0.069156, -0.095849, 0.000000, 12.561440, 69.457397
0.266976, -0.059566, 0.000000, 12.561440, 69.708626
-0.023140, -0.055924, 0.000000, 12.561440, 69.959854
0.069239, -0.043407, 0.000000, 12.561440, 70.211082
0.275458, -0.011521, 0.000000, 12.561440, 70.462311
-0.137537, -0.024122, 0.000000, 12.561440, 70.713539
0.310325, 0.009322, 0.000000, 12.561440, 70.964767
-0.046085, 0.003782, 0.000000, 12.561440, 71.215996
0.255213, 0.028925, 0.000000, 12.561440, 71.467224
0.197091, 0.045741, 0.000000, 12.561440, 71.718452
0.011524, 0.042320, 0.000000, 12.561440, 71.969681
0.208095, 0.058897, 0.000000, 12.561440, 72.220909
0.184899, 0.071497, 0.000000, 12.561440, 72.472137
-0.139123, 0.050435, 0.000000, 12.561440, 72.723366
0.185310, 0.063923, 0.000000, 12.561440, 72.974594
0.254800, 0.083010, 0.000000, 12.561440, 73.225822
-0.023071, 0.072402, 0.000000, 12.561440, 73.477051
0.137619, 0.078924, 0.000000, 12.561440, 73.728279
0.161656, 0.087197, 0.000000, 12.561440, 73.979507
0.034795, 0.081957, 0.000000, 12.561440, 74.230736
0.473889, 0.121150, 0.000000, 12.561440, 74.481964
0.218817, 0.130917, 0.000000, 12.561440, 74.733192
0.254440, 0.143269, 0.000000, 12.561440, 74.984421
0.172231, 0.146165, 0.000000, 12.561440, 75.235649
-0.115609, 0.119988, 0.000000, 12.561440, 75.486877
-0.034550, 0.104534, 0.000000, 12.561440, 75.738106
0.023197, 0.096400, 0.000000, 12.561440, 75.989334
-0.011540, 0.085606, 0.000000, 12.561440, 76.240562
0.277012, 0.104747, 0.000000, 12.561440, 76.491791
0.080585, 0.102331, 0.000000, 12.561440, 76.743019
0.057804, 0.097878, 0.000000, 12.561440, 76.994247
0.242875, 0.112378, 0.000000, 12.561440, 77.245476
0.220859, 0.123226, 0.000000, 12.561440, 77.496704
0.381734, 0.149077, 0.000000, 12.561440, 77.747932
0.046076, 0.138777, 0.000000, 12.561440, 77.999161
-0.857690, 0.039130, 0.000000, 12.561440, 78.250389
1.264188, 0.161636, 0.000000, 12.561440, 78.501617
0.127093, 0.158181, 0.000000, 12.561440, 78.752846
-0.058074, 0.136556, 0.000000, 12.561440, 79.004074
0.149417, 0.137842, 0.000000, 12.561440, 79.255302
-0.069309, 0.117127, 0.000000, 12.561440, 79.506531
0.322335, 0.137648, 0.000000, 12.561440, 79.757759
0.219833, 0.145866, 0.000000, 12.561440, 80.008987
-0.115632, 0.119716, 0.000000, 12.561440, 80.260216
0.312015, 0.138946, 0.000000, 12.561440, 80.511444
-0.069114, 0.118140, 0.000000, 12.561440, 80.762672
0.034627, 0.109789, 0.000000, 12.561440, 81.013901
0.206553, 0.119465, 0.000000, 12.561440, 81.265129
0.149838, 0.122502, 0.000000, 12.561440, 81.516357
0.081188, 0.118371, 0.000000, 12.561440, 81.767586
-0.174186, 0.089115, 0.000000, 12.561440, 82.018814
0.046206, 0.084824, 0.000000, 12.561440, 82.270042
0.265149, 0.102857, 0.000000, 12.561440, 82.521271
0.194299, 0.112001, 0.000000, 12.561440, 82.772499
0.241171, 0.124918, 0.000000, 12.561440, 83.023727
0.103484, 0.122775, 0.000000, 12.561440, 83.274956
0.325738, 0.143071, 0.000000, 12.561440, 83.526184
0.046253, 0.133389, 0.000000, 12.561440, 83.777412
0.115609, 0.131611, 0.000000, 12.561440, 84.028641
0.312519, 0.149702, 0.000000, 12.561440, 84.279869
0.046141, 0.139346, 0.000000, 12.561440, 84.531097
0.415765, 0.166988, 0.000000, 12.561440, 84.782326
0.195391, 0.169828, 0.000000, 12.561440, 85.033554
0.288263, 0.181672, 0.000000, 12.561440, 85.284782
0.207342, 0.184239, 0.000000, 12.561440, 85.536011
0.150291, 0.180844, 0.000000, 12.561440, 85.787239
0.441532, 0.206913, 0.000000, 12.561440, 86.038467
0.196653, 0.205887, 0.000000, 12.561440, 86.289696
0.254749, 0.210773, 0.000000, 12.561440, 86.540924
-0.034571, 0.186239, 0.000000, 12.561440, 86.792152
-0.011568, 0.166458, 0.000000, 12.561440, 87.043381
0.265684, 0.176381, 0.000000, 12.561440, 87.294609
-0.046243, 0.154118, 0.000000, 12.561440, 87.545837
0.000000, 0.138706, 0.000000, 12.561440, 87.797066
-0.127504, 0.112085, 0.000000, 12.561440, 88.048294
0.172855, 0.118162, 0.000000, 12.561440, 88.299522
0.266167, 0.132963, 0.000000, 12.561440, 88.550751
0.195548, 0.139221, 0.000000, 12.561440, 88.801979
0.045855, 0.129885, 0.000000, 12.561440, 89.053207
0.252554, 0.142151, 0.000000, 12.561440, 89.304436
0.092450, 0.137181, 0.000000, 12.561440, 89.555664
0.289721, 0.152435, 0.000000, 12.561440, 89.806892
0.000000, 0.137192, 0.000000, 12.561440, 90.058121
0.219037, 0.145376, 0.000000, 12.561440, 90.309349
0.324487, 0.163287, 0.000000, 12.561440, 90.560577
-0.080812, 0.138877, 0.000000, 12.561440, 90.811806
0.334183, 0.158408, 0.000000, 12.561440, 91.063034
0.115422, 0.154109, 0.000000, 12.561440, 91.314262
0.023150, 0.141013, 0.000000, 12.561440, 91.565491
0.138062, 0.140718, 0.000000, 12.561440, 91.816719
0.115562, 0.138203, 0.000000, 12.561440, 92.067947
-0.034676, 0.120915, 0.000000, 12.561440, 92.319176
0.057480, 0.114571, 0.000000, 12.561440, 92.570404
0.312772, 0.134391, 0.000000, 12.561440, 92.821632
-0.034669, 0.117485, 0.000000, 12.561440, 93.072861
0.379360, 0.143673, 0.000000, 12.561440, 93.324089
0.173798, 0.146685, 0.000000, 12.561440, 93.575317
0.173904, 0.149407, 0.000000, 12.561440, 93.826546
0.000000, 0.134466, 0.000000, 12.561440, 94.077774
0.034529, 0.124473, 0.000000, 12.561440, 94.329002
0.219833, 0.134009, 0.000000, 12.561440, 94.580231
0.428004, 0.163408, 0.000000, 12.561440, 94.831459
0.034641, 0.150532, 0.000000, 12.561440, 95.082687
0.209023, 0.156381, 0.000000, 12.561440, 95.333916
-0.080649, 0.132678, 0.000000, 12.561440, 95.585144
0.184452, 0.137855, 0.000000, 12.561440, 95.836372
-0.034578, 0.120612, 0.000000, 12.561440, 96.087601
0.000000, 0.108551, 0.000000, 12.561440, 96.338829
0.104237, 0.108119, 0.000000, 12.561440, 96.590057
0.127016, 0.110009, 0.000000, 12.561440, 96.841286
0.000000, 0.099008, 0.000000, 12.561440, 97.092514
0.069590, 0.096066, 0.000000, 12.561440, 97.343742
-0.023126, 0.084147, 0.000000, 12.561440, 97.594971
-0.023029, 0.073429, 0.000000, 12.561440, 97.846199
0.185835, 0.084670, 0.000000, 12.561440, 98.097427
0.092412, 0.085444, 0.000000, 12.561440, 98.348656
0.405606, 0.117460, 0.000000, 12.561440, 98.599884
0.138006, 0.119515, 0.000000, 12.561440, 98.851112
0.438332, 0.151397, 0.000000, 12.561440, 99.102341
-0.057769, 0.130480, 0.000000, 12.561440, 99.353569
0.195273, 0.136959, 0.000000, 12.561440, 99.604797
-0.163568, 0.106907, 0.000000, 12.561440, 99.856026
0.127272, 0.108943, 0.000000, 12.561440, 100.107254
-0.022992, 0.095750, 0.000000, 12.561440, 100.358482
0.080828, 0.094258, 0.000000, 12.561440, 100.609711
0.000000, 0.084832, 0.000000, 12.561440, 100.860939
0.245501, 0.100899, 0.000000, 12.561440, 101.112167
0.092693, 0.100078, 0.000000, 12.561440, 101.363396
-0.217810, 0.068289, 0.000000, 12.561440, 101.614624
-0.092319, 0.052228, 0.000000, 12.561440, 101.865852
0.266274, 0.073633, 0.000000, 12.561440, 102.117081
-0.103776, 0.055892, 0.000000, 12.561440, 102.368309
0.046244, 0.054927, 0.000000, 12.561440, 102.619537
0.150656, 0.064500, 0.000000, 12.561440, 102.870766
0.300156, 0.088066, 0.000000, 12.561440, 103.121994
0.254235, 0.104683, 0.000000, 12.561440, 103.373222
0.229825, 0.117197, 0.000000, 12.561440, 103.624451
0.103318, 0.115809, 0.000000, 12.561440, 103.875679
0.011589, 0.105387, 0.000000, 12.561440, 104.126907
0.219833, 0.116832, 0.000000, 12.561440, 104.378136
0.218334, 0.126982, 0.000000, 12.561440, 104.629364
-0.046206, 0.109663, 0.000000, 12.561440, 104.880592
-0.057422, 0.092955, 0.000000, 12.561440, 105.131821
-0.011627, 0.082496, 0.000000, 12.561440, 105.383049
0.335329, 0.107780, 0.000000, 12.561440, 105.634277
0.357157, 0.132718, 0.000000, 12.561440, 105.885506
0.173029, 0.136749, 0.000000, 12.561440, 106.136734
0.000000, 0.123074, 0.000000, 12.561440, 106.387962
0.288379, 0.139604, 0.000000, 12.561440, 106.639191
0.209234, 0.146567, 0.000000, 12.561440, 106.890419
0.451411, 0.177052, 0.000000, 12.561440, 107.141647
0.348369, 0.194183, 0.000000, 12.561440, 107.392876
0.092282, 0.183993, 0.000000, 12.561440, 107.644104
0.011575, 0.166751, 0.000000, 12.561440, 107.895332
0.207969, 0.170873, 0.000000, 12.561440, 108.146561
0.174151, 0.171201, 0.000000, 12.561440, 108.397789
-0.034648, 0.150616, 0.000000, 12.561440, 108.649017
0.138563, 0.149411, 0.000000, 12.561440, 108.900246
0.126939, 0.147164, 0.000000, 12.561440, 109.151474
