0.381293, 0.038129, 0.001632, 0.001632, 0.000000, 0.000000, 0.000000, 0.000000
0.265150, 0.060831, 0.002604, 0.002604, 0.000000, 0.000000, 0.000000, 0.000000
0.095255, 0.064274, 0.002751, 0.002751, 0.000000, 0.000000, 0.000000, 0.000000
0.413930, 0.099239, 0.004248, 0.004248, 0.000000, 0.000000, 0.000000, 0.000000
-0.022845, 0.087031, 0.003725, 0.003725, 0.000000, 0.000000, 0.000000, 0.000000
0.419400, 0.120268, 0.005148, 0.005148, 0.000000, 0.000000, 0.000000, 0.000000
0.170320, 0.125273, 0.005362, 0.005362, 0.000000, 0.000000, 0.000000, 0.000000
0.045956, 0.117341, 0.005023, 0.005023, 0.000000, 0.000000, 0.000000, 0.000000
0.160203, 0.121627, 0.005206, 0.005206, 0.000000, 0.000000, 0.000000, 0.000000
0.150352, 0.124500, 0.005329, 0.005329, 0.000000, 0.000000, 0.000000, 0.000000
0.322530, 0.144303, 0.006177, 0.006177, 0.000000, 0.000000, 0.000000, 0.000000
-0.126480, 0.117225, 0.005018, 0.005018, 0.000000, 0.000000, 0.000000, 0.000000
0.126837, 0.118186, 0.005059, 0.005059, 0.000000, 0.000000, 0.000000, 0.000000
0.381042, 0.144471, 0.006184, 0.006184, 0.000000, 0.000000, 0.000000, 0.000000
0.127093, 0.142734, 0.006110, 0.006110, 0.000000, 0.000000, 0.000000, 0.000000
-0.161656, 0.112295, 0.004807, 0.004807, 0.000000, 0.000000, 0.000000, 0.000000
-0.034683, 0.097597, 0.004178, 0.004178, 0.000000, 0.000000, 0.000000, 0.000000
0.080698, 0.095907, 0.004105, 0.004105, 0.000000, 0.000000, 0.000000, 0.000000
-0.276399, 0.058676, 0.002512, 0.002512, 0.000000, 0.000000, 0.000000, 0.000000
0.440817, 0.096890, 0.004147, 0.004147, 0.000000, 0.000000, 0.000000, 0.000000
0.449414, 0.132143, 0.005656, 0.005656, 0.000000, 0.000000, 0.000000, 0.000000
0.219700, 0.140899, 0.006031, 0.006031, 0.000000, 0.000000, 0.000000, 0.000000
0.334721, 0.160281, 0.006861, 0.006861, 0.000000, 0.000000, 0.000000, 0.000000
0.356799, 0.179933, 0.007702, 0.007702, 0.000000, 0.000000, 0.000000, 0.000000
0.370317, 0.198971, 0.008517, 0.008517, 0.000000, 0.000000, 0.000000, 0.000000
0.229825, 0.202056, 0.008649, 0.008649, 0.000000, 0.000000, 0.000000, 0.000000
0.276900, 0.209541, 0.008969, 0.008969, 0.000000, 0.000000, 0.000000, 0.000000
0.126303, 0.201217, 0.008613, 0.008613, 0.000000, 0.000000, 0.000000, 0.000000
0.000000, 0.181095, 0.007752, 0.007752, 0.000000, 0.000000, 0.000000, 0.000000
0.022973, 0.165283, 0.007075, 0.007075, 0.000000, 0.000000, 0.000000, 0.000000
0.173763, 0.166131, 0.007111, 0.007111, 0.000000, 0.000000, 0.000000, 0.000000
0.114545, 0.160973, 0.006890, 0.006890, 0.000000, 0.000000, 0.000000, 0.000000
0.242875, 0.169163, 0.007241, 0.007241, 0.000000, 0.000000, 0.000000, 0.000000
0.183346, 0.170581, 0.007302, 0.007302, 0.000000, 0.000000, 0.000000, 0.000000
0.127530, 0.166276, 0.007117, 0.007117, 0.000000, 0.000000, 0.000000, 0.000000
0.046356, 0.154284, 0.006604, 0.006604, 0.000000, 0.000000, 0.000000, 0.000000
-0.034509, 0.135405, 0.005796, 0.005796, 0.000000, 0.000000, 0.000000, 0.000000
0.173029, 0.139167, 0.005957, 0.005957, 0.000000, 0.000000, 0.000000, 0.000000
0.034613, 0.128712, 0.005509, 0.005509, 0.000000, 0.000000, 0.000000, 0.000000
3.084368, 0.424277, 0.018161, 0.018161, 0.000000, 0.000000, 0.000000, 0.000000
-0.228770, 0.358973, 0.015365, 0.015365, 0.000000, 0.000000, 0.000000, 0.000000
-0.149357, 0.308140, 0.013190, 0.013190, 0.000000, 0.000000, 0.000000, 0.000000
0.208053, 0.298131, 0.012761, 0.012761, 0.000000, 0.000000, 0.000000, 0.000000
0.992735, 0.367591, 0.015734, 0.015734, 0.000000, 0.000000, 0.000000, 0.000000
2.203928, 0.551225, 0.023594, 0.023594, 0.000000, 0.000000, 0.000000, 0.000000
1.865802, 0.682683, 0.029221, 0.029221, 0.000000, 0.000000, 0.000000, 0.000000
-5.209734, 0.093441, 0.004000, 0.004000, 0.000000, 0.000000, 0.000000, 0.000000
-0.378594, 0.046237, 0.001979, 0.001979, 0.000000, 0.000000, 0.000000, 0.000000
-0.150049, 0.026609, 0.001139, 0.001139, 0.000000, 0.000000, 0.000000, 0.000000
-0.322202, -0.008272, -0.000354, -0.000354, 0.000000, 0.000000, 0.000000, 0.000000
0.360712, 0.028626, 0.001225, 0.001225, 0.000000, 0.000000, 0.000000, 0.000000
0.115936, 0.037357, 0.001599, 0.001599, 0.000000, 0.000000, 0.000000, 0.000000
-0.123385, 0.021283, 0.000911, 0.000911, 0.000000, 0.000000, 0.000000, 0.000000
-0.543227, -0.035168, -0.001505, -0.001505, 0.000000, 0.000000, 0.000000, 0.000000
-2.228586, -0.254510, -0.010894, -0.010894, 0.000000, 0.000000, 0.000000, 0.000000
-0.665391, -0.295598, -0.012653, -0.012653, 0.000000, 0.000000, 0.000000, 0.000000
-3.082392, -0.574277, -0.024581, -0.024581, 0.000000, 0.000000, 0.000000, 0.000000
-0.633925, -0.580242, -0.024836, -0.024836, 0.000000, 0.000000, 0.000000, 0.000000
5.149852, -0.007233, -0.000310, -0.000310, 0.000000, 0.000000, 0.000000, 0.000000
3.506506, 0.344141, 0.014731, 0.014731, 0.000000, 0.000000, 0.000000, 0.000000
6.314308, 0.941158, 0.040284, 0.040284, 0.000000, 0.000000, 0.000000, 0.000000
9.859797, 1.833022, 0.078448, 0.078448, 0.000000, 0.000000, 0.000000, 0.000000
14.466997, 3.096419, 0.132475, 0.132475, 0.000000, 0.000000, 0.000000, 0.000000
17.322315, 4.519009, 0.193232, 0.193232, 0.000000, 0.000000, 0.000000, 0.000000
20.156855, 6.082794, 0.259880, 0.259880, 0.000000, 0.000000, 0.000000, 0.000000
24.760836, 7.950598, 0.339228, 0.339228, 0.000000, 0.000000, 0.000000, 0.000000
34.056503, 10.561189, 0.449508, 0.449508, 0.000000, 0.000000, 0.000000, 0.000000
36.716522, 13.176722, 0.559060, 0.559060, 0.000000, 0.000000, 0.000000, 0.000000
38.221703, 15.681220, 0.662874, 0.662874, 0.000000, 0.000000, 0.000000, 0.000000
39.666420, 18.079741, 0.761110, 0.761110, 0.000000, 0.000000, 0.000000, 0.000000
45.121773, 20.783943, 0.870257, 0.870257, 0.000000, 0.000000, 0.000000, 0.000000
45.211002, 23.226648, 0.967191, 0.967191, 0.000000, 0.000000, 0.000000, 0.000000
49.102097, 25.814194, 1.067951, 1.067951, 0.000000, 0.000000, 0.000000, 0.000000
51.808765, 28.413651, 1.166982, 1.166982, 0.000000, 0.000000, 0.000000, 0.000000
49.801399, 30.552425, 1.246671, 1.246671, 0.000000, 0.000000, 0.000000, 0.000000
50.499073, 32.547089, 1.319427, 1.319427, 0.000000, 0.000000, 0.000000, 0.000000
51.923927, 34.484772, 1.388574, 1.388574, 0.000000, 0.000000, 0.000000, 0.000000
51.858948, 36.222191, 1.449227, 1.449227, 0.000000, 0.000000, 0.000000, 0.000000
55.235634, 38.123535, 1.514073, 1.514073, 0.000000, 0.000000, 0.000000, 0.000000
58.708172, 40.181999, 1.582396, 1.582396, 0.000000, 0.000000, 0.000000, 0.000000
60.253437, 42.189144, 1.647050, 1.647050, 0.000000, 0.000000, 0.000000, 0.000000
61.496429, 44.119873, 1.707337, 1.707337, 0.000000, 0.000000, 0.000000, 0.000000
61.222641, 45.830151, 1.759123, 1.759123, 0.000000, 0.000000, 0.000000, 0.000000
62.733540, 47.520489, 1.808765, 1.808765, 0.000000, 0.000000, 0.000000, 0.000000
62.645451, 49.032986, 1.851851, 1.851851, 0.000000, 0.000000, 0.000000, 0.000000
60.796757, 50.209362, 1.884472, 1.884472, 0.000000, 0.000000, 0.000000, 0.000000
59.762718, 51.164700, 1.910379, 1.910379, 0.000000, 0.000000, 0.000000, 0.000000
61.573524, 52.205582, 1.938002, 1.938002, 0.000000, 0.000000, 0.000000, 0.000000
62.363052, 53.221329, 1.964340, 1.964340, 0.000000, 0.000000, 0.000000, 0.000000
62.735771, 54.172771, 1.988452, 1.988452, 0.000000, 0.000000, 0.000000, 0.000000
63.132046, 55.068699, 2.010656, 0.786400, 1.224255, 4.897021, 0.097940, 0.001959
59.440563, 55.505886, 2.021312, 0.777786, 1.243526, 4.974105, 0.197423, 0.005907
59.354347, 55.890732, 2.030596, 0.770166, 1.260430, 5.041720, 0.298257, 0.011872
60.675053, 56.369164, 2.042009, 0.760643, 1.281365, 5.125461, 0.400766, 0.019888
61.395535, 56.871799, 2.053846, 0.750583, 1.303263, 5.213052, 0.505027, 0.029988
62.163269, 57.400948, 2.066136, 0.739929, 1.326208, 5.304831, 0.611124, 0.042211
62.553921, 57.916245, 2.077936, 0.729493, 1.348443, 5.393772, 0.718999, 0.056591
61.110111, 58.235630, 2.085165, 0.722995, 1.362170, 5.448680, 0.827973, 0.073150
61.265785, 58.538647, 2.091964, 0.716809, 1.375154, 5.500617, 0.937985, 0.091910
60.663044, 58.751087, 2.096695, 0.712461, 1.384235, 5.536938, 1.048724, 0.112884
63.138935, 59.189873, 2.106377, 0.703448, 1.402929, 5.611716, 1.160958, 0.136104
63.300026, 59.600887, 2.115334, 0.694968, 1.420366, 5.681462, 1.274588, 0.161595
63.317963, 59.972595, 2.123341, 0.687269, 1.436072, 5.744287, 1.389473, 0.189385
63.134197, 60.288757, 2.130080, 0.680697, 1.449383, 5.797533, 1.505424, 0.219493
62.757378, 60.535618, 2.135298, 0.675551, 1.459746, 5.838986, 1.622204, 0.251937
63.790531, 60.861111, 2.142116, 0.668747, 1.473369, 5.893476, 1.740073, 0.286739
64.739876, 61.248985, 2.150151, 0.660611, 1.489540, 5.958161, 1.859236, 0.323924
63.516350, 61.475723, 2.154803, 0.655841, 1.498962, 5.995848, 1.979153, 0.363507
62.316261, 61.559776, 2.156519, 0.654070, 1.502448, 6.009794, 2.099349, 0.405494
61.441338, 61.547932, 2.156277, 0.654320, 1.501957, 6.007829, 2.219506, 0.449884
62.650356, 61.658173, 2.158521, 0.651995, 1.506526, 6.026104, 2.340028, 0.496684
64.508369, 61.943192, 2.164286, 0.645974, 1.518312, 6.073248, 2.461493, 0.545914
63.814720, 62.130344, 2.168043, 0.642012, 1.526031, 6.104123, 2.583575, 0.597586
62.173183, 62.134628, 2.168128, 0.641921, 1.526207, 6.104830, 2.705672, 0.651699
62.509804, 62.172146, 2.168879, 0.641126, 1.527753, 6.111011, 2.827892, 0.708257
62.514778, 62.206409, 2.169563, 0.640400, 1.529163, 6.116653, 2.950225, 0.767261
62.284077, 62.214176, 2.169718, 0.640235, 1.529483, 6.117932, 3.072584, 0.828713
63.405579, 62.333317, 2.172090, 0.637707, 1.534383, 6.137534, 3.195334, 0.892620
63.306458, 62.430630, 2.174021, 0.635640, 1.538381, 6.153526, 3.318405, 0.958988
61.773232, 62.364891, 2.172718, 0.637036, 1.535681, 6.142725, 3.441259, 1.027813
61.471302, 62.275532, 2.170941, 0.638933, 1.532008, 6.128030, 3.563820, 1.099089
63.434662, 62.391445, 2.173245, 0.636473, 1.536772, 6.147089, 3.686762, 1.172825
64.936790, 62.645981, 2.178272, 0.631060, 1.547213, 6.188850, 3.810539, 1.249035
65.452728, 62.926655, 2.183766, 0.625077, 1.558690, 6.234759, 3.935234, 1.327740
63.598427, 62.993832, 2.185074, 0.623642, 1.561431, 6.245726, 4.060148, 1.408943
62.569378, 62.951385, 2.184248, 0.624549, 1.559699, 6.238797, 4.184924, 1.492642
63.358791, 62.992126, 2.185040, 0.623679, 1.561362, 6.245447, 4.309833, 1.578838
63.219284, 63.014843, 2.185482, 0.623194, 1.562288, 6.249153, 4.434816, 1.667535
63.737152, 63.087074, 2.186883, 0.621650, 1.565233, 6.260931, 4.560035, 1.758735
63.968639, 63.175232, 2.188589, 0.619765, 1.568824, 6.275294, 4.685541, 1.852446
63.208302, 63.178539, 2.188652, 0.619694, 1.568958, 6.275832, 4.811057, 1.948667
63.139107, 63.174595, 2.188576, 0.619779, 1.568798, 6.275190, 4.936561, 2.047398
63.173134, 63.174450, 2.188573, 0.619782, 1.568792, 6.275167, 5.062065, 2.148640
63.122513, 63.169258, 2.188473, 0.619893, 1.568580, 6.274321, 5.187551, 2.252391
63.481270, 63.200459, 2.189075, 0.619225, 1.569850, 6.279400, 5.313139, 2.358653
64.107925, 63.291206, 2.190824, 0.617283, 1.573541, 6.294165, 5.439022, 2.467434
63.446430, 63.306728, 2.191123, 0.616951, 1.574172, 6.296689, 5.564956, 2.578733
63.805016, 63.356556, 2.192080, 0.615883, 1.576197, 6.304787, 5.691051, 2.692554
64.062836, 63.427185, 2.193434, 0.614370, 1.579064, 6.316257, 5.817377, 2.808901
65.020226, 63.586491, 2.196476, 0.610952, 1.585524, 6.342096, 5.944219, 2.927786
65.024002, 63.730240, 2.199206, 0.607864, 1.591342, 6.365368, 6.071526, 3.049216
64.195427, 63.776760, 2.200087, 0.606864, 1.593223, 6.372891, 6.198984, 3.173196
64.008095, 63.799892, 2.200524, 0.606366, 1.594158, 6.376631, 6.326516, 3.299726
62.994198, 63.719322, 2.198999, 0.608099, 1.590901, 6.363603, 6.453788, 3.428802
63.616211, 63.709011, 2.198804, 0.608320, 1.590484, 6.361934, 6.581027, 3.560423
64.952827, 63.833393, 2.201157, 0.605646, 1.595511, 6.382044, 6.708668, 3.694596
64.685440, 63.918598, 2.202763, 0.603812, 1.598951, 6.395803, 6.836584, 3.831328
64.184059, 63.945145, 2.203262, 0.603240, 1.600022, 6.400086, 6.964585, 3.970619
64.648087, 64.015442, 2.204582, 0.601726, 1.602856, 6.411423, 7.092814, 4.112476
64.132950, 64.027191, 2.204802, 0.601473, 1.603329, 6.413317, 7.221080, 4.256897
64.277672, 64.052238, 2.205272, 0.600933, 1.604338, 6.417354, 7.349427, 4.403886
64.825951, 64.129608, 2.206719, 0.599265, 1.607454, 6.429814, 7.478024, 4.553446
63.714558, 64.088104, 2.205943, 0.600160, 1.605783, 6.423132, 7.606486, 4.705576
63.924183, 64.071709, 2.205636, 0.600514, 1.605123, 6.420491, 7.734896, 4.860274
64.516830, 64.116219, 2.206469, 0.599554, 1.606915, 6.427659, 7.863450, 5.017543
65.668945, 64.271492, 2.209362, 0.596203, 1.613159, 6.452636, 7.992502, 5.177393
64.778404, 64.322182, 2.210303, 0.595108, 1.615195, 6.460779, 8.121717, 5.339828
64.065056, 64.296471, 2.209826, 0.595664, 1.614162, 6.456650, 8.250851, 5.504845
64.426949, 64.309517, 2.210068, 0.595382, 1.614686, 6.458745, 8.380026, 5.672445
65.074577, 64.386024, 2.211486, 0.593729, 1.617757, 6.471028, 8.509446, 5.842634
65.132309, 64.460655, 2.212865, 0.592115, 1.620750, 6.482999, 8.639106, 6.015416
64.788803, 64.493469, 2.213470, 0.591405, 1.622065, 6.488259, 8.768871, 6.190794
64.246124, 64.468735, 2.213014, 0.591940, 1.621074, 6.484294, 8.898558, 6.368765
64.479797, 64.469841, 2.213034, 0.591916, 1.621118, 6.484472, 9.028247, 6.549330
65.424294, 64.565285, 2.214792, 0.589851, 1.624941, 6.499763, 9.158242, 6.732494
64.832016, 64.591957, 2.215282, 0.589274, 1.626009, 6.504034, 9.288322, 6.918261
63.632542, 64.496017, 2.213517, 0.591350, 1.622167, 6.488667, 9.418096, 7.106623
64.174629, 64.463882, 2.212924, 0.592045, 1.620879, 6.483517, 9.547766, 7.297578
65.273926, 64.544884, 2.214417, 0.590293, 1.624124, 6.496496, 9.677695, 7.491132
65.021667, 64.592560, 2.215293, 0.589261, 1.626033, 6.504130, 9.807777, 7.687287
66.804489, 64.813751, 2.219339, 0.584467, 1.634872, 6.539487, 9.938567, 7.886059
68.272202, 65.159599, 2.225598, 0.576954, 1.648644, 6.594575, 10.070458, 8.087468
68.302597, 65.473900, 2.231216, 0.570109, 1.661108, 6.644430, 10.203347, 8.291535
68.172417, 65.743752, 2.235986, 0.564218, 1.671769, 6.687075, 10.337089, 8.498277
68.157700, 65.985146, 2.240211, 0.558937, 1.681274, 6.725097, 10.471590, 8.707708
73.042747, 66.690903, 2.252336, 0.543442, 1.708893, 6.835573, 10.608301, 8.919874
68.034264, 66.825241, 2.254605, 0.540484, 1.714121, 6.856484, 10.745431, 9.134783
61.623940, 66.305115, 2.245750, 0.551923, 1.693828, 6.775311, 10.880938, 9.352402
55.110874, 65.185692, 2.226067, 0.576387, 1.649680, 6.598722, 11.012912, 9.572660
53.453808, 64.012505, 2.204527, 0.601790, 1.602737, 6.410950, 11.141130, 9.795483
52.448353, 62.856091, 2.182390, 0.626582, 1.555808, 6.223231, 11.265595, 10.020795
52.289192, 61.799400, 2.161385, 0.649014, 1.512371, 6.049483, 11.386585, 10.248527
50.393547, 60.658813, 2.137887, 0.672979, 1.464908, 5.859632, 11.503778, 10.478602
46.985138, 59.291447, 2.108601, 0.701356, 1.407245, 5.628980, 11.616357, 10.710930
38.549091, 57.217213, 2.061889, 0.743635, 1.318254, 5.273014, 11.721817, 10.945366
29.041191, 54.399612, 1.994120, 0.799495, 1.194625, 4.778499, 11.817387, 11.181714
26.874142, 51.647064, 1.923259, 0.852200, 1.071059, 4.284236, 11.903071, 11.419775
22.142330, 48.696590, 1.842379, 0.906508, 0.935871, 3.743485, 11.977942, 11.659334
15.117393, 45.338669, 1.744400, 0.965383, 0.779016, 3.116065, 12.040263, 11.900140
9.769046, 41.781708, 1.634087, 1.024129, 0.609958, 2.439833, 12.089060, 12.141921
8.805813, 38.484119, 1.526185, 1.075071, 0.451114, 1.804457, 12.125149, 12.384424
1.986490, 34.834358, 1.400882, 1.127296, 0.273586, 1.094345, 12.147036, 12.627365
-0.615514, 31.289371, 1.273732, 1.173646, 0.100086, 0.400343, 12.155043, 12.870466
-2.564513, 27.903982, 1.147748, 1.213719, -0.065971, -0.263882, 12.149765, 13.113461
-3.905302, 24.723053, 1.025715, 1.247514, -0.221799, -0.887195, 12.132021, 13.356102
-5.552565, 21.695492, 0.906625, 1.276111, -0.369486, -1.477944, 12.102462, 13.598151
-2.693146, 19.256628, 0.808834, 1.296559, -0.487725, -1.950901, 12.063444, 13.839420
2.699152, 17.600880, 0.741598, 1.309106, -0.567508, -2.270030, 12.018044, 14.079782
-0.246962, 15.816095, 0.668430, 1.321405, -0.652975, -2.611899, 11.965805, 14.319098
0.127840, 14.247270, 0.603578, 1.331158, -0.727580, -2.910321, 11.907598, 14.557249
0.126101, 12.835153, 0.544815, 1.339083, -0.794268, -3.177073, 11.844057, 14.794130
0.011622, 11.552799, 0.491164, 1.345576, -0.854411, -3.417645, 11.775704, 15.029644
-0.079879, 10.389531, 0.442282, 1.350882, -0.908600, -3.634399, 11.703016, 15.263704
0.137840, 9.364362, 0.399052, 1.355097, -0.956046, -3.824182, 11.626533, 15.496235
-0.080552, 8.419870, 0.359110, 1.358597, -0.999487, -3.997948, 11.546574, 15.727166
0.367644, 7.614648, 0.324980, 1.361289, -1.036309, -4.145235, 11.463669, 15.956440
0.195391, 6.872722, 0.293476, 1.363531, -1.070055, -4.280220, 11.378064, 16.184002
0.172093, 6.202659, 0.264982, 1.365360, -1.100379, -4.401514, 11.290034, 16.409803
0.114500, 5.593843, 0.239060, 1.366860, -1.127800, -4.511199, 11.199810, 16.633801
-0.150049, 5.019454, 0.214579, 1.368133, -1.153554, -4.614216, 11.107526, 16.855951
0.023239, 4.519833, 0.193267, 1.369129, -1.175862, -4.703447, 11.013457, 17.076220
-0.103838, 4.057466, 0.173531, 1.369958, -1.196426, -4.785705, 10.917743, 17.294575
0.289195, 3.680639, 0.157438, 1.370567, -1.213129, -4.852515, 10.820692, 17.510988
0.126990, 3.325274, 0.142256, 1.371088, -1.228832, -4.915328, 10.722385, 17.725435
0.069295, 2.999676, 0.128340, 1.371518, -1.243178, -4.972713, 10.622931, 17.937895
0.161656, 2.715874, 0.116207, 1.371857, -1.255650, -5.022601, 10.522479, 18.148344
-0.208221, 2.423465, 0.103704, 1.372172, -1.268468, -5.073873, 10.421001, 18.356764
0.391799, 2.220298, 0.095014, 1.372369, -1.277355, -5.109418, 10.318813, 18.563141
0.195313, 2.017800, 0.086352, 1.372548, -1.286196, -5.144784, 10.215918, 18.767460
0.241559, 1.840176, 0.078754, 1.372692, -1.293938, -5.175752, 10.112403, 18.969707
0.103713, 1.666529, 0.071324, 1.372819, -1.301495, -5.205979, 10.008284, 19.169872
-0.161461, 1.483730, 0.063503, 1.372940, -1.309437, -5.237747, 9.903528, 19.367943
0.229274, 1.358285, 0.058135, 1.373014, -1.314879, -5.259517, 9.798338, 19.563910
0.092730, 1.231729, 0.052719, 1.373083, -1.320364, -5.281454, 9.692709, 19.757763
0.231170, 1.131673, 0.048437, 1.373132, -1.324695, -5.298779, 9.586734, 19.949497
0.091545, 1.027660, 0.043986, 1.373179, -1.329193, -5.316773, 9.480398, 20.139105
0.080714, 0.932966, 0.039933, 1.373218, -1.333285, -5.333139, 9.373735, 20.326580
0.161104, 0.855780, 0.036630, 1.373247, -1.336617, -5.346469, 9.266806, 20.511917
0.297816, 0.799983, 0.034242, 1.373266, -1.339025, -5.356099, 9.159683, 20.695110
0.242386, 0.744223, 0.031855, 1.373284, -1.341429, -5.365716, 9.052369, 20.876158
0.137400, 0.683541, 0.029258, 1.373302, -1.344045, -5.376178, 8.944845, 21.055054
0.161689, 0.631356, 0.027024, 1.373317, -1.346292, -5.385170, 8.837142, 21.231796
0.232436, 0.591464, 0.025317, 1.373327, -1.348010, -5.392040, 8.729301, 21.406382
0.183971, 0.550715, 0.023573, 1.373337, -1.349764, -5.399056, 8.621321, 21.578808
0.392509, 0.534894, 0.022895, 1.373340, -1.350445, -5.401779, 8.513285, 21.749073
0.183787, 0.499783, 0.021393, 1.373348, -1.351955, -5.407821, 8.405128, 21.917175
0.518135, 0.501618, 0.021471, 1.373347, -1.351876, -5.407505, 8.296978, 22.083115
0.413349, 0.492792, 0.021093, 1.373349, -1.352256, -5.409024, 8.188798, 22.246891
0.239348, 0.467447, 0.020008, 1.373354, -1.353346, -5.413383, 8.080530, 22.408501
0.394337, 0.460136, 0.019696, 1.373356, -1.353660, -5.414641, 7.972238, 22.567945
0.322141, 0.446337, 0.019105, 1.373358, -1.354254, -5.417014, 7.863897, 22.725224
0.230195, 0.424722, 0.018180, 1.373362, -1.355183, -5.420730, 7.755483, 22.880333
-0.104512, 0.371799, 0.015914, 1.373371, -1.357457, -5.429826, 7.646886, 23.033270
0.195117, 0.354131, 0.015158, 1.373374, -1.358216, -5.432862, 7.538229, 23.184034
0.149207, 0.333638, 0.014281, 1.373377, -1.359096, -5.436383, 7.429502, 23.332624
0.174257, 0.317700, 0.013599, 1.373379, -1.359780, -5.439120, 7.320719, 23.479038
0.092189, 0.295149, 0.012634, 1.373382, -1.360748, -5.442993, 7.211859, 23.623276
-0.046095, 0.261025, 0.011173, 1.373386, -1.362213, -5.448852, 7.102882, 23.765333
0.149687, 0.249891, 0.010696, 1.373387, -1.362690, -5.450762, 6.993867, 23.905210
0.391405, 0.264042, 0.011302, 1.373385, -1.362083, -5.448333, 6.884900, 24.042908
0.321754, 0.269814, 0.011549, 1.373385, -1.361836, -5.447342, 6.775953, 24.178427
0.116124, 0.254445, 0.010891, 1.373387, -1.362495, -5.449981, 6.666954, 24.311766
-0.011461, 0.227854, 0.009753, 1.373389, -1.363636, -5.454544, 6.557863, 24.442923
0.126506, 0.217719, 0.009319, 1.373390, -1.364071, -5.456283, 6.448737, 24.571898
0.452325, 0.241180, 0.010323, 1.373388, -1.363064, -5.452257, 6.339692, 24.698690
0.046030, 0.221665, 0.009488, 1.373390, -1.363902, -5.455606, 6.230580, 24.823301
-0.034606, 0.196038, 0.008391, 1.373392, -1.365001, -5.460003, 6.121380, 24.945728
0.057781, 0.182212, 0.007799, 1.373393, -1.365594, -5.462375, 6.012132, 25.065971
0.231450, 0.187136, 0.008010, 1.373393, -1.365383, -5.461530, 5.902902, 25.184029
0.416857, 0.210108, 0.008993, 1.373391, -1.364397, -5.457589, 5.793750, 25.299904
0.287338, 0.217831, 0.009324, 1.373390, -1.364066, -5.456264, 5.684625, 25.413597
0.299673, 0.226015, 0.009674, 1.373389, -1.363715, -5.454860, 5.575528, 25.525108
0.229503, 0.226364, 0.009689, 1.373389, -1.363700, -5.454800, 5.466432, 25.634438
0.254697, 0.229197, 0.009811, 1.373389, -1.363578, -5.454314, 5.357346, 25.741585
-0.023033, 0.203974, 0.008731, 1.373391, -1.364661, -5.458642, 5.248173, 25.846548
0.427055, 0.226282, 0.009686, 1.373389, -1.363704, -5.454814, 5.139076, 25.949329
0.313533, 0.235007, 0.010059, 1.373388, -1.363329, -5.453317, 5.030010, 26.049929
0.114385, 0.222945, 0.009543, 1.373390, -1.363847, -5.455387, 4.920902, 26.148346
0.046141, 0.205265, 0.008786, 1.373391, -1.364605, -5.458420, 4.811734, 26.244581
0.069226, 0.191661, 0.008204, 1.373392, -1.365188, -5.460754, 4.702518, 26.338631
0.126786, 0.185173, 0.007926, 1.373393, -1.365467, -5.461866, 4.593281, 26.430496
0.069267, 0.173583, 0.007430, 1.373394, -1.365964, -5.463854, 4.484004, 26.520176
-0.057618, 0.150463, 0.006440, 1.373395, -1.366955, -5.467819, 4.374648, 26.607670
0.034718, 0.138888, 0.005945, 1.373396, -1.367451, -5.469804, 4.265252, 26.692974
0.057457, 0.130745, 0.005596, 1.373396, -1.367800, -5.471200, 4.155828, 26.776091
0.472841, 0.164955, 0.007061, 1.373394, -1.366334, -5.465334, 4.046521, 26.857021
0.173343, 0.165793, 0.007097, 1.373394, -1.366298, -5.465190, 3.937217, 26.935766
0.242045, 0.173419, 0.007423, 1.373394, -1.365971, -5.463883, 3.827939, 27.012325
0.196217, 0.175698, 0.007521, 1.373394, -1.365873, -5.463491, 3.718669, 27.086699
0.241996, 0.182328, 0.007804, 1.373393, -1.365589, -5.462355, 3.609422, 27.158888
0.046178, 0.168713, 0.007222, 1.373394, -1.366173, -5.464690, 3.500129, 27.228891
0.046011, 0.156443, 0.006696, 1.373395, -1.366699, -5.466794, 3.390793, 27.296707
0.324028, 0.173202, 0.007414, 1.373394, -1.365980, -5.463920, 3.281514, 27.362337
0.092115, 0.165093, 0.007067, 1.373394, -1.366328, -5.465311, 3.172208, 27.425781
0.241171, 0.172701, 0.007392, 1.373394, -1.366001, -5.464006, 3.062928, 27.487040
0.242191, 0.179650, 0.007690, 1.373393, -1.365704, -5.462814, 2.953671, 27.546112
0.416605, 0.203345, 0.008704, 1.373391, -1.364687, -5.458749, 2.844496, 27.603003
0.173133, 0.200324, 0.008575, 1.373392, -1.364817, -5.459268, 2.735311, 27.657709
0.183053, 0.198597, 0.008501, 1.373392, -1.364891, -5.459564, 2.626120, 27.710232
0.242630, 0.203000, 0.008689, 1.373391, -1.364702, -5.458808, 2.516944, 27.760571
0.057886, 0.188489, 0.008068, 1.373393, -1.365324, -5.461298, 2.407718, 27.808725
0.343977, 0.204038, 0.008734, 1.373391, -1.364658, -5.458631, 2.298545, 27.854696
0.092152, 0.192849, 0.008255, 1.373392, -1.365137, -5.460550, 2.189334, 27.898483
0.114546, 0.185019, 0.007920, 1.373393, -1.365473, -5.461893, 2.080096, 27.940084
0.323244, 0.198841, 0.008511, 1.373392, -1.364881, -5.459522, 1.970906, 27.979502
0.150291, 0.193986, 0.008303, 1.373392, -1.365089, -5.460355, 1.861699, 28.016735
0.150321, 0.189620, 0.008117, 1.373392, -1.365276, -5.461104, 1.752477, 28.051785
0.347032, 0.205361, 0.008790, 1.373391, -1.364601, -5.458404, 1.643309, 28.084650
0.438951, 0.228720, 0.009790, 1.373389, -1.363599, -5.454396, 1.534221, 28.115334
0.000000, 0.205848, 0.008811, 1.373391, -1.364580, -5.458320, 1.425054, 28.143835
0.115213, 0.196785, 0.008423, 1.373392, -1.364969, -5.459875, 1.315857, 28.170153
0.253877, 0.202494, 0.008668, 1.373391, -1.364724, -5.458895, 1.206679, 28.194286
0.046011, 0.186846, 0.007998, 1.373393, -1.365395, -5.461580, 1.097447, 28.216236
0.045965, 0.172758, 0.007395, 1.373394, -1.365999, -5.463996, 0.988167, 28.236000
0.301310, 0.185613, 0.007945, 0.007945, 0.000000, 0.000000, 0.988167, 28.255764
0.022937, 0.169345, 0.007249, 0.007249, 0.000000, 0.000000, 0.988167, 28.275528
0.161104, 0.168521, 0.007213, 0.007213, 0.000000, 0.000000, 0.988167, 28.295292
0.218422, 0.173511, 0.007427, 0.007427, 0.000000, 0.000000, 0.988167, 28.315056
0.265952, 0.182755, 0.007823, 0.007823, 0.000000, 0.000000, 0.988167, 28.334820
-0.104111, 0.154069, 0.006595, 0.006595, 0.000000, 0.000000, 0.988167, 28.354584
-0.034467, 0.135215, 0.005788, 0.005788, 0.000000, 0.000000, 0.988167, 28.374348
0.242679, 0.145961, 0.006248, 0.006248, 0.000000, 0.000000, 0.988167, 28.394112
0.241656, 0.155531, 0.006657, 0.006657, 0.000000, 0.000000, 0.988167, 28.413876
0.057793, 0.145757, 0.006239, 0.006239, 0.000000, 0.000000, 0.988167, 28.433640
0.023057, 0.133487, 0.005714, 0.005714, 0.000000, 0.000000, 0.988167, 28.453403
-0.046123, 0.115526, 0.004945, 0.004945, 0.000000, 0.000000, 0.988167, 28.473167
0.288032, 0.132777, 0.005683, 0.005683, 0.000000, 0.000000, 0.988167, 28.492931
0.150079, 0.134507, 0.005757, 0.005757, 0.000000, 0.000000, 0.988167, 28.512695
0.172681, 0.138324, 0.005921, 0.005921, 0.000000, 0.000000, 0.988167, 28.532459
0.218905, 0.146382, 0.006266, 0.006266, 0.000000, 0.000000, 0.988167, 28.552223
0.265203, 0.158264, 0.006774, 0.006774, 0.000000, 0.000000, 0.988167, 28.571987
0.220367, 0.164475, 0.007040, 0.007040, 0.000000, 0.000000, 0.988167, 28.591751
0.092023, 0.157229, 0.006730, 0.006730, 0.000000, 0.000000, 0.988167, 28.611515
0.172577, 0.158764, 0.006796, 0.006796, 0.000000, 0.000000, 0.988167, 28.631279
0.103797, 0.153267, 0.006560, 0.006560, 0.000000, 0.000000, 0.988167, 28.651043
0.266221, 0.164563, 0.007044, 0.007044, 0.000000, 0.000000, 0.988167, 28.670807
0.148790, 0.162986, 0.006976, 0.006976, 0.000000, 0.000000, 0.988167, 28.690571
0.138090, 0.160496, 0.006870, 0.006870, 0.000000, 0.000000, 0.988167, 28.710335
0.207051, 0.165151, 0.007069, 0.007069, 0.000000, 0.000000, 0.988167, 28.730099
0.240496, 0.172686, 0.007392, 0.007392, 0.000000, 0.000000, 0.988167, 28.749863
0.288612, 0.184279, 0.007888, 0.007888, 0.000000, 0.000000, 0.988167, 28.769627
0.252504, 0.191101, 0.008180, 0.008180, 0.000000, 0.000000, 0.988167, 28.789391
0.413930, 0.213384, 0.009134, 0.009134, 0.000000, 0.000000, 0.988167, 28.809155
0.023122, 0.194358, 0.008319, 0.008319, 0.000000, 0.000000, 0.988167, 28.828918
0.252201, 0.200142, 0.008567, 0.008567, 0.000000, 0.000000, 0.988167, 28.848682
0.208095, 0.200937, 0.008601, 0.008601, 0.000000, 0.000000, 0.988167, 28.868446
0.159980, 0.196842, 0.008426, 0.008426, 0.000000, 0.000000, 0.988167, 28.888210
-0.034641, 0.173693, 0.007435, 0.007435, 0.000000, 0.000000, 0.988167, 28.907974
0.241753, 0.180499, 0.007726, 0.007726, 0.000000, 0.000000, 0.988167, 28.927738
0.365883, 0.199038, 0.008520, 0.008520, 0.000000, 0.000000, 0.988167, 28.947502
0.358022, 0.214936, 0.009200, 0.009200, 0.000000, 0.000000, 0.988167, 28.967266
0.345151, 0.227958, 0.009758, 0.009758, 0.000000, 0.000000, 0.988167, 28.987030
0.081008, 0.213263, 0.009129, 0.009129, 0.000000, 0.000000, 0.988167, 29.006794
0.310450, 0.222981, 0.009545, 0.009545, 0.000000, 0.000000, 0.988167, 29.026558
0.184193, 0.219102, 0.009378, 0.009378, 0.000000, 0.000000, 0.988167, 29.046322
0.359325, 0.233125, 0.009979, 0.009979, 0.000000, 0.000000, 0.988167, 29.066086
0.402432, 0.250055, 0.010703, 0.010703, 0.000000, 0.000000, 0.988167, 29.085850
0.103964, 0.235446, 0.010078, 0.010078, 0.000000, 0.000000, 0.988167, 29.105614
0.011589, 0.213061, 0.009120, 0.009120, 0.000000, 0.000000, 0.988167, 29.125378
0.278358, 0.219590, 0.009399, 0.009399, 0.000000, 0.000000, 0.988167, 29.145142
0.046197, 0.202251, 0.008657, 0.008657, 0.000000, 0.000000, 0.988167, 29.164906
0.265203, 0.208546, 0.008927, 0.008927, 0.000000, 0.000000, 0.988167, 29.184669
0.298054, 0.217497, 0.009310, 0.009310, 0.000000, 0.000000, 0.988167, 29.204433
-0.023244, 0.193423, 0.008279, 0.008279, 0.000000, 0.000000, 0.988167, 29.224197
0.368012, 0.210882, 0.009027, 0.009027, 0.000000, 0.000000, 0.988167, 29.243961
0.412935, 0.231087, 0.009891, 0.009891, 0.000000, 0.000000, 0.988167, 29.263725
0.458448, 0.253823, 0.010865, 0.010865, 0.000000, 0.000000, 0.988167, 29.283489
-0.034343, 0.225007, 0.009631, 0.009631, 0.000000, 0.000000, 0.988167, 29.303253
0.334856, 0.235992, 0.010101, 0.010101, 0.000000, 0.000000, 0.988167, 29.323017
0.585098, 0.270902, 0.011596, 0.011596, 0.000000, 0.000000, 0.988167, 29.342781
0.173518, 0.261164, 0.011179, 0.011179, 0.000000, 0.000000, 0.988167, 29.362545
0.149327, 0.249980, 0.010700, 0.010700, 0.000000, 0.000000, 0.988167, 29.382309
0.139095, 0.238892, 0.010226, 0.010226, 0.000000, 0.000000, 0.988167, 29.402073
0.196139, 0.234616, 0.010043, 0.010043, 0.000000, 0.000000, 0.988167, 29.421837
0.496805, 0.260835, 0.011165, 0.011165, 0.000000, 0.000000, 0.988167, 29.441601
0.323832, 0.267135, 0.011434, 0.011434, 0.000000, 0.000000, 0.988167, 29.461365
0.232577, 0.263679, 0.011287, 0.011287, 0.000000, 0.000000, 0.988167, 29.481129
0.173343, 0.254645, 0.010900, 0.010900, 0.000000, 0.000000, 0.988167, 29.500893
0.057365, 0.234917, 0.010055, 0.010055, 0.000000, 0.000000, 0.988167, 29.520657
0.265096, 0.237935, 0.010185, 0.010185, 0.000000, 0.000000, 0.988167, 29.540421
0.149297, 0.229071, 0.009805, 0.009805, 0.000000, 0.000000, 0.988167, 29.560184
0.310824, 0.237247, 0.010155, 0.010155, 0.000000, 0.000000, 0.988167, 29.579948
0.311387, 0.244661, 0.010472, 0.010472, 0.000000, 0.000000, 0.988167, 29.599712
0.057793, 0.225974, 0.009673, 0.009673, 0.000000, 0.000000, 0.988167, 29.619476
0.184750, 0.221851, 0.009496, 0.009496, 0.000000, 0.000000, 0.988167, 29.639240
0.161429, 0.215809, 0.009238, 0.009238, 0.000000, 0.000000, 0.988167, 29.659004
0.471796, 0.241408, 0.010333, 0.010333, 0.000000, 0.000000, 0.988167, 29.678768
0.332444, 0.250511, 0.010723, 0.010723, 0.000000, 0.000000, 0.988167, 29.698532
0.391799, 0.264640, 0.011328, 0.011328, 0.000000, 0.000000, 0.988167, 29.718296
0.207300, 0.258906, 0.011082, 0.011082, 0.000000, 0.000000, 0.988167, 29.738060
0.104321, 0.243448, 0.010421, 0.010421, 0.000000, 0.000000, 0.988167, 29.757824
0.114890, 0.230592, 0.009870, 0.009870, 0.000000, 0.000000, 0.988167, 29.777588
0.138284, 0.221361, 0.009475, 0.009475, 0.000000, 0.000000, 0.988167, 29.797352
0.324487, 0.231674, 0.009917, 0.009917, 0.000000, 0.000000, 0.988167, 29.817116
0.241559, 0.232662, 0.009959, 0.009959, 0.000000, 0.000000, 0.988167, 29.836880
0.011526, 0.210549, 0.009012, 0.009012, 0.000000, 0.000000, 0.988167, 29.856644
-0.068796, 0.182614, 0.007817, 0.007817, 0.000000, 0.000000, 0.988167, 29.876408
0.080407, 0.172393, 0.007379, 0.007379, 0.000000, 0.000000, 0.988167, 29.896172
0.184082, 0.173562, 0.007429, 0.007429, 0.000000, 0.000000, 0.988167, 29.915936
0.091894, 0.165395, 0.007080, 0.007080, 0.000000, 0.000000, 0.988167, 29.935699
-0.011494, 0.147707, 0.006322, 0.006322, 0.000000, 0.000000, 0.988167, 29.955463
0.161917, 0.149128, 0.006383, 0.006383, 0.000000, 0.000000, 0.988167, 29.975227
0.333914, 0.167606, 0.007174, 0.007174, 0.000000, 0.000000, 0.988167, 29.994991
0.115028, 0.162349, 0.006949, 0.006949, 0.000000, 0.000000, 0.988167, 30.014755
0.264989, 0.172613, 0.007389, 0.007389, 0.000000, 0.000000, 0.988167, 30.034519
0.264564, 0.181808, 0.007782, 0.007782, 0.000000, 0.000000, 0.988167, 30.054283
0.300156, 0.193643, 0.008289, 0.008289, 0.000000, 0.000000, 0.988167, 30.074047
0.057399, 0.180018, 0.007706, 0.007706, 0.000000, 0.000000, 0.988167, 30.093811
0.000000, 0.162016, 0.006935, 0.006935, 0.000000, 0.000000, 0.988167, 30.113575
0.080763, 0.153891, 0.006587, 0.006587, 0.000000, 0.000000, 0.988167, 30.133339
0.358383, 0.174340, 0.007462, 0.007462, 0.000000, 0.000000, 0.988167, 30.153103
-0.011471, 0.155759, 0.006667, 0.006667, 0.000000, 0.000000, 0.988167, 30.172867
0.241607, 0.164344, 0.007035, 0.007035, 0.000000, 0.000000, 0.988167, 30.192631
0.196138, 0.167523, 0.007171, 0.007171, 0.000000, 0.000000, 0.988167, 30.212395
0.254543, 0.176225, 0.007543, 0.007543, 0.000000, 0.000000, 0.988167, 30.232159
0.265043, 0.185107, 0.007923, 0.007923, 0.000000, 0.000000, 0.988167, 30.251923
-0.183236, 0.148273, 0.006347, 0.006347, 0.000000, 0.000000, 0.988167, 30.271687
0.311826, 0.164628, 0.007047, 0.007047, 0.000000, 0.000000, 0.988167, 30.291451
0.069618, 0.155127, 0.006640, 0.006640, 0.000000, 0.000000, 0.988167, 30.311214
0.000000, 0.139614, 0.005976, 0.005976, 0.000000, 0.000000, 0.988167, 30.330978
0.023173, 0.127970, 0.005478, 0.005478, 0.000000, 0.000000, 0.988167, 30.350742
0.311638, 0.146337, 0.006264, 0.006264, 0.000000, 0.000000, 0.988167, 30.370506
-0.022973, 0.129406, 0.005539, 0.005539, 0.000000, 0.000000, 0.988167, 30.390270
0.427228, 0.159188, 0.006814, 0.006814, 0.000000, 0.000000, 0.988167, 30.410034
0.173553, 0.160625, 0.006875, 0.006875, 0.000000, 0.000000, 0.988167, 30.429798
0.205975, 0.165160, 0.007070, 0.007070, 0.000000, 0.000000, 0.988167, 30.449562
0.217854, 0.170429, 0.007295, 0.007295, 0.000000, 0.000000, 0.988167, 30.469326
-0.068976, 0.146489, 0.006270, 0.006270, 0.000000, 0.000000, 0.988167, 30.489090
0.149507, 0.146790, 0.006283, 0.006283, 0.000000, 0.000000, 0.988167, 30.508854
0.091931, 0.141304, 0.006048, 0.006048, 0.000000, 0.000000, 0.988167, 30.528618
0.196099, 0.146784, 0.006283, 0.006283, 0.000000, 0.000000, 0.988167, 30.548382
0.333847, 0.165490, 0.007084, 0.007084, 0.000000, 0.000000, 0.988167, 30.568146
0.368753, 0.185816, 0.007954, 0.007954, 0.000000, 0.000000, 0.988167, 30.587910
0.357877, 0.203023, 0.008690, 0.008690, 0.000000, 0.000000, 0.988167, 30.607674
0.000000, 0.182720, 0.007821, 0.007821, 0.000000, 0.000000, 0.988167, 30.627438
0.357877, 0.200236, 0.008571, 0.008571, 0.000000, 0.000000, 0.988167, 30.647202
0.297400, 0.209952, 0.008987, 0.008987, 0.000000, 0.000000, 0.988167, 30.666965
0.057828, 0.194740, 0.008336, 0.008336, 0.000000, 0.000000, 0.988167, 30.686729
0.310138, 0.206280, 0.008830, 0.008830, 0.000000, 0.000000, 0.988167, 30.706493
0.219081, 0.207560, 0.008884, 0.008884, 0.000000, 0.000000, 0.988167, 30.726257
0.137757, 0.200580, 0.008586, 0.008586, 0.000000, 0.000000, 0.988167, 30.746021
0.230983, 0.203620, 0.008716, 0.008716, 0.000000, 0.000000, 0.988167, 30.765785
0.520961, 0.235354, 0.010074, 0.010074, 0.000000, 0.000000, 0.988167, 30.785549
0.034557, 0.215274, 0.009215, 0.009215, 0.000000, 0.000000, 0.988167, 30.805313
0.194922, 0.213239, 0.009128, 0.009128, 0.000000, 0.000000, 0.988167, 30.825077
0.299613, 0.221877, 0.009497, 0.009497, 0.000000, 0.000000, 0.988167, 30.844841
0.357157, 0.235405, 0.010076, 0.010076, 0.000000, 0.000000, 0.988167, 30.864605
0.287396, 0.240604, 0.010299, 0.010299, 0.000000, 0.000000, 0.988167, 30.884369
-0.080796, 0.208464, 0.008923, 0.008923, 0.000000, 0.000000, 0.988167, 30.904133
0.402998, 0.227917, 0.009756, 0.009756, 0.000000, 0.000000, 0.988167, 30.923897
0.125623, 0.217688, 0.009318, 0.009318, 0.000000, 0.000000, 0.988167, 30.943661
-0.138591, 0.182060, 0.007793, 0.007793, 0.000000, 0.000000, 0.988167, 30.963425
0.092208, 0.173075, 0.007408, 0.007408, 0.000000, 0.000000, 0.988167, 30.983189
0.242532, 0.180021, 0.007706, 0.007706, 0.000000, 0.000000, 0.988167, 31.002953
0.402836, 0.202302, 0.008659, 0.008659, 0.000000, 0.000000, 0.988167, 31.022717
0.126000, 0.194672, 0.008333, 0.008333, 0.000000, 0.000000, 0.988167, 31.042480
0.160588, 0.191264, 0.008187, 0.008187, 0.000000, 0.000000, 0.988167, 31.062244
0.207634, 0.192901, 0.008257, 0.008257, 0.000000, 0.000000, 0.988167, 31.082008
0.138367, 0.187447, 0.008024, 0.008024, 0.000000, 0.000000, 0.988167, 31.101772
0.023159, 0.171018, 0.007320, 0.007320, 0.000000, 0.000000, 0.988167, 31.121536
0.034495, 0.157366, 0.006736, 0.006736, 0.000000, 0.000000, 0.988167, 31.141300
0.149567, 0.156586, 0.006703, 0.006703, 0.000000, 0.000000, 0.988167, 31.161064
-0.126760, 0.128252, 0.005490, 0.005490, 0.000000, 0.000000, 0.988167, 31.180828
-0.149989, 0.100428, 0.004299, 0.004299, 0.000000, 0.000000, 0.988167, 31.200592
0.289312, 0.119316, 0.005107, 0.005107, 0.000000, 0.000000, 0.988167, 31.220356
0.068810, 0.114265, 0.004891, 0.004891, 0.000000, 0.000000, 0.988167, 31.240120
0.311512, 0.133990, 0.005735, 0.005735, 0.000000, 0.000000, 0.988167, 31.259884
0.170590, 0.137650, 0.005892, 0.005892, 0.000000, 0.000000, 0.988167, 31.279648
-0.069253, 0.116960, 0.005006, 0.005006, 0.000000, 0.000000, 0.988167, 31.299412
0.311262, 0.136390, 0.005838, 0.005838, 0.000000, 0.000000, 0.988167, 31.319176
0.208769, 0.143628, 0.006148, 0.006148, 0.000000, 0.000000, 0.988167, 31.338940
0.461401, 0.175405, 0.007508, 0.007508, 0.000000, 0.000000, 0.988167, 31.358704
0.312835, 0.189148, 0.008096, 0.008096, 0.000000, 0.000000, 0.988167, 31.378468
-0.057261, 0.164507, 0.007042, 0.007042, 0.000000, 0.000000, 0.988167, 31.398232
0.022941, 0.150351, 0.006436, 0.006436, 0.000000, 0.000000, 0.988167, 31.417995
0.229917, 0.158307, 0.006776, 0.006776, 0.000000, 0.000000, 0.988167, 31.437759
0.081008, 0.150577, 0.006445, 0.006445, 0.000000, 0.000000, 0.988167, 31.457523
0.057700, 0.141290, 0.006048, 0.006048, 0.000000, 0.000000, 0.988167, 31.477287
0.334519, 0.160613, 0.006875, 0.006875, 0.000000, 0.000000, 0.988167, 31.497051
0.242679, 0.168819, 0.007226, 0.007226, 0.000000, 0.000000, 0.988167, 31.516815
0.218334, 0.173771, 0.007438, 0.007438, 0.000000, 0.000000, 0.988167, 31.536579
0.196971, 0.176091, 0.007537, 0.007537, 0.000000, 0.000000, 0.988167, 31.556343
0.091344, 0.167616, 0.007175, 0.007175, 0.000000, 0.000000, 0.988167, 31.576107
-0.231918, 0.127663, 0.005464, 0.005464, 0.000000, 0.000000, 0.988167, 31.595871
-0.011466, 0.113750, 0.004869, 0.004869, 0.000000, 0.000000, 0.988167, 31.615635
0.172959, 0.119671, 0.005122, 0.005122, 0.000000, 0.000000, 0.988167, 31.635399
-0.172093, 0.090494, 0.003874, 0.003874, 0.000000, 0.000000, 0.988167, 31.655163
0.138117, 0.095257, 0.004077, 0.004077, 0.000000, 0.000000, 0.988167, 31.674927
0.393302, 0.125061, 0.005353, 0.005353, 0.000000, 0.000000, 0.988167, 31.694691
0.299794, 0.142534, 0.006101, 0.006101, 0.000000, 0.000000, 0.988167, 31.714455
0.288903, 0.157171, 0.006728, 0.006728, 0.000000, 0.000000, 0.988167, 31.734219
0.195430, 0.160997, 0.006891, 0.006891, 0.000000, 0.000000, 0.988167, 31.753983
0.114431, 0.156341, 0.006692, 0.006692, 0.000000, 0.000000, 0.988167, 31.773746
0.230658, 0.163772, 0.007010, 0.007010, 0.000000, 0.000000, 0.988167, 31.793510
0.474656, 0.194861, 0.008341, 0.008341, 0.000000, 0.000000, 0.988167, 31.813274
0.368975, 0.212272, 0.009086, 0.009086, 0.000000, 0.000000, 0.988167, 31.833038
-0.092097, 0.181835, 0.007783, 0.007783, 0.000000, 0.000000, 0.988167, 31.852802
0.207467, 0.184398, 0.007893, 0.007893, 0.000000, 0.000000, 0.988167, 31.872566
0.103339, 0.176292, 0.007546, 0.007546, 0.000000, 0.000000, 0.988167, 31.892330
0.288206, 0.187484, 0.008025, 0.008025, 0.000000, 0.000000, 0.988167, 31.912094
0.011505, 0.169886, 0.007272, 0.007272, 0.000000, 0.000000, 0.988167, 31.931858
0.000000, 0.152897, 0.006545, 0.006545, 0.000000, 0.000000, 0.988167, 31.951622
0.196218, 0.157229, 0.006730, 0.006730, 0.000000, 0.000000, 0.988167, 31.971386
0.312141, 0.172721, 0.007393, 0.007393, 0.000000, 0.000000, 0.988167, 31.991150
0.172924, 0.172741, 0.007394, 0.007394, 0.000000, 0.000000, 0.988167, 32.010914
0.115749, 0.167042, 0.007150, 0.007150, 0.000000, 0.000000, 0.988167, 32.030678
0.196139, 0.169951, 0.007275, 0.007275, 0.000000, 0.000000, 0.988167, 32.050442
0.196218, 0.172578, 0.007387, 0.007387, 0.000000, 0.000000, 0.988167, 32.070206
0.091144, 0.164435, 0.007038, 0.007038, 0.000000, 0.000000, 0.988167, 32.089970
0.243120, 0.172303, 0.007375, 0.007375, 0.000000, 0.000000, 0.988167, 32.109734
-0.068989, 0.148174, 0.006342, 0.006342, 0.000000, 0.000000, 0.988167, 32.129498
0.171578, 0.150514, 0.006443, 0.006443, 0.000000, 0.000000, 0.988167, 32.149261
-0.023043, 0.133159, 0.005700, 0.005700, 0.000000, 0.000000, 0.988167, 32.169025
0.425427, 0.162385, 0.006951, 0.006951, 0.000000, 0.000000, 0.988167, 32.188789
0.160910, 0.162238, 0.006944, 0.006944, 0.000000, 0.000000, 0.988167, 32.208553
0.242581, 0.170272, 0.007288, 0.007288, 0.000000, 0.000000, 0.988167, 32.228317
0.286019, 0.181847, 0.007784, 0.007784, 0.000000, 0.000000, 0.988167, 32.248081
0.241461, 0.187808, 0.008039, 0.008039, 0.000000, 0.000000, 0.988167, 32.267845
-0.332511, 0.135776, 0.005812, 0.005812, 0.000000, 0.000000, 0.988167, 32.287609
0.264087, 0.148607, 0.006361, 0.006361, 0.000000, 0.000000, 0.988167, 32.307373
0.092152, 0.142962, 0.006119, 0.006119, 0.000000, 0.000000, 0.988167, 32.327137
0.011535, 0.129819, 0.005557, 0.005557, 0.000000, 0.000000, 0.988167, 32.346901
0.392351, 0.156073, 0.006681, 0.006681, 0.000000, 0.000000, 0.988167, 32.366665
0.241462, 0.164611, 0.007046, 0.007046, 0.000000, 0.000000, 0.988167, 32.386429
0.230565, 0.171207, 0.007328, 0.007328, 0.000000, 0.000000, 0.988167, 32.406193
0.207342, 0.174820, 0.007483, 0.007483, 0.000000, 0.000000, 0.988167, 32.425957
0.057735, 0.163112, 0.006982, 0.006982, 0.000000, 0.000000, 0.988167, 32.445721
0.000000, 0.146801, 0.006284, 0.006284, 0.000000, 0.000000, 0.988167, 32.465485
0.368827, 0.169003, 0.007234, 0.007234, 0.000000, 0.000000, 0.988167, 32.485249
0.252301, 0.177333, 0.007591, 0.007591, 0.000000, 0.000000, 0.988167, 32.505013
0.104279, 0.170028, 0.007278, 0.007278, 0.000000, 0.000000, 0.988167, 32.524776
-0.034683, 0.149557, 0.006402, 0.006402, 0.000000, 0.000000, 0.988167, 32.544540
0.137923, 0.148393, 0.006352, 0.006352, 0.000000, 0.000000, 0.988167, 32.564304
0.022895, 0.135844, 0.005815, 0.005815, 0.000000, 0.000000, 0.988167, 32.584068
0.080552, 0.130314, 0.005578, 0.005578, 0.000000, 0.000000, 0.988167, 32.603832
0.092487, 0.126532, 0.005416, 0.005416, 0.000000, 0.000000, 0.988167, 32.623596
0.218290, 0.135707, 0.005809, 0.005809, 0.000000, 0.000000, 0.988167, 32.643360
0.218246, 0.143961, 0.006162, 0.006162, 0.000000, 0.000000, 0.988167, 32.663124
0.299312, 0.159496, 0.006827, 0.006827, 0.000000, 0.000000, 0.988167, 32.682888
0.448242, 0.188371, 0.008063, 0.008063, 0.000000, 0.000000, 0.988167, 32.702652
0.336144, 0.203148, 0.008696, 0.008696, 0.000000, 0.000000, 0.988167, 32.722416
0.183272, 0.201161, 0.008611, 0.008611, 0.000000, 0.000000, 0.988167, 32.742180
0.149297, 0.195974, 0.008389, 0.008389, 0.000000, 0.000000, 0.988167, 32.761944
0.277515, 0.204128, 0.008738, 0.008738, 0.000000, 0.000000, 0.988167, 32.781708
0.069491, 0.190665, 0.008161, 0.008161, 0.000000, 0.000000, 0.988167, 32.801472
0.195784, 0.191177, 0.008183, 0.008183, 0.000000, 0.000000, 0.988167, 32.821236
0.323963, 0.204455, 0.008752, 0.008752, 0.000000, 0.000000, 0.988167, 32.841000
0.011524, 0.185162, 0.007926, 0.007926, 0.000000, 0.000000, 0.988167, 32.860764
0.149808, 0.181627, 0.007774, 0.007774, 0.000000, 0.000000, 0.988167, 32.880527
0.311889, 0.194653, 0.008332, 0.008332, 0.000000, 0.000000, 0.988167, 32.900291
0.023178, 0.177505, 0.007598, 0.007598, 0.000000, 0.000000, 0.988167, 32.920055
0.126760, 0.172431, 0.007381, 0.007381, 0.000000, 0.000000, 0.988167, 32.939819
0.080552, 0.163243, 0.006987, 0.006987, 0.000000, 0.000000, 0.988167, 32.959583
0.323180, 0.179237, 0.007672, 0.007672, 0.000000, 0.000000, 0.988167, 32.979347
-0.080230, 0.153290, 0.006561, 0.006561, 0.000000, 0.000000, 0.988167, 32.999111
0.103817, 0.148343, 0.006350, 0.006350, 0.000000, 0.000000, 0.988167, 33.018875
0.230287, 0.156537, 0.006700, 0.006700, 0.000000, 0.000000, 0.988167, 33.038639
0.196653, 0.160549, 0.006872, 0.006872, 0.000000, 0.000000, 0.988167, 33.058403
0.046058, 0.149100, 0.006382, 0.006382, 0.000000, 0.000000, 0.988167, 33.078167
0.241850, 0.158375, 0.006779, 0.006779, 0.000000, 0.000000, 0.988167, 33.097931
0.000000, 0.142537, 0.006101, 0.006101, 0.000000, 0.000000, 0.988167, 33.117695
0.069506, 0.135234, 0.005789, 0.005789, 0.000000, 0.000000, 0.988167, 33.137459
0.185535, 0.140264, 0.006004, 0.006004, 0.000000, 0.000000, 0.988167, 33.157223
0.298532, 0.156091, 0.006681, 0.006681, 0.000000, 0.000000, 0.988167, 33.176987
0.346403, 0.175122, 0.007496, 0.007496, 0.000000, 0.000000, 0.988167, 33.196751
0.219479, 0.179558, 0.007686, 0.007686, 0.000000, 0.000000, 0.988167, 33.216515
-0.045910, 0.157011, 0.006721, 0.006721, 0.000000, 0.000000, 0.988167, 33.236279
0.368382, 0.178148, 0.007625, 0.007625, 0.000000, 0.000000, 0.988167, 33.256042
0.092338, 0.169567, 0.007258, 0.007258, 0.000000, 0.000000, 0.988167, 33.275806
0.080617, 0.160672, 0.006877, 0.006877, 0.000000, 0.000000, 0.988167, 33.295570
0.092394, 0.153844, 0.006585, 0.006585, 0.000000, 0.000000, 0.988167, 33.315334
0.275900, 0.166050, 0.007108, 0.007108, 0.000000, 0.000000, 0.988167, 33.335098
0.000000, 0.149445, 0.006397, 0.006397, 0.000000, 0.000000, 0.988167, 33.354862
0.196060, 0.154106, 0.006596, 0.006596, 0.000000, 0.000000, 0.988167, 33.374626
-0.080552, 0.130640, 0.005592, 0.005592, 0.000000, 0.000000, 0.988167, 33.394390
0.057665, 0.123343, 0.005280, 0.005280, 0.000000, 0.000000, 0.988167, 33.414154
0.150656, 0.126074, 0.005397, 0.005397, 0.000000, 0.000000, 0.988167, 33.433918
0.229964, 0.136463, 0.005841, 0.005841, 0.000000, 0.000000, 0.988167, 33.453682
0.173168, 0.140134, 0.005998, 0.005998, 0.000000, 0.000000, 0.988167, 33.473446
0.092060, 0.135326, 0.005793, 0.005793, 0.000000, 0.000000, 0.988167, 33.493210
0.091036, 0.130897, 0.005603, 0.005603, 0.000000, 0.000000, 0.988167, 33.512974
0.206884, 0.138496, 0.005928, 0.005928, 0.000000, 0.000000, 0.988167, 33.532738
0.194494, 0.144096, 0.006168, 0.006168, 0.000000, 0.000000, 0.988167, 33.552502
0.150049, 0.144691, 0.006193, 0.006193, 0.000000, 0.000000, 0.988167, 33.572266
0.150049, 0.145227, 0.006216, 0.006216, 0.000000, 0.000000, 0.988167, 33.592030
0.115167, 0.142221, 0.006088, 0.006088, 0.000000, 0.000000, 0.988167, 33.611794
0.149989, 0.142998, 0.006121, 0.006121, 0.000000, 0.000000, 0.988167, 33.631557
0.300096, 0.158707, 0.006793, 0.006793, 0.000000, 0.000000, 0.988167, 33.651321
0.173518, 0.160188, 0.006857, 0.006857, 0.000000, 0.000000, 0.988167, 33.671085
0.195626, 0.163732, 0.007008, 0.007008, 0.000000, 0.000000, 0.988167, 33.690849
0.114683, 0.158827, 0.006798, 0.006798, 0.000000, 0.000000, 0.988167, 33.710613
0.161234, 0.159068, 0.006809, 0.006809, 0.000000, 0.000000, 0.988167, 33.730377
0.000000, 0.143161, 0.006128, 0.006128, 0.000000, 0.000000, 0.988167, 33.750141
0.311575, 0.160003, 0.006849, 0.006849, 0.000000, 0.000000, 0.988167, 33.769905
0.254749, 0.169477, 0.007254, 0.007254, 0.000000, 0.000000, 0.988167, 33.789669
-0.046244, 0.147905, 0.006331, 0.006331, 0.000000, 0.000000, 0.988167, 33.809433
0.530074, 0.186122, 0.007967, 0.007967, 0.000000, 0.000000, 0.988167, 33.829197
0.299794, 0.197489, 0.008453, 0.008453, 0.000000, 0.000000, 0.988167, 33.848961
0.103567, 0.188097, 0.008051, 0.008051, 0.000000, 0.000000, 0.988167, 33.868725
0.138395, 0.183127, 0.007839, 0.007839, 0.000000, 0.000000, 0.988167, 33.888489
0.149958, 0.179810, 0.007697, 0.007697, 0.000000, 0.000000, 0.988167, 33.908253
0.253315, 0.187161, 0.008011, 0.008011, 0.000000, 0.000000, 0.988167, 33.928017
0.241801, 0.192625, 0.008245, 0.008245, 0.000000, 0.000000, 0.988167, 33.947781
0.023108, 0.175673, 0.007520, 0.007520, 0.000000, 0.000000, 0.988167, 33.967545
0.092357, 0.167341, 0.007163, 0.007163, 0.000000, 0.000000, 0.988167, 33.987309
0.276455, 0.178253, 0.007630, 0.007630, 0.000000, 0.000000, 0.988167, 34.007072
0.092786, 0.169706, 0.007264, 0.007264, 0.000000, 0.000000, 0.988167, 34.026836
0.011491, 0.153885, 0.006587, 0.006587, 0.000000, 0.000000, 0.988167, 34.046600
-0.115562, 0.126940, 0.005434, 0.005434, 0.000000, 0.000000, 0.988167, 34.066364
0.276510, 0.141897, 0.006074, 0.006074, 0.000000, 0.000000, 0.988167, 34.086128
